sample_index,paper_id,record_id,_stage,_stratum,kind,relevance,granularity,is_model_result,in_series,figure_number,fig_docling_index,panel,series_name,coordinate,measurand,n_points,has_context_conflicts,created_by_granularity_migration,has_pressure,has_temperature,has_pulse_time,has_purge_time,has_cycle_count,has_geometry
1,10.1002_admi.202000318,10.1002_admi.202000318-1d-S3-P003,quota_per_paper,condition_axis|experimental,series_member_experiment,experimental,single,False,10.1002_admi.202000318-1d-S3,1,1,d,,deposition_temperature,growth_per_cycle,1,False,True,True,True,False,False,False,False
2,10.1002_admi.202000318,10.1002_admi.202000318-6a-S4-P023,quota_per_paper,condition_axis|experimental,series_member_experiment,experimental,single,False,10.1002_admi.202000318-6a-S4,6,6,a,ozone exposure time: 100s Ozone,site_density,intensity,1,False,True,True,True,False,False,False,False
3,10.1002_admi.202000318,10.1002_admi.202000318-6a-S5-P000,proportional,condition_axis|experimental,series_member_experiment,experimental,single,False,10.1002_admi.202000318-6a-S5,6,6,a,ozone exposure time: 60s Ozone,site_density,intensity,1,False,True,True,True,False,False,False,False
4,10.1002_admi.202000318,10.1002_admi.202000318-6a-S6-P010,proportional,condition_axis|experimental,series_member_experiment,experimental,single,False,10.1002_admi.202000318-6a-S6,6,6,a,ozone exposure time: 20s Ozone,site_density,intensity,1,False,True,True,True,False,False,False,False
5,10.1002_admi.202000318,10.1002_admi.202000318-F2a-5,proportional,correlation_record|experimental,correlation_record,experimental,correlation,False,,2,2,a,ozone exposure time: 60s Ozone,angle,oxygen_iron_ratio,4,False,False,True,True,False,False,False,False
6,10.1002_celc.201600139,10.1002_celc.201600139-1b-S0-P002,proportional,condition_axis|experimental,series_member_experiment,experimental,single,False,10.1002_celc.201600139-1b-S0,1,4,b,precursor: LTB:H2S,cycle_number,Mass,1,False,True,False,True,False,False,True,False
7,10.1002_celc.201600139,10.1002_celc.201600139-1b-S0-P018,proportional,condition_axis|experimental,series_member_experiment,experimental,single,False,10.1002_celc.201600139-1b-S0,1,4,b,precursor: LTB:H2S,cycle_number,Mass,1,False,True,False,True,False,False,True,False
8,10.1002_celc.201600139,10.1002_celc.201600139-1b-S1-P022,proportional,condition_axis|experimental,series_member_experiment,experimental,single,False,10.1002_celc.201600139-1b-S1,1,4,b,precursor: TDMAAl:H2S,cycle_number,Mass,1,False,True,False,True,False,False,True,False
9,10.1002_celc.201600139,10.1002_celc.201600139-1b-S1-P030,proportional,condition_axis|experimental,series_member_experiment,experimental,single,False,10.1002_celc.201600139-1b-S1,1,4,b,precursor: TDMAAl:H2S,cycle_number,Mass,1,False,True,False,True,False,False,True,False
10,10.1002_celc.201600139,10.1002_celc.201600139-3d-S7-P000,proportional,condition_axis|experimental,series_member_experiment,experimental,single,False,10.1002_celc.201600139-3d-S7,3,10,d,electrode: Li_xAl_yS coated Cu,cycle_number,Hysteresis,1,False,True,False,False,False,False,True,False
11,10.1002_celc.201600139,10.1002_celc.201600139-4a-S8-P005,quota_per_paper,condition_axis|experimental,series_member_experiment,experimental,single,False,10.1002_celc.201600139-4a-S8,4,11,a,substrate: Pristine Cu,cycle_number,Coulombic Efficiency,1,False,True,False,False,False,False,True,False
12,10.1002_celc.201600139,10.1002_celc.201600139-4a-S9-P002,quota_per_paper,condition_axis|experimental,series_member_experiment,experimental,single,False,10.1002_celc.201600139-4a-S9,4,11,a,substrate: Li_xAl_yS coated Cu,cycle_number,Coulombic Efficiency,1,False,True,False,False,False,False,True,False
13,10.1002_cnma.201700148,10.1002_cnma.201700148-paper-0,quota_per_paper,paper_level_record|experimental,paper_level_record,experimental,single,False,,,,,,,growth_per_cycle,0,False,False,False,True,False,False,False,False
14,10.1002_pssa.201532305,10.1002_pssa.201532305-10a-S12-P028,proportional,condition_axis|experimental,series_member_experiment,experimental,single,False,10.1002_pssa.201532305-10a-S12,10,13,a,,cycle_number,film_thickness,1,True,True,True,True,False,False,True,False
15,10.1002_pssa.201532305,10.1002_pssa.201532305-10a-S12-P032,quota_per_paper,condition_axis|experimental,series_member_experiment,experimental,single,False,10.1002_pssa.201532305-10a-S12,10,13,a,,cycle_number,film_thickness,1,True,True,True,True,False,False,True,False
16,10.1002_pssa.201532305,10.1002_pssa.201532305-10a-S12-P039,proportional,condition_axis|experimental,series_member_experiment,experimental,single,False,10.1002_pssa.201532305-10a-S12,10,13,a,,cycle_number,film_thickness,1,True,True,True,True,False,False,True,False
17,10.1002_pssa.201532305,10.1002_pssa.201532305-4a-S0-P008,proportional,condition_axis|experimental,series_member_experiment,experimental,single,False,10.1002_pssa.201532305-4a-S0,4,6,a,hot-wire temperature: 1800 °C,exposure,film_thickness,1,True,True,True,True,False,False,False,False
18,10.1002_pssa.201532305,10.1002_pssa.201532305-4a-S2-P020,proportional,condition_axis|experimental,series_member_experiment,experimental,single,False,10.1002_pssa.201532305-4a-S2,4,6,a,hot-wire temperature: 1910 °C,exposure,film_thickness,1,True,True,True,True,False,False,False,False
19,10.1002_pssa.201532305,10.1002_pssa.201532305-4b-S4-P000,quota_per_paper,condition_axis|experimental,series_member_experiment,experimental,single,False,10.1002_pssa.201532305-4b-S4,4,6,b,H2 flow rate: H2 50 sccm,exposure,film_thickness,1,True,True,True,True,False,False,False,False
20,10.1002_pssa.201532305,10.1002_pssa.201532305-4b-S5-P012,proportional,condition_axis|experimental,series_member_experiment,experimental,single,False,10.1002_pssa.201532305-4b-S5,4,6,b,H2 flow rate: H2 100 sccm,exposure,film_thickness,1,True,True,True,True,False,False,False,False
21,10.1002_pssa.201532305,10.1002_pssa.201532305-4c-S6-P001,proportional,condition_axis|experimental,series_member_experiment,experimental,single,False,10.1002_pssa.201532305-4c-S6,4,6,c,WF6 flow rate: WF6 10 sccm,exposure,film_thickness,1,True,True,True,True,False,False,False,False
22,10.1002_pssa.201532305,10.1002_pssa.201532305-4d-S8-P007,proportional,condition_axis|experimental,series_member_experiment,experimental,single,False,10.1002_pssa.201532305-4d-S8,4,6,d,Ar flow rate: Ar 10 sccm,exposure,film_thickness,1,True,True,True,True,False,False,False,False
23,10.1002_pssa.201532305,10.1002_pssa.201532305-4d-S9-P017,proportional,condition_axis|experimental,series_member_experiment,experimental,single,False,10.1002_pssa.201532305-4d-S9,4,6,d,Ar flow rate: Ar 100 sccm,exposure,film_thickness,1,True,True,True,True,False,False,False,False
24,10.1007_s11671-010-9676-0,10.1007_s11671-010-9676-0-paper-0,quota_per_paper,paper_level_record|experimental,paper_level_record,experimental,single,False,,,,,,,,0,False,False,False,False,False,False,False,False
25,10.1007_s12274-010-0066-9,10.1007_s12274-010-0066-9-F1f-0,quota_per_paper,unresolved_experiment_record|experimental,unresolved_experiment_record,experimental,unresolved,False,,1,2,f,series: 200 ALD cycles,2θ,intensity,36,False,False,False,True,False,False,True,True
26,10.1016_j.jcrysgro.2017.04.019,10.1016_j.jcrysgro.2017.04.019-6a-S1-P004,proportional,condition_axis|experimental,series_member_experiment,experimental,single,False,10.1016_j.jcrysgro.2017.04.019-6a-S1,6,7,a,substrate: Si,cycle_number,film_thickness,1,False,True,True,False,False,False,True,False
27,10.1016_j.jcrysgro.2017.04.019,10.1016_j.jcrysgro.2017.04.019-6a-S2-P002,quota_per_paper,condition_axis|experimental,series_member_experiment,experimental,single,False,10.1016_j.jcrysgro.2017.04.019-6a-S2,6,7,a,substrate: SiO2,cycle_number,film_thickness,1,False,True,True,False,False,False,True,False
28,10.1016_j.jcrysgro.2017.04.019,10.1016_j.jcrysgro.2017.04.019-6a-S2-P009,quota_per_paper,condition_axis|experimental,series_member_experiment,experimental,single,False,10.1016_j.jcrysgro.2017.04.019-6a-S2,6,7,a,substrate: SiO2,cycle_number,film_thickness,1,False,True,True,False,False,False,True,False
29,10.1016_j.matt.2019.12.026,10.1016_j.matt.2019.12.026-paper-0,quota_per_paper,paper_level_record|experimental,paper_level_record,experimental,single,False,,,,,,,,0,False,False,False,False,False,False,False,False
30,10.1016_j.mee.2018.01.027,10.1016_j.mee.2018.01.027-F4b-0,quota_per_paper,unresolved_experiment_record|experimental,unresolved_experiment_record,experimental,unresolved,False,,4,3,b,series: 9th Talbot Order,visibility,count,20,True,False,True,True,False,False,False,True
31,10.1016_j.mee.2018.01.027,10.1016_j.mee.2018.01.027-F4c-1,quota_per_paper,unresolved_experiment_record|experimental,unresolved_experiment_record,experimental,unresolved,False,,4,3,c,series: 13th Talbot Order,visibility,count,21,True,False,True,True,False,False,False,True
32,10.1016_j.mee.2018.01.033,10.1016_j.mee.2018.01.033-paper-0,quota_per_paper,paper_level_record|experimental,paper_level_record,experimental,single,False,,,,,,,,0,True,False,False,False,False,False,False,True
33,10.1016_j.sse.2022.108584,10.1016_j.sse.2022.108584-5b-S1-P002,proportional,condition_axis|model,series_member_experiment,model,single,True,10.1016_j.sse.2022.108584-5b-S1,5,7,b,parameter: theta_sat,deposition_temperature,pulse_time,1,True,True,False,True,False,False,False,True
34,10.1016_j.sse.2022.108584,10.1016_j.sse.2022.108584-5b-S1-P008,quota_per_paper,condition_axis|model,series_member_experiment,model,single,True,10.1016_j.sse.2022.108584-5b-S1,5,7,b,parameter: theta_sat,deposition_temperature,pulse_time,1,True,True,False,True,False,False,False,True
35,10.1016_j.sse.2022.108584,10.1016_j.sse.2022.108584-F5a-12,proportional,unresolved_experiment_record|model,unresolved_experiment_record,model,unresolved,True,,5,7,a,parameter: beta_0,1/T,ln(beta_0),8,True,False,False,False,False,False,False,True
36,10.1016_j.sse.2022.108584,10.1016_j.sse.2022.108584-F7a-25,quota_per_paper,coordinate_axis|model,profile_experiment,model,profile,True,,7,9,a,"initial opening d: Bosanquet, d = 2.0 µm",spatial_coordinate,film_thickness,13,True,False,False,False,False,False,False,True
37,10.1016_j.tsf.2012.11.127,10.1016_j.tsf.2012.11.127-2a-S0-P001,quota_per_paper,condition_axis|experimental,series_member_experiment,experimental,single,False,10.1016_j.tsf.2012.11.127-2a-S0,2,1,a,series: Thickness,cycle_number,film_thickness,1,False,True,False,True,False,False,True,False
38,10.1016_j.tsf.2012.11.127,10.1016_j.tsf.2012.11.127-F4a-5,proportional,correlation_record|experimental,correlation_record,experimental,correlation,False,,4,3,a,Fe content: Fe:Zr 1:200,wavelength,Psi,24,False,False,False,True,False,False,False,False
39,10.1016_j.tsf.2012.11.127,10.1016_j.tsf.2012.11.127-F5b-20,quota_per_paper,unresolved_experiment_record|experimental,unresolved_experiment_record,experimental,unresolved,False,,5,4,b,condition: t-ZrO2,2θ,intensity,29,False,False,False,True,False,False,False,False
40,10.1021_acs.chemmater.2c01154,10.1021_acs.chemmater.2c01154-7a-S1-P003,proportional,condition_axis|experimental,series_member_experiment,experimental,single,False,10.1021_acs.chemmater.2c01154-7a-S1,7,16,a,H2 flow ratio: 0.20,cycle_number,film_thickness,1,True,True,True,True,False,False,True,False
41,10.1021_acs.chemmater.2c01154,10.1021_acs.chemmater.2c01154-7a-S1-P011,proportional,condition_axis|experimental,series_member_experiment,experimental,single,False,10.1021_acs.chemmater.2c01154-7a-S1,7,16,a,H2 flow ratio: 0.20,cycle_number,film_thickness,1,True,True,True,True,False,False,True,False
42,10.1021_acs.chemmater.2c01154,10.1021_acs.chemmater.2c01154-7a-S4-P001,proportional,condition_axis|experimental,series_member_experiment,experimental,single,False,10.1021_acs.chemmater.2c01154-7a-S4,7,16,a,H2 flow ratio: 0.80,cycle_number,film_thickness,1,True,True,True,True,False,False,True,False
43,10.1021_acs.chemmater.2c01154,10.1021_acs.chemmater.2c01154-8a-S15-P001,proportional,condition_axis|experimental,series_member_experiment,experimental,single,False,10.1021_acs.chemmater.2c01154-8a-S15,8,17,a,H2 flow ratio: 0.65,deposition_temperature,resistivity,1,True,True,True,True,False,False,False,False
44,10.1021_acs.chemmater.2c01154,10.1021_acs.chemmater.2c01154-8a-S16-P002,quota_per_paper,condition_axis|experimental,series_member_experiment,experimental,single,False,10.1021_acs.chemmater.2c01154-8a-S16,8,17,a,H2 flow ratio: 0.80,deposition_temperature,resistivity,1,True,True,True,True,False,False,False,False
45,10.1021_acs.chemmater.2c01154,10.1021_acs.chemmater.2c01154-F1b-10,quota_per_paper,unresolved_experiment_record|experimental,unresolved_experiment_record,experimental,unresolved,False,,1,10,b,number of cycles: 50 cyc (4.8 nm),Raman shift,intensity,11,True,False,True,True,False,False,False,False
46,10.1021_acs.chemmater.2c01154,10.1021_acs.chemmater.2c01154-F4a-18,proportional,single_experiment|experimental,single_experiment,experimental,single,False,,4,13,a,deposition_temperature: 300 °C,H2 flow ratio,XPS S/Mo ratio,1,True,False,True,True,False,False,False,False
47,10.1021_acs.chemmater.2c02292,10.1021_acs.chemmater.2c02292-4c-S5-P003,quota_per_paper,condition_axis|experimental,series_member_experiment,experimental,single,False,10.1021_acs.chemmater.2c02292-4c-S5,4,4,c,sample state: Annealed,site_density,intensity,1,False,True,False,False,False,False,False,False
48,10.1021_acs.chemmater.2c02292,10.1021_acs.chemmater.2c02292-4c-S5-P022,proportional,condition_axis|experimental,series_member_experiment,experimental,single,False,10.1021_acs.chemmater.2c02292-4c-S5,4,4,c,sample state: Annealed,site_density,intensity,1,False,True,False,False,False,False,False,False
49,10.1021_acs.chemmater.2c02292,10.1021_acs.chemmater.2c02292-4c-S5-P027,proportional,condition_axis|experimental,series_member_experiment,experimental,single,False,10.1021_acs.chemmater.2c02292-4c-S5,4,4,c,sample state: Annealed,site_density,intensity,1,False,True,False,False,False,False,False,False
50,10.1021_acs.chemmater.2c02292,10.1021_acs.chemmater.2c02292-4c-S5-P034,proportional,condition_axis|experimental,series_member_experiment,experimental,single,False,10.1021_acs.chemmater.2c02292-4c-S5,4,4,c,sample state: Annealed,site_density,intensity,1,False,True,False,False,False,False,False,False
51,10.1021_acs.chemmater.2c02292,10.1021_acs.chemmater.2c02292-5b-S11-P001,quota_per_paper,condition_axis|experimental,series_member_experiment,experimental,single,False,10.1021_acs.chemmater.2c02292-5b-S11,5,5,b,coreactant: Methanol,pulse_time,growth_per_cycle,1,False,True,False,False,True,False,False,False
52,10.1021_acs.chemmater.2c02292,10.1021_acs.chemmater.2c02292-F4d-21,proportional,correlation_record|experimental,correlation_record,experimental,correlation,False,,4,4,d,data type: Fit,recombination_probability,G(r),36,False,False,False,False,False,False,False,False
53,10.1021_acs.jpcc.9b08176,10.1021_acs.jpcc.9b08176-1b-S1-P005,proportional,condition_axis|model,series_member_experiment,model,single,True,10.1021_acs.jpcc.9b08176-1b-S1,1,6,b,surface recombination probability: r=10^-4,aspect_ratio,film_density,1,True,True,True,True,False,False,False,True
54,10.1021_acs.jpcc.9b08176,10.1021_acs.jpcc.9b08176-1c-S4-P007,quota_per_paper,condition_axis|model,series_member_experiment,model,single,True,10.1021_acs.jpcc.9b08176-1c-S4,1,6,c,exposure time: t=10^0,aspect_ratio,film_density,1,True,True,True,True,False,False,False,True
55,10.1021_acs.jpcc.9b08176,10.1021_acs.jpcc.9b08176-1c-S6-P013,proportional,condition_axis|model,series_member_experiment,model,single,True,10.1021_acs.jpcc.9b08176-1c-S6,1,6,c,exposure time: t=10^2,aspect_ratio,film_density,1,True,True,True,True,False,False,False,True
56,10.1021_acs.jpcc.9b08176,10.1021_acs.jpcc.9b08176-1c-S8-P009,proportional,condition_axis|model,series_member_experiment,model,single,True,10.1021_acs.jpcc.9b08176-1c-S8,1,6,c,exposure time: t=10^4,aspect_ratio,film_density,1,True,True,True,True,False,False,False,True
57,10.1021_acs.jpcc.9b08176,10.1021_acs.jpcc.9b08176-1c-S8-P011,quota_per_paper,condition_axis|model,series_member_experiment,model,single,True,10.1021_acs.jpcc.9b08176-1c-S8,1,6,c,exposure time: t=10^4,aspect_ratio,film_density,1,True,True,True,True,False,False,False,True
58,10.1021_acs.jpcc.9b08176,10.1021_acs.jpcc.9b08176-F2a-12,proportional,single_experiment|experimental,single_experiment,experimental,single,False,,2,7,a,,pulse_time,penetration_depth,1,True,False,True,True,False,False,False,True
59,10.1039_c5tc03561a,10.1039_c5tc03561a-2a-S0-P001,quota_per_paper,condition_axis|experimental,series_member_experiment,experimental,single,False,10.1039_c5tc03561a-2a-S0,2,7,a,,deposition_temperature,growth_per_cycle,1,False,True,False,True,False,False,False,True
60,10.1039_c5tc03561a,10.1039_c5tc03561a-3a-S2-P001,proportional,condition_axis|experimental,series_member_experiment,experimental,single,False,10.1039_c5tc03561a-3a-S2,3,8,a,,exposure,film_thickness,1,False,True,False,False,False,False,True,True
61,10.1039_c5tc03561a,10.1039_c5tc03561a-F8a-13,quota_per_paper,correlation_record|experimental,correlation_record,experimental,correlation,False,,8,13,a,,voltage,leakage_current_density,47,False,False,False,False,False,False,False,True
62,10.1039_c6dt03571j,10.1039_c6dt03571j-5b-S1-P000,quota_per_paper,condition_axis|experimental,series_member_experiment,experimental,single,False,10.1039_c6dt03571j-5b-S1,5,6,b,,cycle_number,film_thickness,1,False,True,False,True,False,True,True,False
63,10.1039_c6dt03571j,10.1039_c6dt03571j-F6a-10,proportional,unresolved_experiment_record|experimental,unresolved_experiment_record,experimental,unresolved,False,,6,7,a,temperature: 300°C,2θ,intensity,15,False,False,False,True,False,True,False,False
64,10.1039_c6dt03571j,10.1039_c6dt03571j-F8a-18,quota_per_paper,unresolved_experiment_record|experimental,unresolved_experiment_record,experimental,unresolved,False,,8,9,a,sample condition: Sputtered,Binding Energy,intensity,33,False,False,False,True,False,True,False,False
65,10.1039_c7ra07722j,10.1039_c7ra07722j-2-S3-P001,quota_per_paper,condition_axis|experimental,series_member_experiment,experimental,single,False,10.1039_c7ra07722j-2-S3,2,4,,,pulse_time,growth_per_cycle,1,False,True,True,True,True,False,False,True
66,10.1039_c7ra07722j,10.1039_c7ra07722j-3a-S7-P008,proportional,condition_axis|experimental,series_member_experiment,experimental,single,False,10.1039_c7ra07722j-3a-S7,3,5,a,process and temperature: Plasma 200 °C,cycle_number,film_thickness,1,False,True,True,False,False,False,True,True
67,10.1039_c7ra07722j,10.1039_c7ra07722j-3b-S10-P002,proportional,condition_axis|experimental,series_member_experiment,experimental,single,False,10.1039_c7ra07722j-3b-S10,3,5,b,"measurement method and process: SE, thermal",deposition_temperature,growth_per_cycle,1,False,True,True,True,False,False,False,True
68,10.1039_c7ra07722j,10.1039_c7ra07722j-5a-S13-P023,proportional,condition_axis|experimental,series_member_experiment,experimental,single,False,10.1039_c7ra07722j-5a-S13,5,7,a,plasma exposure time: 3 s plasma,cycle_number,film_thickness,1,False,True,True,True,False,False,True,True
69,10.1039_c7ra07722j,10.1039_c7ra07722j-5a-S13-P036,proportional,condition_axis|experimental,series_member_experiment,experimental,single,False,10.1039_c7ra07722j-5a-S13,5,7,a,plasma exposure time: 3 s plasma,cycle_number,film_thickness,1,False,True,True,True,False,False,True,True
70,10.1039_c7ra07722j,10.1039_c7ra07722j-5a-S13-P040,proportional,condition_axis|experimental,series_member_experiment,experimental,single,False,10.1039_c7ra07722j-5a-S13,5,7,a,plasma exposure time: 3 s plasma,cycle_number,film_thickness,1,False,True,True,True,False,False,True,True
71,10.1039_c7ra07722j,10.1039_c7ra07722j-5a-S14-P004,proportional,condition_axis|experimental,series_member_experiment,experimental,single,False,10.1039_c7ra07722j-5a-S14,5,7,a,plasma exposure time: 5 s plasma,cycle_number,film_thickness,1,False,True,True,True,False,False,True,True
72,10.1039_c7ra07722j,10.1039_c7ra07722j-F6b-22,quota_per_paper,unresolved_experiment_record|experimental,unresolved_experiment_record,experimental,unresolved,False,,6,8,b,,Binding energy,intensity,13,False,False,True,True,False,False,False,True
73,10.1039_d0cp03358h,10.1039_d0cp03358h-F10b-43,quota_per_paper,coordinate_axis|model,profile_experiment,model,profile,True,,10,18,b,channel height: 100 nm,spatial_coordinate,growth_per_cycle,14,True,False,False,True,True,False,True,True
74,10.1039_d0cp03358h,10.1039_d0cp03358h-F10e-59,proportional,coordinate_axis|model,profile_experiment,model,profile,True,,10,18,e,number of cycles: 250 cycles,spatial_coordinate,growth_per_cycle,10,True,False,False,True,True,False,True,True
75,10.1039_d0cp03358h,10.1039_d0cp03358h-F8b-19,quota_per_paper,coordinate_axis|experimental,profile_experiment,experimental,profile,False,,8,14,b,sample: Sample 12,spatial_coordinate,film_thickness,31,True,False,False,True,False,False,True,True
76,10.1039_d0cp03358h,10.1039_d0cp03358h-F9b-25,proportional,coordinate_axis|experimental,profile_experiment,experimental,profile,False,,9,16,b,channel height: 2000 nm,spatial_coordinate,growth_per_cycle,11,True,False,False,True,False,False,True,True
77,10.1039_d3dt01824e,10.1039_d3dt01824e-3a-S2-P000,proportional,condition_axis|experimental,series_member_experiment,experimental,single,False,10.1039_d3dt01824e-3a-S2,3,6,a,substrate: Si,pulse_time,growth_per_cycle,1,False,True,False,True,True,False,True,True
78,10.1039_d3dt01824e,10.1039_d3dt01824e-4a-S5-P001,quota_per_paper,condition_axis|experimental,series_member_experiment,experimental,single,False,10.1039_d3dt01824e-4a-S5,4,7,a,substrate: SiO2,deposition_temperature,growth_per_cycle,1,False,True,False,True,False,False,False,True
79,10.1039_d3dt01824e,10.1039_d3dt01824e-F8a-10,quota_per_paper,unresolved_experiment_record|experimental,unresolved_experiment_record,experimental,unresolved,False,,8,11,a,etching time: ET=0 min,Binding energy,intensity,20,False,False,False,True,False,False,True,True
80,10.1039_d3ra05217f,10.1039_d3ra05217f-3a-S1-P011,proportional,condition_axis|experimental,series_member_experiment,experimental,single,False,10.1039_d3ra05217f-3a-S1,3,7,a,precursor: Y(EtCp)3,temperature,Weight,1,False,True,True,True,False,False,False,False
81,10.1039_d3ra05217f,10.1039_d3ra05217f-3a-S1-P013,proportional,condition_axis|experimental,series_member_experiment,experimental,single,False,10.1039_d3ra05217f-3a-S1,3,7,a,precursor: Y(EtCp)3,temperature,Weight,1,False,True,True,True,False,False,False,False
82,10.1039_d3ra05217f,10.1039_d3ra05217f-3b-S6-P003,proportional,condition_axis|experimental,series_member_experiment,experimental,single,False,10.1039_d3ra05217f-3b-S6,3,7,b,precursor: Y(EtCp)3,temperature,Heat flow,1,False,True,False,True,False,False,False,False
83,10.1039_d3ra05217f,10.1039_d3ra05217f-8a-S7-P029,quota_per_paper,condition_axis|experimental,series_member_experiment,experimental,single,False,10.1039_d3ra05217f-8a-S7,8,14,a,,bias_voltage,capacitance,1,False,True,False,True,False,False,False,False
84,10.1039_d3ra05217f,10.1039_d3ra05217f-8a-S7-P034,quota_per_paper,condition_axis|experimental,series_member_experiment,experimental,single,False,10.1039_d3ra05217f-8a-S7,8,14,a,,bias_voltage,capacitance,1,False,True,False,True,False,False,False,False
85,10.1039_d3ra05217f,10.1039_d3ra05217f-8a-S7-P046,proportional,condition_axis|experimental,series_member_experiment,experimental,single,False,10.1039_d3ra05217f-8a-S7,8,14,a,,bias_voltage,capacitance,1,False,True,False,True,False,False,False,False
86,10.1039_d3ra05217f,10.1039_d3ra05217f-8a-S7-P047,proportional,condition_axis|experimental,series_member_experiment,experimental,single,False,10.1039_d3ra05217f-8a-S7,8,14,a,,bias_voltage,capacitance,1,False,True,False,True,False,False,False,False
87,10.1039_d3ra05217f,10.1039_d3ra05217f-F6b-14,proportional,unresolved_experiment_record|experimental,unresolved_experiment_record,experimental,unresolved,False,,6,11,b,element: C1s,Etching time,Atomic %,12,False,False,False,True,False,False,False,False
88,10.1063_1.4867469,10.1063_1.4867469-F1c-1,quota_per_paper,unresolved_experiment_record|experimental,unresolved_experiment_record,experimental,unresolved,False,,1,6,c,sample condition: 3 nm BTO as-deposited,binding_energy,Counts,30,False,False,False,True,False,False,False,False
89,10.1063_1.4867469,10.1063_1.4867469-F2a-3,quota_per_paper,unresolved_experiment_record|experimental,unresolved_experiment_record,experimental,unresolved,False,,2,7,a,series: BTO/STO/Si,2θ,intensity,46,False,False,False,True,False,False,False,False
90,10.1063_1.5028178,10.1063_1.5028178-5a-S0-P007,quota_per_paper,condition_axis|model,series_member_experiment,model,single,True,10.1063_1.5028178-5a-S0,5,13,a,model: Gordon model,pulse_time,penetration_depth,1,True,True,True,True,True,False,False,True
91,10.1063_1.5028178,10.1063_1.5028178-5a-S1-P019,proportional,condition_axis|model,series_member_experiment,model,single,True,10.1063_1.5028178-5a-S1,5,13,a,model: Approximation,pulse_time,penetration_depth,1,True,True,True,True,True,False,False,True
92,10.1063_1.5028178,10.1063_1.5028178-F4a-11,quota_per_paper,coordinate_axis|model,profile_experiment,model,profile,True,,4,12,a,channel height: 0.2 µm,spatial_coordinate,film_thickness,13,True,False,True,True,True,False,True,True
93,10.1063_1.5028178,10.1063_1.5028178-F4a-8,proportional,coordinate_axis|model,profile_experiment,model,profile,True,,4,12,a,channel height: H= 2 µm,spatial_coordinate,film_thickness,25,True,False,True,True,True,False,True,True
94,10.1116_1.4892385,10.1116_1.4892385-F2a-1,quota_per_paper,coordinate_axis|model,profile_experiment,model,profile,True,,2,8,a,precursor density: 4·10^22 m^-3,spatial_coordinate,surface_coverage,21,False,False,True,True,True,False,True,True
95,10.1116_1.4892385,10.1116_1.4892385-F5a-4,quota_per_paper,coordinate_axis|experimental,profile_experiment,experimental,profile,False,,5,12,a,"precursor density: calculated coating profile for n_P(t,z=0) = 1.0 · 10²⁰ m⁻³ and β₀ = 2 · 10⁻⁴",spatial_coordinate,film_thickness,51,False,False,True,True,True,False,True,True
96,10.1116_1.4938104,10.1116_1.4938104-12b-S4-P009,quota_per_paper,condition_axis|experimental,series_member_experiment,experimental,single,False,10.1116_1.4938104-12b-S4,12,22,b,material: paper,exposure,C/C0,1,False,True,False,False,False,False,False,False
97,10.1116_1.4938104,10.1116_1.4938104-12b-S7-P000,quota_per_paper,condition_axis|experimental,series_member_experiment,experimental,single,False,10.1116_1.4938104-12b-S7,12,22,b,material: Ir/TiO2/cellulose,exposure,C/C0,1,False,True,False,False,False,False,False,False
98,10.1116_1.4938104,10.1116_1.4938104-4d-S1-P000,proportional,condition_axis|experimental,series_member_experiment,experimental,single,False,10.1116_1.4938104-4d-S1,4,9,d,"substrate and ALD temperature: Cotton Fibers, 60 °C",cycle_number,Water Contact Angle,1,False,True,False,False,False,False,True,False
99,10.1116_1.4938104,10.1116_1.4938104-4d-S3-P005,proportional,condition_axis|experimental,series_member_experiment,experimental,single,False,10.1116_1.4938104-4d-S3,4,9,d,substrate and ALD temperature: Cellulose Films,cycle_number,Water Contact Angle,1,False,True,False,False,False,False,True,False
100,10.1116_6.0002154,10.1116_6.0002154-3a-S0-P000,proportional,condition_axis|experimental,series_member_experiment,experimental,single,False,10.1116_6.0002154-3a-S0,3,17,a,,temperature,Weight,1,False,True,True,True,True,False,False,False
101,10.1116_6.0002154,10.1116_6.0002154-3a-S0-P004,proportional,condition_axis|experimental,series_member_experiment,experimental,single,False,10.1116_6.0002154-3a-S0,3,17,a,,temperature,Weight,1,False,True,True,True,True,False,False,False
102,10.1116_6.0002154,10.1116_6.0002154-3a-S0-P009,quota_per_paper,condition_axis|experimental,series_member_experiment,experimental,single,False,10.1116_6.0002154-3a-S0,3,17,a,,temperature,Weight,1,False,True,True,True,True,False,False,False
103,10.1116_6.0002154,10.1116_6.0002154-3a-S0-P017,quota_per_paper,condition_axis|experimental,series_member_experiment,experimental,single,False,10.1116_6.0002154-3a-S0,3,17,a,,temperature,Weight,1,False,True,True,True,True,False,False,False
104,10.1116_6.0002436,10.1116_6.0002436-1b-S1-P003,quota_per_paper,condition_axis|experimental,series_member_experiment,experimental,single,False,10.1116_6.0002436-1b-S1,1,17,b,series: SUP,pulse_time,SUP,1,False,True,True,True,True,False,False,False
105,10.1116_6.0002436,10.1116_6.0002436-2a-S4-P002,proportional,condition_axis|experimental,series_member_experiment,experimental,single,False,10.1116_6.0002436-2a-S4,2,18,a,position: Middle GPC,deposition_temperature,growth_per_cycle,1,False,True,True,True,False,False,False,False
106,10.1116_6.0002436,10.1116_6.0002436-F5a-15,proportional,unresolved_experiment_record|experimental,unresolved_experiment_record,experimental,unresolved,False,,5,23,a,sample: 100°C (O 1s A),Binding Energy,Counts/s,19,False,False,True,False,False,False,False,False
107,10.1116_6.0002436,10.1116_6.0002436-F5a-16,quota_per_paper,unresolved_experiment_record|experimental,unresolved_experiment_record,experimental,unresolved,False,,5,23,a,sample: 100°C (O 1s C),Binding Energy,Counts/s,10,False,False,True,False,False,False,False,False
108,10.1116_6.0002804,10.1116_6.0002804-1a-S0-P005,proportional,condition_axis|experimental,series_member_experiment,experimental,single,False,10.1116_6.0002804-1a-S0,1,17,a,,pulse_time,growth_per_cycle,1,False,True,False,True,True,False,False,False
109,10.1116_6.0002804,10.1116_6.0002804-1b-S1-P009,proportional,condition_axis|experimental,series_member_experiment,experimental,single,False,10.1116_6.0002804-1b-S1,1,17,b,,pulse_time,growth_per_cycle,1,False,True,False,True,True,False,False,False
110,10.1116_6.0002804,10.1116_6.0002804-3a-S8-P001,quota_per_paper,condition_axis|experimental,series_member_experiment,experimental,single,False,10.1116_6.0002804-3a-S8,3,20,a,series: Thickness,cycle_number,film_thickness,1,False,True,False,False,False,False,True,False
111,10.1116_6.0002804,10.1116_6.0002804-5-S14-P002,proportional,condition_axis|experimental,series_member_experiment,experimental,single,False,10.1116_6.0002804-5-S14,5,23,,element: O,deposition_temperature,Concentration (atoms/cm^3),1,False,True,False,True,False,False,False,False
112,10.1116_6.0002804,10.1116_6.0002804-5-S9-P002,quota_per_paper,condition_axis|experimental,series_member_experiment,experimental,single,False,10.1116_6.0002804-5-S9,5,23,,,deposition_temperature,Composition (at%),1,False,True,False,True,False,False,False,False
113,10.1186_s11671-015-0872-9,10.1186_s11671-015-0872-9-F3a-0,quota_per_paper,unresolved_experiment_record|experimental,unresolved_experiment_record,experimental,unresolved,False,,3,4,a,series: XRD profile,2 Theta,intensity,51,True,False,True,True,True,True,False,True
114,10.3762_bjnano.14.89,10.3762_bjnano.14.89-4a-S1-P005,proportional,condition_axis|experimental,series_member_experiment,experimental,single,False,10.3762_bjnano.14.89-4a-S1,4,5,a,,cycle_number,growth_per_cycle,1,False,True,False,True,True,False,True,False
115,10.3762_bjnano.14.89,10.3762_bjnano.14.89-7a-S4-P008,proportional,condition_axis|experimental,series_member_experiment,experimental,single,False,10.3762_bjnano.14.89-7a-S4,7,8,a,,deposition_temperature,impurity_content,1,False,True,False,True,True,False,False,False
116,10.3762_bjnano.14.89,10.3762_bjnano.14.89-F10b-19,quota_per_paper,unresolved_experiment_record|experimental,unresolved_experiment_record,experimental,unresolved,False,,10,11,b,deposition temperature: 500 °C,binding energy,intensity,12,False,False,False,True,True,False,False,False
117,10.3762_bjnano.14.89,10.3762_bjnano.14.89-F8a-14,quota_per_paper,unresolved_experiment_record|experimental,unresolved_experiment_record,experimental,unresolved,False,,8,9,a,growth temperature: 225 °C,2Θ,intensity,9,False,False,False,True,True,False,False,False
118,10.3762_bjnano.5.25,10.3762_bjnano.5.25-F3c-4,quota_per_paper,coordinate_axis|model,profile_experiment,model,profile,True,,3,3,c,exposure time: 10ms,spatial_coordinate,growth_per_cycle,7,False,False,False,False,True,False,False,True
119,10.3762_bjnano.5.25,10.3762_bjnano.5.25-F5b-33,quota_per_paper,coordinate_axis|model,profile_experiment,model,profile,True,,5,5,b,cycle_number: 100 cycles,spatial_coordinate,film_thickness,10,False,False,False,False,False,False,True,True
120,10.3762_bjnano.5.25,10.3762_bjnano.5.25-F6b-34,proportional,coordinate_axis|experimental,profile_experiment,experimental,profile,False,,6,6,b,number of cycles: 400 cycles,spatial_coordinate,film_thickness,14,False,False,False,False,False,False,True,True
