record_id,paper_id,printed_figure_number,panel,series_label,document_section,source_pdf_page,evidence_span,run_structure,why,sample_or_run_id,classification_method,verdict,entity_kind,underlying_case_key,sample_index,sampling_stratum,current_record_kind
10.1002_admi.202000318-1d-S3-P003,10.1002_admi.202000318,1,d,,figure 1 caption + body mentions in document.md,,as a function of ozone exposure with a saturating exposure of TBF,separate_depositions,dose/purge sweep: one deposition per setting,,caption_inferred,yes,experimental_case,10.1002_admi.202000318::F1::d::0,1,condition_axis|experimental,series_member_experiment
10.1002_admi.202000318-6a-S4-P023,10.1002_admi.202000318,6,a,ozone exposure time: 100s Ozone,figure 6 caption + body mentions in document.md,,,undetermined,no explicit statement of run structure in the caption or the figure's body mentions; point count alone is not evidence,,heuristic,uncertain,unknown,10.1002_admi.202000318::F6::a::100s Ozone,2,condition_axis|experimental,series_member_experiment
10.1002_admi.202000318-6a-S5-P000,10.1002_admi.202000318,6,a,ozone exposure time: 60s Ozone,figure 6 caption + body mentions in document.md,,,undetermined,no explicit statement of run structure in the caption or the figure's body mentions; point count alone is not evidence,,heuristic,uncertain,unknown,10.1002_admi.202000318::F6::a::60s Ozone,3,condition_axis|experimental,series_member_experiment
10.1002_admi.202000318-6a-S6-P010,10.1002_admi.202000318,6,a,ozone exposure time: 20s Ozone,figure 6 caption + body mentions in document.md,,,undetermined,no explicit statement of run structure in the caption or the figure's body mentions; point count alone is not evidence,,heuristic,uncertain,unknown,10.1002_admi.202000318::F6::a::20s Ozone,4,condition_axis|experimental,series_member_experiment
10.1002_admi.202000318-F2a-5,10.1002_admi.202000318,2,a,ozone exposure time: 60s Ozone,figure 2 caption + body mentions in document.md,,,output_vs_output,both axes are measured outputs; not a swept input,,metadata_inferred,no,derived_representation,10.1002_admi.202000318::F2::a::60s Ozone,5,correlation_record|experimental,correlation_record
10.1002_celc.201600139-1b-S0-P002,10.1002_celc.201600139,1,b,precursor: LTB:H2S,figure 1 caption + body mentions in document.md,,in situ QCM measurements of Li x Al y S ALD performed at 150 8 C using (LTB-H2S)/(TDMAA,one_continuous_run,caption states the data are in-situ monitoring of a single run,,caption_inferred,no,measurement,10.1002_celc.201600139::F1::b::H2S,6,condition_axis|experimental,series_member_experiment
10.1002_celc.201600139-1b-S0-P018,10.1002_celc.201600139,1,b,precursor: LTB:H2S,figure 1 caption + body mentions in document.md,,in situ QCM measurements of Li x Al y S ALD performed at 150 8 C using (LTB-H2S)/(TDMAA,one_continuous_run,caption states the data are in-situ monitoring of a single run,,caption_inferred,no,measurement,10.1002_celc.201600139::F1::b::H2S,7,condition_axis|experimental,series_member_experiment
10.1002_celc.201600139-1b-S1-P022,10.1002_celc.201600139,1,b,precursor: TDMAAl:H2S,figure 1 caption + body mentions in document.md,,in situ QCM measurements of Li x Al y S ALD performed at 150 8 C using (LTB-H2S)/(TDMAA,one_continuous_run,caption states the data are in-situ monitoring of a single run,,caption_inferred,no,measurement,10.1002_celc.201600139::F1::b::H2S,8,condition_axis|experimental,series_member_experiment
10.1002_celc.201600139-1b-S1-P030,10.1002_celc.201600139,1,b,precursor: TDMAAl:H2S,figure 1 caption + body mentions in document.md,,in situ QCM measurements of Li x Al y S ALD performed at 150 8 C using (LTB-H2S)/(TDMAA,one_continuous_run,caption states the data are in-situ monitoring of a single run,,caption_inferred,no,measurement,10.1002_celc.201600139::F1::b::H2S,9,condition_axis|experimental,series_member_experiment
10.1002_celc.201600139-3d-S7-P000,10.1002_celc.201600139,3,d,electrode: Li_xAl_yS coated Cu,figure 3 caption + body mentions in document.md,,impedance spectra of Li/electrolyte/Li symmetric cells using both pri,one_continuous_run,electrochemical trace of a single cell,,caption_inferred,no,measurement,10.1002_celc.201600139::F3::d::Li_xAl_yS coated Cu,10,condition_axis|experimental,series_member_experiment
10.1002_celc.201600139-4a-S8-P005,10.1002_celc.201600139,4,a,substrate: Pristine Cu,figure 4 caption + body mentions in document.md,,,undetermined,no explicit statement of run structure in the caption or the figure's body mentions; point count alone is not evidence,,heuristic,uncertain,unknown,10.1002_celc.201600139::F4::a::Pristine Cu,11,condition_axis|experimental,series_member_experiment
10.1002_celc.201600139-4a-S9-P002,10.1002_celc.201600139,4,a,substrate: Li_xAl_yS coated Cu,figure 4 caption + body mentions in document.md,,,undetermined,no explicit statement of run structure in the caption or the figure's body mentions; point count alone is not evidence,,heuristic,uncertain,unknown,10.1002_celc.201600139::F4::a::Li_xAl_yS coated Cu,12,condition_axis|experimental,series_member_experiment
10.1002_cnma.201700148-paper-0,10.1002_cnma.201700148,,,,figure None caption + body mentions in document.md,,,not_a_measured_curve,paper-level fallback record created when no figure data existed,,metadata_inferred,no,derived_representation,10.1002_cnma.201700148::FNone::-::0,13,paper_level_record|experimental,paper_level_record
10.1002_pssa.201532305-10a-S12-P028,10.1002_pssa.201532305,10,a,,figure 10 caption + body mentions in document.md,,In-situ monitoring of HWALD growth in the linear regime by SE; the inset shows stepwise,one_continuous_run,caption states the data are in-situ monitoring of a single run,,caption_inferred,no,measurement,10.1002_pssa.201532305::F10::a::0,14,condition_axis|experimental,series_member_experiment
10.1002_pssa.201532305-10a-S12-P032,10.1002_pssa.201532305,10,a,,figure 10 caption + body mentions in document.md,,In-situ monitoring of HWALD growth in the linear regime by SE; the inset shows stepwise,one_continuous_run,caption states the data are in-situ monitoring of a single run,,caption_inferred,no,measurement,10.1002_pssa.201532305::F10::a::0,15,condition_axis|experimental,series_member_experiment
10.1002_pssa.201532305-10a-S12-P039,10.1002_pssa.201532305,10,a,,figure 10 caption + body mentions in document.md,,In-situ monitoring of HWALD growth in the linear regime by SE; the inset shows stepwise,one_continuous_run,caption states the data are in-situ monitoring of a single run,,caption_inferred,no,measurement,10.1002_pssa.201532305::F10::a::0,16,condition_axis|experimental,series_member_experiment
10.1002_pssa.201532305-4a-S0-P008,10.1002_pssa.201532305,4,a,hot-wire temperature: 1800 °C,figure 4 caption + body mentions in document.md,,in-situ SE) versus different deposition parameters,one_continuous_run,caption states the data are in-situ monitoring of a single run,,caption_inferred,no,measurement,10.1002_pssa.201532305::F4::a::1800 °C,17,condition_axis|experimental,series_member_experiment
10.1002_pssa.201532305-4a-S2-P020,10.1002_pssa.201532305,4,a,hot-wire temperature: 1910 °C,figure 4 caption + body mentions in document.md,,in-situ SE) versus different deposition parameters,one_continuous_run,caption states the data are in-situ monitoring of a single run,,caption_inferred,no,measurement,10.1002_pssa.201532305::F4::a::1910 °C,18,condition_axis|experimental,series_member_experiment
10.1002_pssa.201532305-4b-S4-P000,10.1002_pssa.201532305,4,b,H2 flow rate: H2 50 sccm,figure 4 caption + body mentions in document.md,,in-situ SE) versus different deposition parameters,one_continuous_run,caption states the data are in-situ monitoring of a single run,,caption_inferred,no,measurement,10.1002_pssa.201532305::F4::b::H2 50 sccm,19,condition_axis|experimental,series_member_experiment
10.1002_pssa.201532305-4b-S5-P012,10.1002_pssa.201532305,4,b,H2 flow rate: H2 100 sccm,figure 4 caption + body mentions in document.md,,in-situ SE) versus different deposition parameters,one_continuous_run,caption states the data are in-situ monitoring of a single run,,caption_inferred,no,measurement,10.1002_pssa.201532305::F4::b::H2 100 sccm,20,condition_axis|experimental,series_member_experiment
10.1002_pssa.201532305-4c-S6-P001,10.1002_pssa.201532305,4,c,WF6 flow rate: WF6 10 sccm,figure 4 caption + body mentions in document.md,,in-situ SE) versus different deposition parameters,one_continuous_run,caption states the data are in-situ monitoring of a single run,,caption_inferred,no,measurement,10.1002_pssa.201532305::F4::c::WF6 10 sccm,21,condition_axis|experimental,series_member_experiment
10.1002_pssa.201532305-4d-S8-P007,10.1002_pssa.201532305,4,d,Ar flow rate: Ar 10 sccm,figure 4 caption + body mentions in document.md,,in-situ SE) versus different deposition parameters,one_continuous_run,caption states the data are in-situ monitoring of a single run,,caption_inferred,no,measurement,10.1002_pssa.201532305::F4::d::Ar 10 sccm,22,condition_axis|experimental,series_member_experiment
10.1002_pssa.201532305-4d-S9-P017,10.1002_pssa.201532305,4,d,Ar flow rate: Ar 100 sccm,figure 4 caption + body mentions in document.md,,in-situ SE) versus different deposition parameters,one_continuous_run,caption states the data are in-situ monitoring of a single run,,caption_inferred,no,measurement,10.1002_pssa.201532305::F4::d::Ar 100 sccm,23,condition_axis|experimental,series_member_experiment
10.1007_s11671-010-9676-0-paper-0,10.1007_s11671-010-9676-0,,,,figure None caption + body mentions in document.md,,,not_a_measured_curve,paper-level fallback record created when no figure data existed,,metadata_inferred,no,derived_representation,10.1007_s11671-010-9676-0::FNone::-::0,24,paper_level_record|experimental,paper_level_record
10.1007_s12274-010-0066-9-F1f-0,10.1007_s12274-010-0066-9,1,f,series: 200 ALD cycles,figure 1 caption + body mentions in document.md,,,,record kind unresolved_experiment_record not classifiable from local evidence,,heuristic,uncertain,unknown,10.1007_s12274-010-0066-9::F1::f::200 ALD cycles,25,unresolved_experiment_record|experimental,unresolved_experiment_record
10.1016_j.jcrysgro.2017.04.019-6a-S1-P004,10.1016_j.jcrysgro.2017.04.019,6,a,substrate: Si,figure 6 caption + body mentions in document.md,,,undetermined,no explicit statement of run structure in the caption or the figure's body mentions; point count alone is not evidence,,heuristic,uncertain,unknown,10.1016_j.jcrysgro.2017.04.019::F6::a::Si,26,condition_axis|experimental,series_member_experiment
10.1016_j.jcrysgro.2017.04.019-6a-S2-P002,10.1016_j.jcrysgro.2017.04.019,6,a,substrate: SiO2,figure 6 caption + body mentions in document.md,,,undetermined,no explicit statement of run structure in the caption or the figure's body mentions; point count alone is not evidence,,heuristic,uncertain,unknown,10.1016_j.jcrysgro.2017.04.019::F6::a::SiO2,27,condition_axis|experimental,series_member_experiment
10.1016_j.jcrysgro.2017.04.019-6a-S2-P009,10.1016_j.jcrysgro.2017.04.019,6,a,substrate: SiO2,figure 6 caption + body mentions in document.md,,,undetermined,no explicit statement of run structure in the caption or the figure's body mentions; point count alone is not evidence,,heuristic,uncertain,unknown,10.1016_j.jcrysgro.2017.04.019::F6::a::SiO2,28,condition_axis|experimental,series_member_experiment
10.1016_j.matt.2019.12.026-paper-0,10.1016_j.matt.2019.12.026,,,,figure None caption + body mentions in document.md,,,not_a_measured_curve,paper-level fallback record created when no figure data existed,,metadata_inferred,no,derived_representation,10.1016_j.matt.2019.12.026::FNone::-::0,29,paper_level_record|experimental,paper_level_record
10.1016_j.mee.2018.01.027-F4b-0,10.1016_j.mee.2018.01.027,4,b,series: 9th Talbot Order,figure 4 caption + body mentions in document.md,,,,record kind unresolved_experiment_record not classifiable from local evidence,,heuristic,uncertain,unknown,10.1016_j.mee.2018.01.027::F4::b::9th Talbot Order,30,unresolved_experiment_record|experimental,unresolved_experiment_record
10.1016_j.mee.2018.01.027-F4c-1,10.1016_j.mee.2018.01.027,4,c,series: 13th Talbot Order,figure 4 caption + body mentions in document.md,,,,record kind unresolved_experiment_record not classifiable from local evidence,,heuristic,uncertain,unknown,10.1016_j.mee.2018.01.027::F4::c::13th Talbot Order,31,unresolved_experiment_record|experimental,unresolved_experiment_record
10.1016_j.mee.2018.01.033-paper-0,10.1016_j.mee.2018.01.033,,,,figure None caption + body mentions in document.md,,,not_a_measured_curve,paper-level fallback record created when no figure data existed,,metadata_inferred,no,derived_representation,10.1016_j.mee.2018.01.033::FNone::-::0,32,paper_level_record|experimental,paper_level_record
10.1016_j.sse.2022.108584-5b-S1-P002,10.1016_j.sse.2022.108584,5,b,parameter: theta_sat,figure 5 caption + body mentions in document.md,,,model_output,pipeline flags relevance=model / is_model_result,,metadata_inferred,no,simulation_run_or_profile,10.1016_j.sse.2022.108584::F5::b::theta_sat,33,condition_axis|model,series_member_experiment
10.1016_j.sse.2022.108584-5b-S1-P008,10.1016_j.sse.2022.108584,5,b,parameter: theta_sat,figure 5 caption + body mentions in document.md,,,model_output,pipeline flags relevance=model / is_model_result,,metadata_inferred,no,simulation_run_or_profile,10.1016_j.sse.2022.108584::F5::b::theta_sat,34,condition_axis|model,series_member_experiment
10.1016_j.sse.2022.108584-F5a-12,10.1016_j.sse.2022.108584,5,a,parameter: beta_0,figure 5 caption + body mentions in document.md,,,model_output,pipeline flags relevance=model / is_model_result,,metadata_inferred,no,simulation_run_or_profile,10.1016_j.sse.2022.108584::F5::a::beta_0,35,unresolved_experiment_record|model,unresolved_experiment_record
10.1016_j.sse.2022.108584-F7a-25,10.1016_j.sse.2022.108584,7,a,"initial opening d: Bosanquet, d = 2.0 µm",figure 7 caption + body mentions in document.md,,simulated structures to profiles reported by Yim and Ylivaara et al,model_output,pipeline flags relevance=model / is_model_result,,caption_inferred,no,simulation_run_or_profile,"10.1016_j.sse.2022.108584::F7::a::Bosanquet, d = 2.0 µm",36,coordinate_axis|model,profile_experiment
10.1016_j.tsf.2012.11.127-2a-S0-P001,10.1016_j.tsf.2012.11.127,2,a,series: Thickness,figure 2 caption + body mentions in document.md,,,undetermined,no explicit statement of run structure in the caption or the figure's body mentions; point count alone is not evidence,,heuristic,uncertain,unknown,10.1016_j.tsf.2012.11.127::F2::a::Thickness,37,condition_axis|experimental,series_member_experiment
10.1016_j.tsf.2012.11.127-F4a-5,10.1016_j.tsf.2012.11.127,4,a,Fe content: Fe:Zr 1:200,figure 4 caption + body mentions in document.md,,,output_vs_output,both axes are measured outputs; not a swept input,,metadata_inferred,no,derived_representation,10.1016_j.tsf.2012.11.127::F4::a::200,38,correlation_record|experimental,correlation_record
10.1016_j.tsf.2012.11.127-F5b-20,10.1016_j.tsf.2012.11.127,5,b,condition: t-ZrO2,figure 5 caption + body mentions in document.md,,,,record kind unresolved_experiment_record not classifiable from local evidence,,heuristic,uncertain,unknown,10.1016_j.tsf.2012.11.127::F5::b::t-ZrO2,39,unresolved_experiment_record|experimental,unresolved_experiment_record
10.1021_acs.chemmater.2c01154-7a-S1-P003,10.1021_acs.chemmater.2c01154,7,a,H2 flow ratio: 0.20,figure 7 caption + body mentions in document.md,,in situ SE at 150 ° Cusing different H2 flow ratios,one_continuous_run,caption states the data are in-situ monitoring of a single run,,caption_inferred,no,measurement,10.1021_acs.chemmater.2c01154::F7::a::0.20,40,condition_axis|experimental,series_member_experiment
10.1021_acs.chemmater.2c01154-7a-S1-P011,10.1021_acs.chemmater.2c01154,7,a,H2 flow ratio: 0.20,figure 7 caption + body mentions in document.md,,in situ SE at 150 ° Cusing different H2 flow ratios,one_continuous_run,caption states the data are in-situ monitoring of a single run,,caption_inferred,no,measurement,10.1021_acs.chemmater.2c01154::F7::a::0.20,41,condition_axis|experimental,series_member_experiment
10.1021_acs.chemmater.2c01154-7a-S4-P001,10.1021_acs.chemmater.2c01154,7,a,H2 flow ratio: 0.80,figure 7 caption + body mentions in document.md,,in situ SE at 150 ° Cusing different H2 flow ratios,one_continuous_run,caption states the data are in-situ monitoring of a single run,,caption_inferred,no,measurement,10.1021_acs.chemmater.2c01154::F7::a::0.80,42,condition_axis|experimental,series_member_experiment
10.1021_acs.chemmater.2c01154-8a-S15-P001,10.1021_acs.chemmater.2c01154,8,a,H2 flow ratio: 0.65,figure 8 caption + body mentions in document.md,,as a function of deposition temperature and the H 2 flow ratio,separate_depositions,growth vs temperature: one deposition per temperature,,caption_inferred,yes,experimental_case,10.1021_acs.chemmater.2c01154::F8::a::0.65,43,condition_axis|experimental,series_member_experiment
10.1021_acs.chemmater.2c01154-8a-S16-P002,10.1021_acs.chemmater.2c01154,8,a,H2 flow ratio: 0.80,figure 8 caption + body mentions in document.md,,as a function of deposition temperature and the H 2 flow ratio,separate_depositions,growth vs temperature: one deposition per temperature,,caption_inferred,yes,experimental_case,10.1021_acs.chemmater.2c01154::F8::a::0.80,44,condition_axis|experimental,series_member_experiment
10.1021_acs.chemmater.2c01154-F1b-10,10.1021_acs.chemmater.2c01154,1,b,number of cycles: 50 cyc (4.8 nm),figure 1 caption + body mentions in document.md,,,,record kind unresolved_experiment_record not classifiable from local evidence,,heuristic,uncertain,unknown,10.1021_acs.chemmater.2c01154::F1::b::50 cyc (4.8 nm),45,unresolved_experiment_record|experimental,unresolved_experiment_record
10.1021_acs.chemmater.2c01154-F4a-18,10.1021_acs.chemmater.2c01154,4,a,deposition_temperature: 300 °C,figure 4 caption + body mentions in document.md,,,,record kind single_experiment not classifiable from local evidence,,heuristic,uncertain,unknown,10.1021_acs.chemmater.2c01154::F4::a::300 °C,46,single_experiment|experimental,single_experiment
10.1021_acs.chemmater.2c02292-4c-S5-P003,10.1021_acs.chemmater.2c02292,4,c,sample state: Annealed,figure 4 caption + body mentions in document.md,,,undetermined,no explicit statement of run structure in the caption or the figure's body mentions; point count alone is not evidence,,heuristic,uncertain,unknown,10.1021_acs.chemmater.2c02292::F4::c::Annealed,47,condition_axis|experimental,series_member_experiment
10.1021_acs.chemmater.2c02292-4c-S5-P022,10.1021_acs.chemmater.2c02292,4,c,sample state: Annealed,figure 4 caption + body mentions in document.md,,,undetermined,no explicit statement of run structure in the caption or the figure's body mentions; point count alone is not evidence,,heuristic,uncertain,unknown,10.1021_acs.chemmater.2c02292::F4::c::Annealed,48,condition_axis|experimental,series_member_experiment
10.1021_acs.chemmater.2c02292-4c-S5-P027,10.1021_acs.chemmater.2c02292,4,c,sample state: Annealed,figure 4 caption + body mentions in document.md,,,undetermined,no explicit statement of run structure in the caption or the figure's body mentions; point count alone is not evidence,,heuristic,uncertain,unknown,10.1021_acs.chemmater.2c02292::F4::c::Annealed,49,condition_axis|experimental,series_member_experiment
10.1021_acs.chemmater.2c02292-4c-S5-P034,10.1021_acs.chemmater.2c02292,4,c,sample state: Annealed,figure 4 caption + body mentions in document.md,,,undetermined,no explicit statement of run structure in the caption or the figure's body mentions; point count alone is not evidence,,heuristic,uncertain,unknown,10.1021_acs.chemmater.2c02292::F4::c::Annealed,50,condition_axis|experimental,series_member_experiment
10.1021_acs.chemmater.2c02292-5b-S11-P001,10.1021_acs.chemmater.2c02292,5,b,coreactant: Methanol,figure 5 caption + body mentions in document.md,,Saturation curves for the RuO4 surface reaction and the alcohol surface react,separate_depositions,a saturation curve is one deposition per dose,,caption_inferred,yes,experimental_case,10.1021_acs.chemmater.2c02292::F5::b::Methanol,51,condition_axis|experimental,series_member_experiment
10.1021_acs.chemmater.2c02292-F4d-21,10.1021_acs.chemmater.2c02292,4,d,data type: Fit,figure 4 caption + body mentions in document.md,,,output_vs_output,both axes are measured outputs; not a swept input,,metadata_inferred,no,derived_representation,10.1021_acs.chemmater.2c02292::F4::d::Fit,52,correlation_record|experimental,correlation_record
10.1021_acs.jpcc.9b08176-1b-S1-P005,10.1021_acs.jpcc.9b08176,1,b,surface recombination probability: r=10^-4,figure 1 caption + body mentions in document.md,,"calculations, molecular /uniFB02 ow (Knudsen approximation) in trenches with AR =",model_output,pipeline flags relevance=model / is_model_result,,caption_inferred,no,simulation_run_or_profile,10.1021_acs.jpcc.9b08176::F1::b::r=10^-4,53,condition_axis|model,series_member_experiment
10.1021_acs.jpcc.9b08176-1c-S4-P007,10.1021_acs.jpcc.9b08176,1,c,exposure time: t=10^0,figure 1 caption + body mentions in document.md,,"calculations, molecular /uniFB02 ow (Knudsen approximation) in trenches with AR =",model_output,pipeline flags relevance=model / is_model_result,,caption_inferred,no,simulation_run_or_profile,10.1021_acs.jpcc.9b08176::F1::c::t=10^0,54,condition_axis|model,series_member_experiment
10.1021_acs.jpcc.9b08176-1c-S6-P013,10.1021_acs.jpcc.9b08176,1,c,exposure time: t=10^2,figure 1 caption + body mentions in document.md,,"calculations, molecular /uniFB02 ow (Knudsen approximation) in trenches with AR =",model_output,pipeline flags relevance=model / is_model_result,,caption_inferred,no,simulation_run_or_profile,10.1021_acs.jpcc.9b08176::F1::c::t=10^2,55,condition_axis|model,series_member_experiment
10.1021_acs.jpcc.9b08176-1c-S8-P009,10.1021_acs.jpcc.9b08176,1,c,exposure time: t=10^4,figure 1 caption + body mentions in document.md,,"calculations, molecular /uniFB02 ow (Knudsen approximation) in trenches with AR =",model_output,pipeline flags relevance=model / is_model_result,,caption_inferred,no,simulation_run_or_profile,10.1021_acs.jpcc.9b08176::F1::c::t=10^4,56,condition_axis|model,series_member_experiment
10.1021_acs.jpcc.9b08176-1c-S8-P011,10.1021_acs.jpcc.9b08176,1,c,exposure time: t=10^4,figure 1 caption + body mentions in document.md,,"calculations, molecular /uniFB02 ow (Knudsen approximation) in trenches with AR =",model_output,pipeline flags relevance=model / is_model_result,,caption_inferred,no,simulation_run_or_profile,10.1021_acs.jpcc.9b08176::F1::c::t=10^4,57,condition_axis|model,series_member_experiment
10.1021_acs.jpcc.9b08176-F2a-12,10.1021_acs.jpcc.9b08176,2,a,,figure 2 caption + body mentions in document.md,,,,record kind single_experiment not classifiable from local evidence,,heuristic,uncertain,unknown,10.1021_acs.jpcc.9b08176::F2::a::0,58,single_experiment|experimental,single_experiment
10.1039_c5tc03561a-2a-S0-P001,10.1039_c5tc03561a,2,a,,figure 2 caption + body mentions in document.md,,,undetermined,no explicit statement of run structure in the caption or the figure's body mentions; point count alone is not evidence,,heuristic,uncertain,unknown,10.1039_c5tc03561a::F2::a::0,59,condition_axis|experimental,series_member_experiment
10.1039_c5tc03561a-3a-S2-P001,10.1039_c5tc03561a,3,a,,figure 3 caption + body mentions in document.md,,depth profile of BaO film obtained at 210 1 C substrate temperature and 2,one_continuous_run,a depth profile is one specimen measured through its thickness,,caption_inferred,no,measurement,10.1039_c5tc03561a::F3::a::0,60,condition_axis|experimental,series_member_experiment
10.1039_c5tc03561a-F8a-13,10.1039_c5tc03561a,8,a,,figure 8 caption + body mentions in document.md,,,output_vs_output,both axes are measured outputs; not a swept input,,metadata_inferred,no,derived_representation,10.1039_c5tc03561a::F8::a::0,61,correlation_record|experimental,correlation_record
10.1039_c6dt03571j-5b-S1-P000,10.1039_c6dt03571j,5,b,,figure 5 caption + body mentions in document.md,,self-limiting growth,separate_depositions,self-limiting growth study: one deposition per dose,,caption_inferred,yes,experimental_case,10.1039_c6dt03571j::F5::b::0,62,condition_axis|experimental,series_member_experiment
10.1039_c6dt03571j-F6a-10,10.1039_c6dt03571j,6,a,temperature: 300°C,figure 6 caption + body mentions in document.md,,,,record kind unresolved_experiment_record not classifiable from local evidence,,heuristic,uncertain,unknown,10.1039_c6dt03571j::F6::a::300°C,63,unresolved_experiment_record|experimental,unresolved_experiment_record
10.1039_c6dt03571j-F8a-18,10.1039_c6dt03571j,8,a,sample condition: Sputtered,figure 8 caption + body mentions in document.md,,,,record kind unresolved_experiment_record not classifiable from local evidence,,heuristic,uncertain,unknown,10.1039_c6dt03571j::F8::a::Sputtered,64,unresolved_experiment_record|experimental,unresolved_experiment_record
10.1039_c7ra07722j-2-S3-P001,10.1039_c7ra07722j,2,,,figure 2 caption + body mentions in document.md,,in situ SE measurements while changing precursor or co-reactant dose times,one_continuous_run,caption states the data are in-situ monitoring of a single run,,caption_inferred,no,measurement,10.1039_c7ra07722j::F2::-::0,65,condition_axis|experimental,series_member_experiment
10.1039_c7ra07722j-3a-S7-P008,10.1039_c7ra07722j,3,a,process and temperature: Plasma 200 °C,figure 3 caption + body mentions in document.md,,"In situ thickness measurements by SE for plasma-assisted ALDof Li2CO3 at 50, 200, 275 a",one_continuous_run,caption states the data are in-situ monitoring of a single run,,caption_inferred,no,measurement,10.1039_c7ra07722j::F3::a::Plasma 200 °C,66,condition_axis|experimental,series_member_experiment
10.1039_c7ra07722j-3b-S10-P002,10.1039_c7ra07722j,3,b,"measurement method and process: SE, thermal",figure 3 caption + body mentions in document.md,,"In situ thickness measurements by SE for plasma-assisted ALDof Li2CO3 at 50, 200, 275 a",one_continuous_run,caption states the data are in-situ monitoring of a single run,,caption_inferred,no,measurement,"10.1039_c7ra07722j::F3::b::SE, thermal",67,condition_axis|experimental,series_member_experiment
10.1039_c7ra07722j-5a-S13-P023,10.1039_c7ra07722j,5,a,plasma exposure time: 3 s plasma,figure 5 caption + body mentions in document.md,,In situ SE thickness measurement for plasma-assisted ALD of Li2CO3 at 300 /C14 C using,one_continuous_run,caption states the data are in-situ monitoring of a single run,,caption_inferred,no,measurement,10.1039_c7ra07722j::F5::a::3 s plasma,68,condition_axis|experimental,series_member_experiment
10.1039_c7ra07722j-5a-S13-P036,10.1039_c7ra07722j,5,a,plasma exposure time: 3 s plasma,figure 5 caption + body mentions in document.md,,In situ SE thickness measurement for plasma-assisted ALD of Li2CO3 at 300 /C14 C using,one_continuous_run,caption states the data are in-situ monitoring of a single run,,caption_inferred,no,measurement,10.1039_c7ra07722j::F5::a::3 s plasma,69,condition_axis|experimental,series_member_experiment
10.1039_c7ra07722j-5a-S13-P040,10.1039_c7ra07722j,5,a,plasma exposure time: 3 s plasma,figure 5 caption + body mentions in document.md,,In situ SE thickness measurement for plasma-assisted ALD of Li2CO3 at 300 /C14 C using,one_continuous_run,caption states the data are in-situ monitoring of a single run,,caption_inferred,no,measurement,10.1039_c7ra07722j::F5::a::3 s plasma,70,condition_axis|experimental,series_member_experiment
10.1039_c7ra07722j-5a-S14-P004,10.1039_c7ra07722j,5,a,plasma exposure time: 5 s plasma,figure 5 caption + body mentions in document.md,,In situ SE thickness measurement for plasma-assisted ALD of Li2CO3 at 300 /C14 C using,one_continuous_run,caption states the data are in-situ monitoring of a single run,,caption_inferred,no,measurement,10.1039_c7ra07722j::F5::a::5 s plasma,71,condition_axis|experimental,series_member_experiment
10.1039_c7ra07722j-F6b-22,10.1039_c7ra07722j,6,b,,figure 6 caption + body mentions in document.md,,,,record kind unresolved_experiment_record not classifiable from local evidence,,heuristic,uncertain,unknown,10.1039_c7ra07722j::F6::b::0,72,unresolved_experiment_record|experimental,unresolved_experiment_record
10.1039_d0cp03358h-F10b-43,10.1039_d0cp03358h,10,b,channel height: 100 nm,figure 10 caption + body mentions in document.md,,Simulated saturation profiles of ALD Al2O3 in microscopic rectangular LHAR chan,model_output,pipeline flags relevance=model / is_model_result,,caption_inferred,no,simulation_run_or_profile,10.1039_d0cp03358h::F10::b::100 nm,73,coordinate_axis|model,profile_experiment
10.1039_d0cp03358h-F10e-59,10.1039_d0cp03358h,10,e,number of cycles: 250 cycles,figure 10 caption + body mentions in document.md,,Simulated saturation profiles of ALD Al2O3 in microscopic rectangular LHAR chan,model_output,pipeline flags relevance=model / is_model_result,,caption_inferred,no,simulation_run_or_profile,10.1039_d0cp03358h::F10::e::250 cycles,74,coordinate_axis|model,profile_experiment
10.1039_d0cp03358h-F8b-19,10.1039_d0cp03358h,8,b,sample: Sample 12,figure 8 caption + body mentions in document.md,,sample 8,one_continuous_run,"spatial profile of one coated structure, kept as one record",sample 8,paper_verified,yes,experimental_profile,10.1039_d0cp03358h::F8::b::Sample 12,75,coordinate_axis|experimental,profile_experiment
10.1039_d0cp03358h-F9b-25,10.1039_d0cp03358h,9,b,channel height: 2000 nm,figure 9 caption + body mentions in document.md,,"Sample 7, 8, and 9",one_continuous_run,"spatial profile of one coated structure, kept as one record","Sample 7, 8, and 9",paper_verified,yes,experimental_profile,10.1039_d0cp03358h::F9::b::2000 nm,76,coordinate_axis|experimental,profile_experiment
10.1039_d3dt01824e-3a-S2-P000,10.1039_d3dt01824e,3,a,substrate: Si,figure 3 caption + body mentions in document.md,,,undetermined,no explicit statement of run structure in the caption or the figure's body mentions; point count alone is not evidence,,heuristic,uncertain,unknown,10.1039_d3dt01824e::F3::a::Si,77,condition_axis|experimental,series_member_experiment
10.1039_d3dt01824e-4a-S5-P001,10.1039_d3dt01824e,4,a,substrate: SiO2,figure 4 caption + body mentions in document.md,,as a function of deposition temperature,separate_depositions,growth vs temperature: one deposition per temperature,,caption_inferred,yes,experimental_case,10.1039_d3dt01824e::F4::a::SiO2,78,condition_axis|experimental,series_member_experiment
10.1039_d3dt01824e-F8a-10,10.1039_d3dt01824e,8,a,etching time: ET=0 min,figure 8 caption + body mentions in document.md,,,,record kind unresolved_experiment_record not classifiable from local evidence,,heuristic,uncertain,unknown,10.1039_d3dt01824e::F8::a::ET=0 min,79,unresolved_experiment_record|experimental,unresolved_experiment_record
10.1039_d3ra05217f-3a-S1-P011,10.1039_d3ra05217f,3,a,precursor: Y(EtCp)3,figure 3 caption + body mentions in document.md,,,undetermined,no explicit statement of run structure in the caption or the figure's body mentions; point count alone is not evidence,,heuristic,uncertain,unknown,10.1039_d3ra05217f::F3::a::Y(EtCp)3,80,condition_axis|experimental,series_member_experiment
10.1039_d3ra05217f-3a-S1-P013,10.1039_d3ra05217f,3,a,precursor: Y(EtCp)3,figure 3 caption + body mentions in document.md,,,undetermined,no explicit statement of run structure in the caption or the figure's body mentions; point count alone is not evidence,,heuristic,uncertain,unknown,10.1039_d3ra05217f::F3::a::Y(EtCp)3,81,condition_axis|experimental,series_member_experiment
10.1039_d3ra05217f-3b-S6-P003,10.1039_d3ra05217f,3,b,precursor: Y(EtCp)3,figure 3 caption + body mentions in document.md,,,undetermined,no explicit statement of run structure in the caption or the figure's body mentions; point count alone is not evidence,,heuristic,uncertain,unknown,10.1039_d3ra05217f::F3::b::Y(EtCp)3,82,condition_axis|experimental,series_member_experiment
10.1039_d3ra05217f-8a-S7-P029,10.1039_d3ra05217f,8,a,,figure 8 caption + body mentions in document.md,,,undetermined,no explicit statement of run structure in the caption or the figure's body mentions; point count alone is not evidence,,heuristic,uncertain,unknown,10.1039_d3ra05217f::F8::a::0,83,condition_axis|experimental,series_member_experiment
10.1039_d3ra05217f-8a-S7-P034,10.1039_d3ra05217f,8,a,,figure 8 caption + body mentions in document.md,,,undetermined,no explicit statement of run structure in the caption or the figure's body mentions; point count alone is not evidence,,heuristic,uncertain,unknown,10.1039_d3ra05217f::F8::a::0,84,condition_axis|experimental,series_member_experiment
10.1039_d3ra05217f-8a-S7-P046,10.1039_d3ra05217f,8,a,,figure 8 caption + body mentions in document.md,,,undetermined,no explicit statement of run structure in the caption or the figure's body mentions; point count alone is not evidence,,heuristic,uncertain,unknown,10.1039_d3ra05217f::F8::a::0,85,condition_axis|experimental,series_member_experiment
10.1039_d3ra05217f-8a-S7-P047,10.1039_d3ra05217f,8,a,,figure 8 caption + body mentions in document.md,,,undetermined,no explicit statement of run structure in the caption or the figure's body mentions; point count alone is not evidence,,heuristic,uncertain,unknown,10.1039_d3ra05217f::F8::a::0,86,condition_axis|experimental,series_member_experiment
10.1039_d3ra05217f-F6b-14,10.1039_d3ra05217f,6,b,element: C1s,figure 6 caption + body mentions in document.md,,,,record kind unresolved_experiment_record not classifiable from local evidence,,heuristic,uncertain,unknown,10.1039_d3ra05217f::F6::b::C1s,87,unresolved_experiment_record|experimental,unresolved_experiment_record
10.1063_1.4867469-F1c-1,10.1063_1.4867469,1,c,sample condition: 3 nm BTO as-deposited,figure 1 caption + body mentions in document.md,,,,record kind unresolved_experiment_record not classifiable from local evidence,,heuristic,uncertain,unknown,10.1063_1.4867469::F1::c::3 nm BTO as-deposited,88,unresolved_experiment_record|experimental,unresolved_experiment_record
10.1063_1.4867469-F2a-3,10.1063_1.4867469,2,a,series: BTO/STO/Si,figure 2 caption + body mentions in document.md,,,,record kind unresolved_experiment_record not classifiable from local evidence,,heuristic,uncertain,unknown,10.1063_1.4867469::F2::a::BTO/STO/Si,89,unresolved_experiment_record|experimental,unresolved_experiment_record
10.1063_1.5028178-5a-S0-P007,10.1063_1.5028178,5,a,model: Gordon model,figure 5 caption + body mentions in document.md,,,model_output,pipeline flags relevance=model / is_model_result,,metadata_inferred,no,simulation_run_or_profile,10.1063_1.5028178::F5::a::Gordon model,90,condition_axis|model,series_member_experiment
10.1063_1.5028178-5a-S1-P019,10.1063_1.5028178,5,a,model: Approximation,figure 5 caption + body mentions in document.md,,,model_output,pipeline flags relevance=model / is_model_result,,metadata_inferred,no,simulation_run_or_profile,10.1063_1.5028178::F5::a::Approximation,91,condition_axis|model,series_member_experiment
10.1063_1.5028178-F4a-11,10.1063_1.5028178,4,a,channel height: 0.2 µm,figure 4 caption + body mentions in document.md,,"calculated by the approximate model when the original channel heights are H ¼ 2,",model_output,pipeline flags relevance=model / is_model_result,,caption_inferred,no,simulation_run_or_profile,10.1063_1.5028178::F4::a::0.2 µm,92,coordinate_axis|model,profile_experiment
10.1063_1.5028178-F4a-8,10.1063_1.5028178,4,a,channel height: H= 2 µm,figure 4 caption + body mentions in document.md,,"calculated by the approximate model when the original channel heights are H ¼ 2,",model_output,pipeline flags relevance=model / is_model_result,,caption_inferred,no,simulation_run_or_profile,10.1063_1.5028178::F4::a::H= 2 µm,93,coordinate_axis|model,profile_experiment
10.1116_1.4892385-F2a-1,10.1116_1.4892385,2,a,precursor density: 4·10^22 m^-3,figure 2 caption + body mentions in document.md,,,model_output,pipeline flags relevance=model / is_model_result,,metadata_inferred,no,simulation_run_or_profile,10.1116_1.4892385::F2::a::4·10^22 m^-3,94,coordinate_axis|model,profile_experiment
10.1116_1.4892385-F5a-4,10.1116_1.4892385,5,a,"precursor density: calculated coating profile for n_P(t,z=0) = 1.0 · 10²⁰ m⁻³ and β₀ = 2 · 10⁻⁴",figure 5 caption + body mentions in document.md,,,one_continuous_run,"spatial profile of one coated structure, kept as one record",,metadata_inferred,yes,experimental_profile,"10.1116_1.4892385::F5::a::calculated coating profile for n_P(t,z=0) = 1.0 · 10²⁰ m⁻³ and β₀ = 2 · 10⁻⁴",95,coordinate_axis|experimental,profile_experiment
10.1116_1.4938104-12b-S4-P009,10.1116_1.4938104,12,b,material: paper,figure 12 caption + body mentions in document.md,,photocatalytic material,one_continuous_run,kinetic trace of a single specimen,,caption_inferred,no,measurement,10.1116_1.4938104::F12::b::paper,96,condition_axis|experimental,series_member_experiment
10.1116_1.4938104-12b-S7-P000,10.1116_1.4938104,12,b,material: Ir/TiO2/cellulose,figure 12 caption + body mentions in document.md,,photocatalytic material,one_continuous_run,kinetic trace of a single specimen,,caption_inferred,no,measurement,10.1116_1.4938104::F12::b::Ir/TiO2/cellulose,97,condition_axis|experimental,series_member_experiment
10.1116_1.4938104-4d-S1-P000,10.1116_1.4938104,4,d,"substrate and ALD temperature: Cotton Fibers, 60 °C",figure 4 caption + body mentions in document.md,,,undetermined,no explicit statement of run structure in the caption or the figure's body mentions; point count alone is not evidence,,heuristic,uncertain,unknown,"10.1116_1.4938104::F4::d::Cotton Fibers, 60 °C",98,condition_axis|experimental,series_member_experiment
10.1116_1.4938104-4d-S3-P005,10.1116_1.4938104,4,d,substrate and ALD temperature: Cellulose Films,figure 4 caption + body mentions in document.md,,,undetermined,no explicit statement of run structure in the caption or the figure's body mentions; point count alone is not evidence,,heuristic,uncertain,unknown,10.1116_1.4938104::F4::d::Cellulose Films,99,condition_axis|experimental,series_member_experiment
10.1116_6.0002154-3a-S0-P000,10.1116_6.0002154,3,a,,figure 3 caption + body mentions in document.md,,,undetermined,no explicit statement of run structure in the caption or the figure's body mentions; point count alone is not evidence,,heuristic,uncertain,unknown,10.1116_6.0002154::F3::a::0,100,condition_axis|experimental,series_member_experiment
10.1116_6.0002154-3a-S0-P004,10.1116_6.0002154,3,a,,figure 3 caption + body mentions in document.md,,,undetermined,no explicit statement of run structure in the caption or the figure's body mentions; point count alone is not evidence,,heuristic,uncertain,unknown,10.1116_6.0002154::F3::a::0,101,condition_axis|experimental,series_member_experiment
10.1116_6.0002154-3a-S0-P009,10.1116_6.0002154,3,a,,figure 3 caption + body mentions in document.md,,,undetermined,no explicit statement of run structure in the caption or the figure's body mentions; point count alone is not evidence,,heuristic,uncertain,unknown,10.1116_6.0002154::F3::a::0,102,condition_axis|experimental,series_member_experiment
10.1116_6.0002154-3a-S0-P017,10.1116_6.0002154,3,a,,figure 3 caption + body mentions in document.md,,,undetermined,no explicit statement of run structure in the caption or the figure's body mentions; point count alone is not evidence,,heuristic,uncertain,unknown,10.1116_6.0002154::F3::a::0,103,condition_axis|experimental,series_member_experiment
10.1116_6.0002436-1b-S1-P003,10.1116_6.0002436,1,b,series: SUP,figure 1 caption + body mentions in document.md,,Saturation curves for ozone (3 wt,separate_depositions,a saturation curve is one deposition per dose,,caption_inferred,yes,experimental_case,10.1116_6.0002436::F1::b::SUP,104,condition_axis|experimental,series_member_experiment
10.1116_6.0002436-2a-S4-P002,10.1116_6.0002436,2,a,position: Middle GPC,figure 2 caption + body mentions in document.md,,,undetermined,no explicit statement of run structure in the caption or the figure's body mentions; point count alone is not evidence,,heuristic,uncertain,unknown,10.1116_6.0002436::F2::a::Middle GPC,105,condition_axis|experimental,series_member_experiment
10.1116_6.0002436-F5a-15,10.1116_6.0002436,5,a,sample: 100°C (O 1s A),figure 5 caption + body mentions in document.md,,,,record kind unresolved_experiment_record not classifiable from local evidence,,heuristic,uncertain,unknown,10.1116_6.0002436::F5::a::100°C (O 1s A),106,unresolved_experiment_record|experimental,unresolved_experiment_record
10.1116_6.0002436-F5a-16,10.1116_6.0002436,5,a,sample: 100°C (O 1s C),figure 5 caption + body mentions in document.md,,,,record kind unresolved_experiment_record not classifiable from local evidence,,heuristic,uncertain,unknown,10.1116_6.0002436::F5::a::100°C (O 1s C),107,unresolved_experiment_record|experimental,unresolved_experiment_record
10.1116_6.0002804-1a-S0-P005,10.1116_6.0002804,1,a,,figure 1 caption + body mentions in document.md,,"independently varied: (a) MoCl2O2 pulse time, (b) at-H pulse time, (c) MoCl2O2 p",separate_depositions,caption says the parameter was independently varied -> one run per value,,caption_inferred,yes,experimental_case,10.1116_6.0002804::F1::a::0,108,condition_axis|experimental,series_member_experiment
10.1116_6.0002804-1b-S1-P009,10.1116_6.0002804,1,b,,figure 1 caption + body mentions in document.md,,"independently varied: (a) MoCl2O2 pulse time, (b) at-H pulse time, (c) MoCl2O2 p",separate_depositions,caption says the parameter was independently varied -> one run per value,,caption_inferred,yes,experimental_case,10.1116_6.0002804::F1::b::0,109,condition_axis|experimental,series_member_experiment
10.1116_6.0002804-3a-S8-P001,10.1116_6.0002804,3,a,series: Thickness,figure 3 caption + body mentions in document.md,,,undetermined,no explicit statement of run structure in the caption or the figure's body mentions; point count alone is not evidence,,heuristic,uncertain,unknown,10.1116_6.0002804::F3::a::Thickness,110,condition_axis|experimental,series_member_experiment
10.1116_6.0002804-5-S14-P002,10.1116_6.0002804,5,,element: O,figure 5 caption + body mentions in document.md,,depth profile of an ALD film obtained at 350 °C and (b) averaged ALD film,one_continuous_run,a depth profile is one specimen measured through its thickness,,caption_inferred,no,measurement,10.1116_6.0002804::F5::-::O,111,condition_axis|experimental,series_member_experiment
10.1116_6.0002804-5-S9-P002,10.1116_6.0002804,5,,,figure 5 caption + body mentions in document.md,,depth profile of an ALD film obtained at 350 °C and (b) averaged ALD film,one_continuous_run,a depth profile is one specimen measured through its thickness,,caption_inferred,no,measurement,10.1116_6.0002804::F5::-::0,112,condition_axis|experimental,series_member_experiment
10.1186_s11671-015-0872-9-F3a-0,10.1186_s11671-015-0872-9,3,a,series: XRD profile,figure 3 caption + body mentions in document.md,,,,record kind unresolved_experiment_record not classifiable from local evidence,,heuristic,uncertain,unknown,10.1186_s11671-015-0872-9::F3::a::XRD profile,113,unresolved_experiment_record|experimental,unresolved_experiment_record
10.3762_bjnano.14.89-4a-S1-P005,10.3762_bjnano.14.89,4,a,,figure 4 caption + body mentions in document.md,,,undetermined,no explicit statement of run structure in the caption or the figure's body mentions; point count alone is not evidence,,heuristic,uncertain,unknown,10.3762_bjnano.14.89::F4::a::0,114,condition_axis|experimental,series_member_experiment
10.3762_bjnano.14.89-7a-S4-P008,10.3762_bjnano.14.89,7,a,,figure 7 caption + body mentions in document.md,,,undetermined,no explicit statement of run structure in the caption or the figure's body mentions; point count alone is not evidence,,heuristic,uncertain,unknown,10.3762_bjnano.14.89::F7::a::0,115,condition_axis|experimental,series_member_experiment
10.3762_bjnano.14.89-F10b-19,10.3762_bjnano.14.89,10,b,deposition temperature: 500 °C,figure 10 caption + body mentions in document.md,,,,record kind unresolved_experiment_record not classifiable from local evidence,,heuristic,uncertain,unknown,10.3762_bjnano.14.89::F10::b::500 °C,116,unresolved_experiment_record|experimental,unresolved_experiment_record
10.3762_bjnano.14.89-F8a-14,10.3762_bjnano.14.89,8,a,growth temperature: 225 °C,figure 8 caption + body mentions in document.md,,,,record kind unresolved_experiment_record not classifiable from local evidence,,heuristic,uncertain,unknown,10.3762_bjnano.14.89::F8::a::225 °C,117,unresolved_experiment_record|experimental,unresolved_experiment_record
10.3762_bjnano.5.25-F3c-4,10.3762_bjnano.5.25,3,c,exposure time: 10ms,figure 3 caption + body mentions in document.md,,simulation while using the parameters defined in Table 1,model_output,pipeline flags relevance=model / is_model_result,,caption_inferred,no,simulation_run_or_profile,10.3762_bjnano.5.25::F3::c::10ms,118,coordinate_axis|model,profile_experiment
10.3762_bjnano.5.25-F5b-33,10.3762_bjnano.5.25,5,b,cycle_number: 100 cycles,figure 5 caption + body mentions in document.md,,simulation,model_output,pipeline flags relevance=model / is_model_result,,caption_inferred,no,simulation_run_or_profile,10.3762_bjnano.5.25::F5::b::100 cycles,119,coordinate_axis|model,profile_experiment
10.3762_bjnano.5.25-F6b-34,10.3762_bjnano.5.25,6,b,number of cycles: 400 cycles,figure 6 caption + body mentions in document.md,,,one_continuous_run,"spatial profile of one coated structure, kept as one record",,metadata_inferred,yes,experimental_profile,10.3762_bjnano.5.25::F6::b::400 cycles,120,coordinate_axis|experimental,profile_experiment
