paper,source_a,source_b,link_class,verdict,strength,positive_evidence,material_compatible,process_step_compatible,varied_quantity_compatible,condition_contradiction,contradiction_detail,decision_status,decision_note,a_case_id,b_case_id,superseded_conditions,reason
10.1038_am.2016.182,CAND-10.103-015,CAND-10.103-026,DESIGN_IDENTITY,MERGED,SUPPORTED,EV-10.103-071,ok,ok,ok,none,-,APPLIED,-,CASE-10.103-015,CASE-10.103-015,-,"panels a/b of figure 2 plot different outputs at the same design branch (q=deposition_temperature, step=n/a, unit=°C, material=Pt) = 80"
10.1038_am.2016.182,CAND-10.103-016,CAND-10.103-027,DESIGN_IDENTITY,MERGED,SUPPORTED,EV-10.103-058,ok,ok,ok,none,-,APPLIED,-,CASE-10.103-016,CASE-10.103-016,-,"panels a/b of figure 2 plot different outputs at the same design branch (q=deposition_temperature, step=n/a, unit=°C, material=Pt) = 100"
10.1038_am.2016.182,CAND-10.103-017,CAND-10.103-028,DESIGN_IDENTITY,MERGED,SUPPORTED,EV-10.103-059,ok,ok,ok,none,-,APPLIED,-,CASE-10.103-017,CASE-10.103-017,-,"panels a/b of figure 2 plot different outputs at the same design branch (q=deposition_temperature, step=n/a, unit=°C, material=Pt) = 120"
10.1038_am.2016.182,CAND-10.103-018,CAND-10.103-029,DESIGN_IDENTITY,MERGED,SUPPORTED,EV-10.103-060,ok,ok,ok,none,-,APPLIED,-,CASE-10.103-018,CASE-10.103-018,-,"panels a/b of figure 2 plot different outputs at the same design branch (q=deposition_temperature, step=n/a, unit=°C, material=Pt) = 150"
10.1038_am.2016.182,CAND-10.103-019,CAND-10.103-030,DESIGN_IDENTITY,MERGED,SUPPORTED,EV-10.103-061,ok,ok,ok,none,-,APPLIED,-,CASE-10.103-019,CASE-10.103-019,-,"panels a/b of figure 2 plot different outputs at the same design branch (q=deposition_temperature, step=n/a, unit=°C, material=Pt) = 200"
10.1038_am.2016.182,CAND-10.103-020,CAND-10.103-031,DESIGN_IDENTITY,MERGED,SUPPORTED,EV-10.103-062,ok,ok,ok,none,-,APPLIED,-,CASE-10.103-020,CASE-10.103-020,-,"panels a/b of figure 2 plot different outputs at the same design branch (q=deposition_temperature, step=n/a, unit=°C, material=Pt) = 250"
10.1038_am.2016.182,CAND-10.103-020,CAND-10.103-033,-,BLOCKED,SUPPORTED,EV-10.103-063,ok,ok,ok,CONTRADICTS,precursor HDMP  vs MeCpPtMe3 ,ACTIVE_CONTRADICTION,-,CASE-10.103-020,CASE-10.103-023,-,contradictory case-defining conditions
10.1038_am.2016.182,CAND-10.103-021,CAND-10.103-032,DESIGN_IDENTITY,MERGED,SUPPORTED,EV-10.103-067,ok,ok,ok,none,-,APPLIED,-,CASE-10.103-021,CASE-10.103-021,-,"panels a/b of figure 2 plot different outputs at the same design branch (q=deposition_temperature, step=n/a, unit=°C, material=Pt) = 300"
10.1038_am.2016.182,CAND-10.103-021,CAND-10.103-035,-,BLOCKED,SUPPORTED,EV-10.103-068,ok,ok,ok,CONTRADICTS,precursor HDMP  vs MeCpPtMe3 ,ACTIVE_CONTRADICTION,-,CASE-10.103-021,CASE-10.103-025,-,contradictory case-defining conditions
10.1038_am.2016.182,CAND-10.103-023,CAND-10.103-031,-,BLOCKED,SUPPORTED,EV-10.103-064,ok,ok,ok,CONTRADICTS,precursor MeCpPtMe3  vs HDMP ,ACTIVE_CONTRADICTION,-,CASE-10.103-023,CASE-10.103-020,-,contradictory case-defining conditions
10.1038_am.2016.182,CAND-10.103-023,CAND-10.103-033,DESIGN_IDENTITY,MERGED,SUPPORTED,EV-10.103-065,ok,ok,ok,none,-,APPLIED,-,CASE-10.103-023,CASE-10.103-023,-,"panels a/b of figure 2 plot different outputs at the same design branch (q=deposition_temperature, step=n/a, unit=°C, material=Pt) = 250"
10.1038_am.2016.182,CAND-10.103-024,CAND-10.103-034,DESIGN_IDENTITY,MERGED,SUPPORTED,EV-10.103-066,ok,ok,ok,none,-,APPLIED,-,CASE-10.103-024,CASE-10.103-024,-,"panels a/b of figure 2 plot different outputs at the same design branch (q=deposition_temperature, step=n/a, unit=°C, material=Pt) = 275"
10.1038_am.2016.182,CAND-10.103-025,CAND-10.103-032,-,BLOCKED,SUPPORTED,EV-10.103-069,ok,ok,ok,CONTRADICTS,precursor MeCpPtMe3  vs HDMP ,ACTIVE_CONTRADICTION,-,CASE-10.103-025,CASE-10.103-021,-,contradictory case-defining conditions
10.1038_am.2016.182,CAND-10.103-025,CAND-10.103-035,DESIGN_IDENTITY,MERGED,SUPPORTED,EV-10.103-070,ok,ok,ok,none,-,APPLIED,-,CASE-10.103-025,CASE-10.103-025,-,"panels a/b of figure 2 plot different outputs at the same design branch (q=deposition_temperature, step=n/a, unit=°C, material=Pt) = 300"
10.1038_am.2016.182,CAND-10.103-036,CAND-10.103-016,-,MERGED,SUPPORTED,EV-10.103-052,ok,ok,ok,none,-,APPLIED,-,CASE-10.103-016,CASE-10.103-016,-,"the caption of figure 2 enumerates deposition_temperature = 100, 300, which figure 2 also reports"
10.1038_am.2016.182,CAND-10.103-036,CAND-10.103-027,-,ALREADY_LINKED,SUPPORTED,EV-10.103-053,ok,ok,ok,none,-,APPLIED,-,CASE-10.103-016,CASE-10.103-016,-,
10.1038_am.2016.182,CAND-10.103-037,CAND-10.103-021,-,MERGED,SUPPORTED,EV-10.103-054,ok,ok,ok,none,-,APPLIED,-,CASE-10.103-021,CASE-10.103-021,-,"the caption of figure 2 enumerates deposition_temperature = 100, 300, which figure 2 also reports"
10.1038_am.2016.182,CAND-10.103-037,CAND-10.103-025,-,BLOCKED,SUPPORTED,EV-10.103-055,ok,ok,ok,CONTRADICTS,precursor HDMP  vs MeCpPtMe3 ,ACTIVE_CONTRADICTION,-,CASE-10.103-021,CASE-10.103-025,-,contradictory case-defining conditions
10.1038_am.2016.182,CAND-10.103-037,CAND-10.103-032,-,ALREADY_LINKED,SUPPORTED,EV-10.103-056,ok,ok,ok,none,-,APPLIED,-,CASE-10.103-021,CASE-10.103-021,-,
10.1038_am.2016.182,CAND-10.103-037,CAND-10.103-035,-,BLOCKED,SUPPORTED,EV-10.103-057,ok,ok,ok,CONTRADICTS,precursor HDMP  vs MeCpPtMe3 ,ACTIVE_CONTRADICTION,-,CASE-10.103-021,CASE-10.103-025,-,contradictory case-defining conditions
10.1149_2.067203jes,CAND-10.114-040,CAND-10.114-117,-,BLOCKED,EXPLICIT,EV-10.114-120,ok,ok,ok,CONTRADICTS,deposition_temperature 50 °c vs 200 °c,ACTIVE_CONTRADICTION,-,CASE-10.114-001,CASE-10.114-002,-,contradictory case-defining conditions
10.1149_2.067203jes,CAND-10.114-041,CAND-10.114-117,-,MERGED,EXPLICIT,EV-10.114-121,ok,ok,ok,none,-,APPLIED,-,CASE-10.114-002,CASE-10.114-002,-,explicit 'same_sample' citing figure 3
10.1149_2.067203jes,CAND-10.114-042,CAND-10.114-117,-,BLOCKED,EXPLICIT,EV-10.114-122,ok,ok,ok,CONTRADICTS,deposition_temperature 250 °c vs 200 °c,ACTIVE_CONTRADICTION,-,CASE-10.114-003,CASE-10.114-002,-,contradictory case-defining conditions
10.1149_2.067203jes,CAND-10.114-043,CAND-10.114-117,-,MERGED,EXPLICIT,EV-10.114-123,ok,ok,ok,none,-,APPLIED,-,CASE-10.114-002,CASE-10.114-002,-,explicit 'same_sample' citing figure 3
10.1149_2.067203jes,CAND-10.114-044,CAND-10.114-117,-,MERGED,EXPLICIT,EV-10.114-124,ok,ok,ok,none,-,APPLIED,-,CASE-10.114-002,CASE-10.114-002,-,explicit 'same_sample' citing figure 3
10.1149_2.067203jes,CAND-10.114-085,CAND-10.114-093,DESIGN_IDENTITY,MERGED,SUPPORTED,EV-10.114-132,ok,ok,ok,none,-,APPLIED,-,CASE-10.114-044,CASE-10.114-044,-,"panels a/b of figure 5 plot different outputs at the same design branch (q=deposition_temperature, step=n/a, unit=°C, material=SiO2) = 50"
10.1149_2.067203jes,CAND-10.114-086,CAND-10.114-094,DESIGN_IDENTITY,MERGED,SUPPORTED,EV-10.114-125,ok,ok,ok,none,-,APPLIED,-,CASE-10.114-045,CASE-10.114-045,-,"panels a/b of figure 5 plot different outputs at the same design branch (q=deposition_temperature, step=n/a, unit=°C, material=SiO2) = 100"
10.1149_2.067203jes,CAND-10.114-087,CAND-10.114-095,DESIGN_IDENTITY,MERGED,SUPPORTED,EV-10.114-126,ok,ok,ok,none,-,APPLIED,-,CASE-10.114-046,CASE-10.114-046,-,"panels a/b of figure 5 plot different outputs at the same design branch (q=deposition_temperature, step=n/a, unit=°C, material=SiO2) = 150"
10.1149_2.067203jes,CAND-10.114-088,CAND-10.114-096,DESIGN_IDENTITY,MERGED,SUPPORTED,EV-10.114-127,ok,ok,ok,none,-,APPLIED,-,CASE-10.114-047,CASE-10.114-047,-,"panels a/b of figure 5 plot different outputs at the same design branch (q=deposition_temperature, step=n/a, unit=°C, material=SiO2) = 200"
10.1149_2.067203jes,CAND-10.114-089,CAND-10.114-097,DESIGN_IDENTITY,MERGED,SUPPORTED,EV-10.114-128,ok,ok,ok,none,-,APPLIED,-,CASE-10.114-048,CASE-10.114-048,-,"panels a/b of figure 5 plot different outputs at the same design branch (q=deposition_temperature, step=n/a, unit=°C, material=SiO2) = 250"
10.1149_2.067203jes,CAND-10.114-090,CAND-10.114-098,DESIGN_IDENTITY,MERGED,SUPPORTED,EV-10.114-129,ok,ok,ok,none,-,APPLIED,-,CASE-10.114-049,CASE-10.114-049,-,"panels a/b of figure 5 plot different outputs at the same design branch (q=deposition_temperature, step=n/a, unit=°C, material=SiO2) = 300"
10.1149_2.067203jes,CAND-10.114-091,CAND-10.114-099,DESIGN_IDENTITY,MERGED,SUPPORTED,EV-10.114-130,ok,ok,ok,none,-,APPLIED,-,CASE-10.114-050,CASE-10.114-050,-,"panels a/b of figure 5 plot different outputs at the same design branch (q=deposition_temperature, step=n/a, unit=°C, material=SiO2) = 350"
10.1149_2.067203jes,CAND-10.114-092,CAND-10.114-100,DESIGN_IDENTITY,MERGED,SUPPORTED,EV-10.114-131,ok,ok,ok,none,-,APPLIED,-,CASE-10.114-051,CASE-10.114-051,-,"panels a/b of figure 5 plot different outputs at the same design branch (q=deposition_temperature, step=n/a, unit=°C, material=SiO2) = 400"
10.1149_2.067203jes,CAND-10.114-045,CAND-10.114-067,DESIGN_IDENTITY,BLOCKED,SUPPORTED,-,BLOCKED,ok,ok,none,-,DESIGN_IDENTITY_BLOCK,-,CASE-10.114-004,CASE-10.114-026,-,same branch value 0.01 in figure 4 but not the same design: material differs: 'SiO2' vs 'Al2O3'
10.1149_2.067203jes,CAND-10.114-046,CAND-10.114-068,DESIGN_IDENTITY,BLOCKED,SUPPORTED,-,BLOCKED,ok,ok,none,-,DESIGN_IDENTITY_BLOCK,-,CASE-10.114-005,CASE-10.114-027,-,same branch value 0.02 in figure 4 but not the same design: material differs: 'SiO2' vs 'Al2O3'
10.1149_2.067203jes,CAND-10.114-048,CAND-10.114-070,DESIGN_IDENTITY,BLOCKED,SUPPORTED,-,BLOCKED,ok,ok,none,-,DESIGN_IDENTITY_BLOCK,-,CASE-10.114-007,CASE-10.114-029,-,same branch value 0.05 in figure 4 but not the same design: material differs: 'SiO2' vs 'Al2O3'
10.1149_2.067203jes,CAND-10.114-058,CAND-10.114-075,DESIGN_IDENTITY,BLOCKED,SUPPORTED,-,BLOCKED,ok,ok,none,-,DESIGN_IDENTITY_BLOCK,-,CASE-10.114-017,CASE-10.114-034,-,same branch value 0.5 in figure 4 but not the same design: material differs: 'SiO2' vs 'Al2O3'
10.1149_2.067203jes,CAND-10.114-059,CAND-10.114-076,DESIGN_IDENTITY,BLOCKED,SUPPORTED,-,BLOCKED,ok,ok,none,-,DESIGN_IDENTITY_BLOCK,-,CASE-10.114-018,CASE-10.114-035,-,same branch value 1 in figure 4 but not the same design: material differs: 'SiO2' vs 'Al2O3'
10.1149_2.067203jes,CAND-10.114-060,CAND-10.114-077,DESIGN_IDENTITY,BLOCKED,SUPPORTED,-,BLOCKED,ok,ok,none,-,DESIGN_IDENTITY_BLOCK,-,CASE-10.114-019,CASE-10.114-036,-,same branch value 2 in figure 4 but not the same design: material differs: 'SiO2' vs 'Al2O3'
10.1149_2.067203jes,CAND-10.114-061,CAND-10.114-078,DESIGN_IDENTITY,BLOCKED,SUPPORTED,-,BLOCKED,ok,ok,none,-,DESIGN_IDENTITY_BLOCK,-,CASE-10.114-020,CASE-10.114-037,-,same branch value 3 in figure 4 but not the same design: material differs: 'SiO2' vs 'Al2O3'
10.1149_2.067203jes,CAND-10.114-062,CAND-10.114-080,DESIGN_IDENTITY,BLOCKED,SUPPORTED,-,BLOCKED,ok,ok,none,-,DESIGN_IDENTITY_BLOCK,-,CASE-10.114-021,CASE-10.114-039,-,same branch value 5 in figure 4 but not the same design: material differs: 'SiO2' vs 'Al2O3'
10.1149_2.067203jes,CAND-10.114-051,CAND-10.114-063,DESIGN_IDENTITY,BLOCKED,SUPPORTED,-,ok,BLOCKED,ok,none,-,DESIGN_IDENTITY_BLOCK,-,CASE-10.114-010,CASE-10.114-022,-,same branch value 0.5 in figure 4 but not the same design: step differs: 'precursor_purge' vs 'plasma_purge'
10.1149_2.067203jes,CAND-10.114-051,CAND-10.114-082,DESIGN_IDENTITY,BLOCKED,SUPPORTED,-,ok,BLOCKED,ok,none,-,DESIGN_IDENTITY_BLOCK,-,CASE-10.114-010,CASE-10.114-041,-,same branch value 0.5 in figure 4 but not the same design: step differs: 'precursor_purge' vs 'plasma_purge'
10.1149_2.067203jes,CAND-10.114-063,CAND-10.114-082,DESIGN_IDENTITY,BLOCKED,SUPPORTED,-,BLOCKED,ok,ok,none,-,DESIGN_IDENTITY_BLOCK,-,CASE-10.114-022,CASE-10.114-041,-,same branch value 0.5 in figure 4 but not the same design: material differs: 'SiO2' vs 'Al2O3'
10.1149_2.067203jes,CAND-10.114-052,CAND-10.114-064,DESIGN_IDENTITY,BLOCKED,SUPPORTED,-,ok,BLOCKED,ok,none,-,DESIGN_IDENTITY_BLOCK,-,CASE-10.114-011,CASE-10.114-023,-,same branch value 1 in figure 4 but not the same design: step differs: 'precursor_purge' vs 'plasma_purge'
10.1149_2.067203jes,CAND-10.114-052,CAND-10.114-083,DESIGN_IDENTITY,BLOCKED,SUPPORTED,-,ok,BLOCKED,ok,none,-,DESIGN_IDENTITY_BLOCK,-,CASE-10.114-011,CASE-10.114-042,-,same branch value 1 in figure 4 but not the same design: step differs: 'precursor_purge' vs 'plasma_purge'
10.1149_2.067203jes,CAND-10.114-064,CAND-10.114-083,DESIGN_IDENTITY,BLOCKED,SUPPORTED,-,BLOCKED,ok,ok,none,-,DESIGN_IDENTITY_BLOCK,-,CASE-10.114-023,CASE-10.114-042,-,same branch value 1 in figure 4 but not the same design: material differs: 'SiO2' vs 'Al2O3'
10.1149_2.067203jes,CAND-10.114-053,CAND-10.114-065,DESIGN_IDENTITY,BLOCKED,SUPPORTED,-,ok,BLOCKED,ok,none,-,DESIGN_IDENTITY_BLOCK,-,CASE-10.114-012,CASE-10.114-024,-,same branch value 2 in figure 4 but not the same design: step differs: 'precursor_purge' vs 'plasma_purge'
10.1149_2.067203jes,CAND-10.114-053,CAND-10.114-084,DESIGN_IDENTITY,BLOCKED,SUPPORTED,-,ok,BLOCKED,ok,none,-,DESIGN_IDENTITY_BLOCK,-,CASE-10.114-012,CASE-10.114-043,-,same branch value 2 in figure 4 but not the same design: step differs: 'precursor_purge' vs 'plasma_purge'
10.1149_2.067203jes,CAND-10.114-065,CAND-10.114-084,DESIGN_IDENTITY,BLOCKED,SUPPORTED,-,BLOCKED,ok,ok,none,-,DESIGN_IDENTITY_BLOCK,-,CASE-10.114-024,CASE-10.114-043,-,same branch value 2 in figure 4 but not the same design: material differs: 'SiO2' vs 'Al2O3'
10.1149_2.067203jes,CAND-10.114-054,CAND-10.114-066,DESIGN_IDENTITY,BLOCKED,SUPPORTED,-,ok,BLOCKED,ok,none,-,DESIGN_IDENTITY_BLOCK,-,CASE-10.114-013,CASE-10.114-025,-,same branch value 3 in figure 4 but not the same design: step differs: 'precursor_purge' vs 'plasma_purge'
10.1149_2.067203jes,CAND-10.114-056,CAND-10.114-074,DESIGN_IDENTITY,BLOCKED,SUPPORTED,-,BLOCKED,ok,ok,none,-,DESIGN_IDENTITY_BLOCK,-,CASE-10.114-015,CASE-10.114-033,-,same branch value 5 in figure 4 but not the same design: material differs: 'SiO2' vs 'Al2O3'
10.1039_d0cp03358h,CAND-10.103-123,CAND-10.103-122,-,BLOCKED,EXPLICIT,EV-10.103-263,ok,ok,ok,CONTRADICTS,cycle_number 1000 cycle vs 500 cycle,MOOT_NO_CASE,"one endpoint never became an ExperimentalCase (CASE-10.103-001 / no case), so this contradiction is recorded but is not active in the graph",CASE-10.103-001,-,cycle_number on CAND-10.103-123,contradictory case-defining conditions
10.1039_d0cp03358h,CAND-10.103-123,CAND-10.103-140,-,MERGED,EXPLICIT,EV-10.103-235,ok,ok,ok,none,-,APPLIED,-,CASE-10.103-001,CASE-10.103-001,-,both results are measured on specimen '11'
10.1039_d0cp03358h,CAND-10.103-123,CAND-10.103-153,-,MERGED,EXPLICIT,EV-10.103-236,ok,ok,ok,none,-,APPLIED,-,CASE-10.103-001,CASE-10.103-001,-,both results are measured on specimen '11'
10.1039_d0cp03358h,CAND-10.103-126,CAND-10.103-132,-,MERGED,EXPLICIT,EV-10.103-245,ok,ok,ok,none,-,APPLIED,-,CASE-10.103-002,CASE-10.103-002,-,both results are measured on specimen '4'
10.1039_d0cp03358h,CAND-10.103-127,CAND-10.103-133,-,MERGED,EXPLICIT,EV-10.103-247,ok,ok,ok,none,-,APPLIED,-,CASE-10.103-002,CASE-10.103-002,-,both results are measured on specimen '8'
10.1039_d0cp03358h,CAND-10.103-127,CAND-10.103-136,-,MERGED,EXPLICIT,EV-10.103-248,ok,ok,ok,none,-,APPLIED,-,CASE-10.103-002,CASE-10.103-002,-,both results are measured on specimen '8'
10.1039_d0cp03358h,CAND-10.103-127,CAND-10.103-139,-,MERGED,EXPLICIT,EV-10.103-249,ok,ok,ok,none,-,APPLIED,-,CASE-10.103-002,CASE-10.103-002,-,both results are measured on specimen '8'
10.1039_d0cp03358h,CAND-10.103-128,CAND-10.103-133,-,MERGED,EXPLICIT,EV-10.103-250,ok,ok,ok,none,-,APPLIED,-,CASE-10.103-002,CASE-10.103-002,-,both results are measured on specimen '8'
10.1039_d0cp03358h,CAND-10.103-128,CAND-10.103-136,-,ALREADY_LINKED,EXPLICIT,EV-10.103-251,ok,ok,ok,none,-,APPLIED,-,CASE-10.103-002,CASE-10.103-002,-,
10.1039_d0cp03358h,CAND-10.103-128,CAND-10.103-139,-,ALREADY_LINKED,EXPLICIT,EV-10.103-252,ok,ok,ok,none,-,APPLIED,-,CASE-10.103-002,CASE-10.103-002,-,
10.1039_d0cp03358h,CAND-10.103-129,CAND-10.103-133,-,MERGED,EXPLICIT,EV-10.103-253,ok,ok,ok,none,-,APPLIED,-,CASE-10.103-002,CASE-10.103-002,-,both results are measured on specimen '8'
10.1039_d0cp03358h,CAND-10.103-129,CAND-10.103-136,-,ALREADY_LINKED,EXPLICIT,EV-10.103-254,ok,ok,ok,none,-,APPLIED,-,CASE-10.103-002,CASE-10.103-002,-,
10.1039_d0cp03358h,CAND-10.103-129,CAND-10.103-139,-,ALREADY_LINKED,EXPLICIT,EV-10.103-255,ok,ok,ok,none,-,APPLIED,-,CASE-10.103-002,CASE-10.103-002,-,
10.1039_d0cp03358h,CAND-10.103-130,CAND-10.103-133,-,MERGED,EXPLICIT,EV-10.103-256,ok,ok,ok,none,-,APPLIED,-,CASE-10.103-002,CASE-10.103-002,-,both results are measured on specimen '8'
10.1039_d0cp03358h,CAND-10.103-130,CAND-10.103-136,-,ALREADY_LINKED,EXPLICIT,EV-10.103-257,ok,ok,ok,none,-,APPLIED,-,CASE-10.103-002,CASE-10.103-002,-,
10.1039_d0cp03358h,CAND-10.103-130,CAND-10.103-139,-,ALREADY_LINKED,EXPLICIT,EV-10.103-258,ok,ok,ok,none,-,APPLIED,-,CASE-10.103-002,CASE-10.103-002,-,
10.1039_d0cp03358h,CAND-10.103-133,CAND-10.103-136,-,ALREADY_LINKED,EXPLICIT,EV-10.103-259,ok,ok,ok,none,-,APPLIED,-,CASE-10.103-002,CASE-10.103-002,-,
10.1039_d0cp03358h,CAND-10.103-133,CAND-10.103-139,-,ALREADY_LINKED,EXPLICIT,EV-10.103-260,ok,ok,ok,none,-,APPLIED,-,CASE-10.103-002,CASE-10.103-002,-,
10.1039_d0cp03358h,CAND-10.103-134,CAND-10.103-141,-,MERGED,EXPLICIT,EV-10.103-238,ok,ok,ok,none,-,APPLIED,-,CASE-10.103-002,CASE-10.103-002,-,both results are measured on specimen '12'
10.1039_d0cp03358h,CAND-10.103-134,CAND-10.103-145,-,MERGED,EXPLICIT,EV-10.103-239,ok,ok,ok,none,-,APPLIED,-,CASE-10.103-002,CASE-10.103-002,-,both results are measured on specimen '12'
10.1039_d0cp03358h,CAND-10.103-135,CAND-10.103-150,-,MERGED,EXPLICIT,EV-10.103-246,ok,ok,ok,none,-,APPLIED,-,CASE-10.103-003,CASE-10.103-003,-,both results are measured on specimen '7'
10.1039_d0cp03358h,CAND-10.103-136,CAND-10.103-139,-,ALREADY_LINKED,EXPLICIT,EV-10.103-261,ok,ok,ok,none,-,APPLIED,-,CASE-10.103-002,CASE-10.103-002,-,
10.1039_d0cp03358h,CAND-10.103-137,CAND-10.103-151,-,MERGED,EXPLICIT,EV-10.103-262,ok,ok,ok,none,-,APPLIED,-,CASE-10.103-004,CASE-10.103-004,-,both results are measured on specimen '9'
10.1039_d0cp03358h,CAND-10.103-138,CAND-10.103-152,-,MERGED,EXPLICIT,EV-10.103-234,ok,ok,ok,none,-,APPLIED,-,CASE-10.103-005,CASE-10.103-005,-,both results are measured on specimen '10'
10.1039_d0cp03358h,CAND-10.103-140,CAND-10.103-153,-,ALREADY_LINKED,EXPLICIT,EV-10.103-237,ok,ok,ok,none,-,APPLIED,-,CASE-10.103-001,CASE-10.103-001,-,
10.1039_d0cp03358h,CAND-10.103-141,CAND-10.103-145,-,ALREADY_LINKED,EXPLICIT,EV-10.103-240,ok,ok,ok,none,-,APPLIED,-,CASE-10.103-002,CASE-10.103-002,-,
10.1039_d0cp03358h,CAND-10.103-142,CAND-10.103-154,-,MERGED,EXPLICIT,EV-10.103-241,ok,ok,ok,none,-,APPLIED,-,CASE-10.103-006,CASE-10.103-006,-,both results are measured on specimen '13'
10.1039_d0cp03358h,CAND-10.103-143,CAND-10.103-155,-,MERGED,EXPLICIT,EV-10.103-242,ok,ok,ok,none,-,APPLIED,-,CASE-10.103-007,CASE-10.103-007,-,both results are measured on specimen '14'
10.1039_d0cp03358h,CAND-10.103-144,CAND-10.103-156,-,MERGED,EXPLICIT,EV-10.103-243,ok,ok,ok,none,-,APPLIED,-,CASE-10.103-008,CASE-10.103-008,-,both results are measured on specimen '15'
10.1039_d0cp03358h,CAND-10.103-146,CAND-10.103-157,-,MERGED,EXPLICIT,EV-10.103-244,ok,ok,ok,none,-,APPLIED,-,CASE-10.103-009,CASE-10.103-009,-,both results are measured on specimen '16'
10.1039_d0cp03358h,CAND-10.103-148,CAND-10.103-124,-,MERGED,EXPLICIT,EV-10.103-268,ok,ok,ok,none,-,APPLIED,-,CASE-10.103-002,CASE-10.103-002,-,"this result is measured on specimen 6, whose deposition conditions the paper's specimen table states"
10.1039_d0cp03358h,CAND-10.103-148,CAND-10.103-125,-,MERGED,EXPLICIT,EV-10.103-269,ok,ok,ok,none,-,APPLIED,-,CASE-10.103-002,CASE-10.103-002,-,"this result is measured on specimen 5, whose deposition conditions the paper's specimen table states"
10.1039_d0cp03358h,CAND-10.103-148,CAND-10.103-126,-,MERGED,EXPLICIT,EV-10.103-270,ok,ok,ok,none,-,APPLIED,-,CASE-10.103-002,CASE-10.103-002,-,"this result is measured on specimen 4, whose deposition conditions the paper's specimen table states"
10.1039_d0cp03358h,CAND-10.103-148,CAND-10.103-127,-,MERGED,EXPLICIT,EV-10.103-271,ok,ok,ok,none,-,APPLIED,-,CASE-10.103-002,CASE-10.103-002,-,"this result is measured on specimen 8, whose deposition conditions the paper's specimen table states"
10.1039_d0cp03358h,CAND-10.103-148,CAND-10.103-128,-,ALREADY_LINKED,EXPLICIT,EV-10.103-272,ok,ok,ok,none,-,APPLIED,-,CASE-10.103-002,CASE-10.103-002,-,
10.1039_d0cp03358h,CAND-10.103-148,CAND-10.103-129,-,ALREADY_LINKED,EXPLICIT,EV-10.103-273,ok,ok,ok,none,-,APPLIED,-,CASE-10.103-002,CASE-10.103-002,-,
10.1039_d0cp03358h,CAND-10.103-148,CAND-10.103-130,-,ALREADY_LINKED,EXPLICIT,EV-10.103-274,ok,ok,ok,none,-,APPLIED,-,CASE-10.103-002,CASE-10.103-002,-,
10.1039_d0cp03358h,CAND-10.103-148,CAND-10.103-131,-,MERGED,EXPLICIT,EV-10.103-275,ok,ok,ok,none,-,APPLIED,-,CASE-10.103-002,CASE-10.103-002,-,"this result is measured on specimen 2, whose deposition conditions the paper's specimen table states"
10.1039_d0cp03358h,CAND-10.103-148,CAND-10.103-132,-,ALREADY_LINKED,EXPLICIT,EV-10.103-276,ok,ok,ok,none,-,APPLIED,-,CASE-10.103-002,CASE-10.103-002,-,
10.1039_d0cp03358h,CAND-10.103-148,CAND-10.103-133,-,ALREADY_LINKED,EXPLICIT,EV-10.103-277,ok,ok,ok,none,-,APPLIED,-,CASE-10.103-002,CASE-10.103-002,-,
10.1039_d0cp03358h,CAND-10.103-148,CAND-10.103-134,-,MERGED,EXPLICIT,EV-10.103-278,ok,ok,ok,none,-,APPLIED,-,CASE-10.103-002,CASE-10.103-002,-,"this result is measured on specimen 12, whose deposition conditions the paper's specimen table states"
10.1039_d0cp03358h,CAND-10.103-148,CAND-10.103-136,-,ALREADY_LINKED,EXPLICIT,EV-10.103-280,ok,ok,ok,none,-,APPLIED,-,CASE-10.103-002,CASE-10.103-002,-,
10.1039_d0cp03358h,CAND-10.103-148,CAND-10.103-139,-,ALREADY_LINKED,EXPLICIT,EV-10.103-283,ok,ok,ok,none,-,APPLIED,-,CASE-10.103-002,CASE-10.103-002,-,
10.1039_d0cp03358h,CAND-10.103-148,CAND-10.103-141,-,ALREADY_LINKED,EXPLICIT,EV-10.103-285,ok,ok,ok,none,-,APPLIED,-,CASE-10.103-002,CASE-10.103-002,-,
10.1039_d0cp03358h,CAND-10.103-148,CAND-10.103-145,-,ALREADY_LINKED,EXPLICIT,EV-10.103-289,ok,ok,ok,none,-,APPLIED,-,CASE-10.103-002,CASE-10.103-002,-,
10.1039_d0cp03358h,CAND-10.103-150,CAND-10.103-135,-,ALREADY_LINKED,EXPLICIT,EV-10.103-279,ok,ok,ok,none,-,APPLIED,-,CASE-10.103-003,CASE-10.103-003,-,
10.1039_d0cp03358h,CAND-10.103-151,CAND-10.103-137,-,ALREADY_LINKED,EXPLICIT,EV-10.103-281,ok,ok,ok,none,-,APPLIED,-,CASE-10.103-004,CASE-10.103-004,-,
10.1039_d0cp03358h,CAND-10.103-152,CAND-10.103-138,-,ALREADY_LINKED,EXPLICIT,EV-10.103-282,ok,ok,ok,none,-,APPLIED,-,CASE-10.103-005,CASE-10.103-005,-,
10.1039_d0cp03358h,CAND-10.103-153,CAND-10.103-123,-,ALREADY_LINKED,EXPLICIT,EV-10.103-267,ok,ok,ok,none,-,APPLIED,-,CASE-10.103-001,CASE-10.103-001,-,
10.1039_d0cp03358h,CAND-10.103-153,CAND-10.103-140,-,ALREADY_LINKED,EXPLICIT,EV-10.103-284,ok,ok,ok,none,-,APPLIED,-,CASE-10.103-001,CASE-10.103-001,-,
10.1039_d0cp03358h,CAND-10.103-154,CAND-10.103-142,-,ALREADY_LINKED,EXPLICIT,EV-10.103-286,ok,ok,ok,none,-,APPLIED,-,CASE-10.103-006,CASE-10.103-006,-,
10.1039_d0cp03358h,CAND-10.103-155,CAND-10.103-143,-,ALREADY_LINKED,EXPLICIT,EV-10.103-287,ok,ok,ok,none,-,APPLIED,-,CASE-10.103-007,CASE-10.103-007,-,
10.1039_d0cp03358h,CAND-10.103-156,CAND-10.103-144,-,ALREADY_LINKED,EXPLICIT,EV-10.103-288,ok,ok,ok,none,-,APPLIED,-,CASE-10.103-008,CASE-10.103-008,-,
10.1039_d0cp03358h,CAND-10.103-157,CAND-10.103-146,-,ALREADY_LINKED,EXPLICIT,EV-10.103-290,ok,ok,ok,none,-,APPLIED,-,CASE-10.103-009,CASE-10.103-009,-,
10.1039_d0cp03358h,CAND-10.103-124,CAND-10.103-125,-,ALREADY_LINKED,SUPPORTED,EV-10.103-264,ok,ok,ok,none,-,APPLIED,-,CASE-10.103-002,CASE-10.103-002,-,
10.1039_d0cp03358h,CAND-10.103-124,CAND-10.103-125,-,ALREADY_LINKED,SUPPORTED,EV-10.103-291,ok,ok,ok,none,-,APPLIED,-,CASE-10.103-002,CASE-10.103-002,-,
10.1039_d0cp03358h,CAND-10.103-124,CAND-10.103-126,-,ALREADY_LINKED,SUPPORTED,EV-10.103-265,ok,ok,ok,none,-,APPLIED,-,CASE-10.103-002,CASE-10.103-002,-,
10.1039_d0cp03358h,CAND-10.103-124,CAND-10.103-126,-,ALREADY_LINKED,SUPPORTED,EV-10.103-292,ok,ok,ok,none,-,APPLIED,-,CASE-10.103-002,CASE-10.103-002,-,
10.1039_d0cp03358h,CAND-10.103-124,CAND-10.103-127,-,ALREADY_LINKED,SUPPORTED,EV-10.103-293,ok,ok,ok,none,-,APPLIED,-,CASE-10.103-002,CASE-10.103-002,-,
10.1039_d0cp03358h,CAND-10.103-124,CAND-10.103-128,-,ALREADY_LINKED,SUPPORTED,EV-10.103-294,ok,ok,ok,none,-,APPLIED,-,CASE-10.103-002,CASE-10.103-002,-,
10.1039_d0cp03358h,CAND-10.103-124,CAND-10.103-129,-,ALREADY_LINKED,SUPPORTED,EV-10.103-295,ok,ok,ok,none,-,APPLIED,-,CASE-10.103-002,CASE-10.103-002,-,
10.1039_d0cp03358h,CAND-10.103-124,CAND-10.103-130,-,ALREADY_LINKED,SUPPORTED,EV-10.103-296,ok,ok,ok,none,-,APPLIED,-,CASE-10.103-002,CASE-10.103-002,-,
10.1039_d0cp03358h,CAND-10.103-124,CAND-10.103-131,-,ALREADY_LINKED,SUPPORTED,EV-10.103-297,ok,ok,ok,none,-,APPLIED,-,CASE-10.103-002,CASE-10.103-002,-,
10.1039_d0cp03358h,CAND-10.103-124,CAND-10.103-132,-,ALREADY_LINKED,SUPPORTED,EV-10.103-298,ok,ok,ok,none,-,APPLIED,-,CASE-10.103-002,CASE-10.103-002,-,
10.1039_d0cp03358h,CAND-10.103-124,CAND-10.103-133,-,ALREADY_LINKED,SUPPORTED,EV-10.103-299,ok,ok,ok,none,-,APPLIED,-,CASE-10.103-002,CASE-10.103-002,-,
10.1039_d0cp03358h,CAND-10.103-124,CAND-10.103-134,-,ALREADY_LINKED,SUPPORTED,EV-10.103-300,ok,ok,ok,none,-,APPLIED,-,CASE-10.103-002,CASE-10.103-002,-,
10.1039_d0cp03358h,CAND-10.103-124,CAND-10.103-136,-,ALREADY_LINKED,SUPPORTED,EV-10.103-301,ok,ok,ok,none,-,APPLIED,-,CASE-10.103-002,CASE-10.103-002,-,
10.1039_d0cp03358h,CAND-10.103-124,CAND-10.103-139,-,ALREADY_LINKED,SUPPORTED,EV-10.103-302,ok,ok,ok,none,-,APPLIED,-,CASE-10.103-002,CASE-10.103-002,-,
10.1039_d0cp03358h,CAND-10.103-124,CAND-10.103-141,-,ALREADY_LINKED,SUPPORTED,EV-10.103-303,ok,ok,ok,none,-,APPLIED,-,CASE-10.103-002,CASE-10.103-002,-,
10.1039_d0cp03358h,CAND-10.103-124,CAND-10.103-145,-,ALREADY_LINKED,SUPPORTED,EV-10.103-304,ok,ok,ok,none,-,APPLIED,-,CASE-10.103-002,CASE-10.103-002,-,
10.1039_d0cp03358h,CAND-10.103-125,CAND-10.103-126,-,ALREADY_LINKED,SUPPORTED,EV-10.103-266,ok,ok,ok,none,-,APPLIED,-,CASE-10.103-002,CASE-10.103-002,-,
10.1039_d0cp03358h,CAND-10.103-125,CAND-10.103-126,-,ALREADY_LINKED,SUPPORTED,EV-10.103-305,ok,ok,ok,none,-,APPLIED,-,CASE-10.103-002,CASE-10.103-002,-,
10.1039_d0cp03358h,CAND-10.103-125,CAND-10.103-127,-,ALREADY_LINKED,SUPPORTED,EV-10.103-306,ok,ok,ok,none,-,APPLIED,-,CASE-10.103-002,CASE-10.103-002,-,
10.1039_d0cp03358h,CAND-10.103-125,CAND-10.103-128,-,ALREADY_LINKED,SUPPORTED,EV-10.103-307,ok,ok,ok,none,-,APPLIED,-,CASE-10.103-002,CASE-10.103-002,-,
10.1039_d0cp03358h,CAND-10.103-125,CAND-10.103-129,-,ALREADY_LINKED,SUPPORTED,EV-10.103-308,ok,ok,ok,none,-,APPLIED,-,CASE-10.103-002,CASE-10.103-002,-,
10.1039_d0cp03358h,CAND-10.103-125,CAND-10.103-130,-,ALREADY_LINKED,SUPPORTED,EV-10.103-309,ok,ok,ok,none,-,APPLIED,-,CASE-10.103-002,CASE-10.103-002,-,
10.1039_d0cp03358h,CAND-10.103-125,CAND-10.103-131,-,ALREADY_LINKED,SUPPORTED,EV-10.103-310,ok,ok,ok,none,-,APPLIED,-,CASE-10.103-002,CASE-10.103-002,-,
10.1039_d0cp03358h,CAND-10.103-125,CAND-10.103-132,-,ALREADY_LINKED,SUPPORTED,EV-10.103-311,ok,ok,ok,none,-,APPLIED,-,CASE-10.103-002,CASE-10.103-002,-,
10.1039_d0cp03358h,CAND-10.103-125,CAND-10.103-133,-,ALREADY_LINKED,SUPPORTED,EV-10.103-312,ok,ok,ok,none,-,APPLIED,-,CASE-10.103-002,CASE-10.103-002,-,
10.1039_d0cp03358h,CAND-10.103-125,CAND-10.103-134,-,ALREADY_LINKED,SUPPORTED,EV-10.103-313,ok,ok,ok,none,-,APPLIED,-,CASE-10.103-002,CASE-10.103-002,-,
10.1039_d0cp03358h,CAND-10.103-125,CAND-10.103-136,-,ALREADY_LINKED,SUPPORTED,EV-10.103-314,ok,ok,ok,none,-,APPLIED,-,CASE-10.103-002,CASE-10.103-002,-,
10.1039_d0cp03358h,CAND-10.103-125,CAND-10.103-139,-,ALREADY_LINKED,SUPPORTED,EV-10.103-315,ok,ok,ok,none,-,APPLIED,-,CASE-10.103-002,CASE-10.103-002,-,
10.1039_d0cp03358h,CAND-10.103-125,CAND-10.103-141,-,ALREADY_LINKED,SUPPORTED,EV-10.103-316,ok,ok,ok,none,-,APPLIED,-,CASE-10.103-002,CASE-10.103-002,-,
10.1039_d0cp03358h,CAND-10.103-125,CAND-10.103-145,-,ALREADY_LINKED,SUPPORTED,EV-10.103-317,ok,ok,ok,none,-,APPLIED,-,CASE-10.103-002,CASE-10.103-002,-,
10.1039_d0cp03358h,CAND-10.103-126,CAND-10.103-127,-,ALREADY_LINKED,SUPPORTED,EV-10.103-318,ok,ok,ok,none,-,APPLIED,-,CASE-10.103-002,CASE-10.103-002,-,
10.1039_d0cp03358h,CAND-10.103-126,CAND-10.103-128,-,ALREADY_LINKED,SUPPORTED,EV-10.103-319,ok,ok,ok,none,-,APPLIED,-,CASE-10.103-002,CASE-10.103-002,-,
10.1039_d0cp03358h,CAND-10.103-126,CAND-10.103-129,-,ALREADY_LINKED,SUPPORTED,EV-10.103-320,ok,ok,ok,none,-,APPLIED,-,CASE-10.103-002,CASE-10.103-002,-,
10.1039_d0cp03358h,CAND-10.103-126,CAND-10.103-130,-,ALREADY_LINKED,SUPPORTED,EV-10.103-321,ok,ok,ok,none,-,APPLIED,-,CASE-10.103-002,CASE-10.103-002,-,
10.1039_d0cp03358h,CAND-10.103-126,CAND-10.103-131,-,ALREADY_LINKED,SUPPORTED,EV-10.103-322,ok,ok,ok,none,-,APPLIED,-,CASE-10.103-002,CASE-10.103-002,-,
10.1039_d0cp03358h,CAND-10.103-126,CAND-10.103-133,-,ALREADY_LINKED,SUPPORTED,EV-10.103-323,ok,ok,ok,none,-,APPLIED,-,CASE-10.103-002,CASE-10.103-002,-,
10.1039_d0cp03358h,CAND-10.103-126,CAND-10.103-134,-,ALREADY_LINKED,SUPPORTED,EV-10.103-324,ok,ok,ok,none,-,APPLIED,-,CASE-10.103-002,CASE-10.103-002,-,
10.1039_d0cp03358h,CAND-10.103-126,CAND-10.103-136,-,ALREADY_LINKED,SUPPORTED,EV-10.103-325,ok,ok,ok,none,-,APPLIED,-,CASE-10.103-002,CASE-10.103-002,-,
10.1039_d0cp03358h,CAND-10.103-126,CAND-10.103-139,-,ALREADY_LINKED,SUPPORTED,EV-10.103-326,ok,ok,ok,none,-,APPLIED,-,CASE-10.103-002,CASE-10.103-002,-,
10.1039_d0cp03358h,CAND-10.103-126,CAND-10.103-141,-,ALREADY_LINKED,SUPPORTED,EV-10.103-327,ok,ok,ok,none,-,APPLIED,-,CASE-10.103-002,CASE-10.103-002,-,
10.1039_d0cp03358h,CAND-10.103-126,CAND-10.103-145,-,ALREADY_LINKED,SUPPORTED,EV-10.103-328,ok,ok,ok,none,-,APPLIED,-,CASE-10.103-002,CASE-10.103-002,-,
10.1039_d0cp03358h,CAND-10.103-127,CAND-10.103-131,-,ALREADY_LINKED,SUPPORTED,EV-10.103-329,ok,ok,ok,none,-,APPLIED,-,CASE-10.103-002,CASE-10.103-002,-,
10.1039_d0cp03358h,CAND-10.103-127,CAND-10.103-132,-,ALREADY_LINKED,SUPPORTED,EV-10.103-330,ok,ok,ok,none,-,APPLIED,-,CASE-10.103-002,CASE-10.103-002,-,
10.1039_d0cp03358h,CAND-10.103-127,CAND-10.103-134,-,ALREADY_LINKED,SUPPORTED,EV-10.103-331,ok,ok,ok,none,-,APPLIED,-,CASE-10.103-002,CASE-10.103-002,-,
10.1039_d0cp03358h,CAND-10.103-127,CAND-10.103-141,-,ALREADY_LINKED,SUPPORTED,EV-10.103-332,ok,ok,ok,none,-,APPLIED,-,CASE-10.103-002,CASE-10.103-002,-,
10.1039_d0cp03358h,CAND-10.103-127,CAND-10.103-145,-,ALREADY_LINKED,SUPPORTED,EV-10.103-333,ok,ok,ok,none,-,APPLIED,-,CASE-10.103-002,CASE-10.103-002,-,
10.1039_d0cp03358h,CAND-10.103-128,CAND-10.103-131,-,ALREADY_LINKED,SUPPORTED,EV-10.103-334,ok,ok,ok,none,-,APPLIED,-,CASE-10.103-002,CASE-10.103-002,-,
10.1039_d0cp03358h,CAND-10.103-128,CAND-10.103-132,-,ALREADY_LINKED,SUPPORTED,EV-10.103-335,ok,ok,ok,none,-,APPLIED,-,CASE-10.103-002,CASE-10.103-002,-,
10.1039_d0cp03358h,CAND-10.103-128,CAND-10.103-134,-,ALREADY_LINKED,SUPPORTED,EV-10.103-336,ok,ok,ok,none,-,APPLIED,-,CASE-10.103-002,CASE-10.103-002,-,
10.1039_d0cp03358h,CAND-10.103-128,CAND-10.103-141,-,ALREADY_LINKED,SUPPORTED,EV-10.103-337,ok,ok,ok,none,-,APPLIED,-,CASE-10.103-002,CASE-10.103-002,-,
10.1039_d0cp03358h,CAND-10.103-128,CAND-10.103-145,-,ALREADY_LINKED,SUPPORTED,EV-10.103-338,ok,ok,ok,none,-,APPLIED,-,CASE-10.103-002,CASE-10.103-002,-,
10.1039_d0cp03358h,CAND-10.103-129,CAND-10.103-131,-,ALREADY_LINKED,SUPPORTED,EV-10.103-339,ok,ok,ok,none,-,APPLIED,-,CASE-10.103-002,CASE-10.103-002,-,
10.1039_d0cp03358h,CAND-10.103-129,CAND-10.103-132,-,ALREADY_LINKED,SUPPORTED,EV-10.103-340,ok,ok,ok,none,-,APPLIED,-,CASE-10.103-002,CASE-10.103-002,-,
10.1039_d0cp03358h,CAND-10.103-129,CAND-10.103-134,-,ALREADY_LINKED,SUPPORTED,EV-10.103-341,ok,ok,ok,none,-,APPLIED,-,CASE-10.103-002,CASE-10.103-002,-,
10.1039_d0cp03358h,CAND-10.103-129,CAND-10.103-141,-,ALREADY_LINKED,SUPPORTED,EV-10.103-342,ok,ok,ok,none,-,APPLIED,-,CASE-10.103-002,CASE-10.103-002,-,
10.1039_d0cp03358h,CAND-10.103-129,CAND-10.103-145,-,ALREADY_LINKED,SUPPORTED,EV-10.103-343,ok,ok,ok,none,-,APPLIED,-,CASE-10.103-002,CASE-10.103-002,-,
10.1039_d0cp03358h,CAND-10.103-130,CAND-10.103-131,-,ALREADY_LINKED,SUPPORTED,EV-10.103-344,ok,ok,ok,none,-,APPLIED,-,CASE-10.103-002,CASE-10.103-002,-,
10.1039_d0cp03358h,CAND-10.103-130,CAND-10.103-132,-,ALREADY_LINKED,SUPPORTED,EV-10.103-345,ok,ok,ok,none,-,APPLIED,-,CASE-10.103-002,CASE-10.103-002,-,
10.1039_d0cp03358h,CAND-10.103-130,CAND-10.103-134,-,ALREADY_LINKED,SUPPORTED,EV-10.103-346,ok,ok,ok,none,-,APPLIED,-,CASE-10.103-002,CASE-10.103-002,-,
10.1039_d0cp03358h,CAND-10.103-130,CAND-10.103-141,-,ALREADY_LINKED,SUPPORTED,EV-10.103-347,ok,ok,ok,none,-,APPLIED,-,CASE-10.103-002,CASE-10.103-002,-,
10.1039_d0cp03358h,CAND-10.103-130,CAND-10.103-145,-,ALREADY_LINKED,SUPPORTED,EV-10.103-348,ok,ok,ok,none,-,APPLIED,-,CASE-10.103-002,CASE-10.103-002,-,
10.1039_d0cp03358h,CAND-10.103-131,CAND-10.103-132,-,ALREADY_LINKED,SUPPORTED,EV-10.103-349,ok,ok,ok,none,-,APPLIED,-,CASE-10.103-002,CASE-10.103-002,-,
10.1039_d0cp03358h,CAND-10.103-131,CAND-10.103-133,-,ALREADY_LINKED,SUPPORTED,EV-10.103-350,ok,ok,ok,none,-,APPLIED,-,CASE-10.103-002,CASE-10.103-002,-,
10.1039_d0cp03358h,CAND-10.103-131,CAND-10.103-134,-,ALREADY_LINKED,SUPPORTED,EV-10.103-351,ok,ok,ok,none,-,APPLIED,-,CASE-10.103-002,CASE-10.103-002,-,
10.1039_d0cp03358h,CAND-10.103-131,CAND-10.103-136,-,ALREADY_LINKED,SUPPORTED,EV-10.103-352,ok,ok,ok,none,-,APPLIED,-,CASE-10.103-002,CASE-10.103-002,-,
10.1039_d0cp03358h,CAND-10.103-131,CAND-10.103-139,-,ALREADY_LINKED,SUPPORTED,EV-10.103-353,ok,ok,ok,none,-,APPLIED,-,CASE-10.103-002,CASE-10.103-002,-,
10.1039_d0cp03358h,CAND-10.103-131,CAND-10.103-141,-,ALREADY_LINKED,SUPPORTED,EV-10.103-354,ok,ok,ok,none,-,APPLIED,-,CASE-10.103-002,CASE-10.103-002,-,
10.1039_d0cp03358h,CAND-10.103-131,CAND-10.103-145,-,ALREADY_LINKED,SUPPORTED,EV-10.103-355,ok,ok,ok,none,-,APPLIED,-,CASE-10.103-002,CASE-10.103-002,-,
10.1039_d0cp03358h,CAND-10.103-132,CAND-10.103-133,-,ALREADY_LINKED,SUPPORTED,EV-10.103-356,ok,ok,ok,none,-,APPLIED,-,CASE-10.103-002,CASE-10.103-002,-,
10.1039_d0cp03358h,CAND-10.103-132,CAND-10.103-134,-,ALREADY_LINKED,SUPPORTED,EV-10.103-357,ok,ok,ok,none,-,APPLIED,-,CASE-10.103-002,CASE-10.103-002,-,
10.1039_d0cp03358h,CAND-10.103-132,CAND-10.103-136,-,ALREADY_LINKED,SUPPORTED,EV-10.103-358,ok,ok,ok,none,-,APPLIED,-,CASE-10.103-002,CASE-10.103-002,-,
10.1039_d0cp03358h,CAND-10.103-132,CAND-10.103-139,-,ALREADY_LINKED,SUPPORTED,EV-10.103-359,ok,ok,ok,none,-,APPLIED,-,CASE-10.103-002,CASE-10.103-002,-,
10.1039_d0cp03358h,CAND-10.103-132,CAND-10.103-141,-,ALREADY_LINKED,SUPPORTED,EV-10.103-360,ok,ok,ok,none,-,APPLIED,-,CASE-10.103-002,CASE-10.103-002,-,
10.1039_d0cp03358h,CAND-10.103-132,CAND-10.103-145,-,ALREADY_LINKED,SUPPORTED,EV-10.103-361,ok,ok,ok,none,-,APPLIED,-,CASE-10.103-002,CASE-10.103-002,-,
10.1039_d0cp03358h,CAND-10.103-133,CAND-10.103-134,-,ALREADY_LINKED,SUPPORTED,EV-10.103-362,ok,ok,ok,none,-,APPLIED,-,CASE-10.103-002,CASE-10.103-002,-,
10.1039_d0cp03358h,CAND-10.103-133,CAND-10.103-141,-,ALREADY_LINKED,SUPPORTED,EV-10.103-363,ok,ok,ok,none,-,APPLIED,-,CASE-10.103-002,CASE-10.103-002,-,
10.1039_d0cp03358h,CAND-10.103-133,CAND-10.103-145,-,ALREADY_LINKED,SUPPORTED,EV-10.103-364,ok,ok,ok,none,-,APPLIED,-,CASE-10.103-002,CASE-10.103-002,-,
10.1039_d0cp03358h,CAND-10.103-134,CAND-10.103-136,-,ALREADY_LINKED,SUPPORTED,EV-10.103-365,ok,ok,ok,none,-,APPLIED,-,CASE-10.103-002,CASE-10.103-002,-,
10.1039_d0cp03358h,CAND-10.103-134,CAND-10.103-139,-,ALREADY_LINKED,SUPPORTED,EV-10.103-366,ok,ok,ok,none,-,APPLIED,-,CASE-10.103-002,CASE-10.103-002,-,
10.1039_d0cp03358h,CAND-10.103-136,CAND-10.103-141,-,ALREADY_LINKED,SUPPORTED,EV-10.103-367,ok,ok,ok,none,-,APPLIED,-,CASE-10.103-002,CASE-10.103-002,-,
10.1039_d0cp03358h,CAND-10.103-136,CAND-10.103-145,-,ALREADY_LINKED,SUPPORTED,EV-10.103-368,ok,ok,ok,none,-,APPLIED,-,CASE-10.103-002,CASE-10.103-002,-,
10.1039_d0cp03358h,CAND-10.103-139,CAND-10.103-141,-,ALREADY_LINKED,SUPPORTED,EV-10.103-369,ok,ok,ok,none,-,APPLIED,-,CASE-10.103-002,CASE-10.103-002,-,
10.1039_d0cp03358h,CAND-10.103-139,CAND-10.103-145,-,ALREADY_LINKED,SUPPORTED,EV-10.103-370,ok,ok,ok,none,-,APPLIED,-,CASE-10.103-002,CASE-10.103-002,-,
10.1021_acs.langmuir.6b03119,CAND-10.102-213,CAND-10.102-214,-,MERGED,EXPLICIT,EV-10.102-025,ok,ok,ok,none,-,APPLIED,-,-,-,-,panel a of figure 4 shows the same growth at cycle_number = cycle 11-15 and cycle 75-79; a progression is not a second deposition
10.1021_acs.langmuir.6b03119,CAND-10.102-215,CAND-10.102-216,-,MERGED,EXPLICIT,EV-10.102-026,ok,ok,ok,none,-,APPLIED,-,-,-,-,panel b of figure 4 shows the same growth at cycle_number = cycle 11-15 and cycle 75-79; a progression is not a second deposition
10.1021_acs.langmuir.6b03119,CAND-10.102-217,CAND-10.102-218,-,MERGED,EXPLICIT,EV-10.102-027,ok,ok,ok,none,-,APPLIED,-,CASE-10.102-005,CASE-10.102-005,-,panel c of figure 4 shows the same growth at cycle_number = cycle 11-15 and cycle 75-79; a progression is not a second deposition
10.1021_acs.langmuir.6b03119,CAND-10.102-219,CAND-10.102-220,-,MERGED,EXPLICIT,EV-10.102-028,ok,ok,ok,none,-,APPLIED,-,-,-,-,panel d of figure 4 shows the same growth at cycle_number = cycle 11 and cycle 75; a progression is not a second deposition
