paper,candidate_a,candidate_b,figure_a,panel_a,figure_b,panel_b,design_id_a,design_id_b,varied_quantity_a,varied_quantity_b,branch_value_a,branch_value_b,link_class,action,strength,reason
10.1038_am.2016.182,CAND-10.103-015,CAND-10.103-026,2,a,2,b,DES::10.1038_am.2016.182::F2a::deposition_temperature,DES::10.1038_am.2016.182::F2b::deposition_temperature,deposition_temperature,deposition_temperature,80.0,80.0,SUPPORTED,MERGED,SUPPORTED,panels a/b of figure 2 plot different outputs at the same design branch deposition_temperature = 80 °C
10.1038_am.2016.182,CAND-10.103-016,CAND-10.103-027,2,a,2,b,DES::10.1038_am.2016.182::F2a::deposition_temperature,DES::10.1038_am.2016.182::F2b::deposition_temperature,deposition_temperature,deposition_temperature,100.0,100.0,SUPPORTED,MERGED,SUPPORTED,panels a/b of figure 2 plot different outputs at the same design branch deposition_temperature = 100 °C
10.1038_am.2016.182,CAND-10.103-017,CAND-10.103-028,2,a,2,b,DES::10.1038_am.2016.182::F2a::deposition_temperature,DES::10.1038_am.2016.182::F2b::deposition_temperature,deposition_temperature,deposition_temperature,120.0,120.0,SUPPORTED,MERGED,SUPPORTED,panels a/b of figure 2 plot different outputs at the same design branch deposition_temperature = 120 °C
10.1038_am.2016.182,CAND-10.103-018,CAND-10.103-029,2,a,2,b,DES::10.1038_am.2016.182::F2a::deposition_temperature,DES::10.1038_am.2016.182::F2b::deposition_temperature,deposition_temperature,deposition_temperature,150.0,150.0,SUPPORTED,MERGED,SUPPORTED,panels a/b of figure 2 plot different outputs at the same design branch deposition_temperature = 150 °C
10.1038_am.2016.182,CAND-10.103-019,CAND-10.103-030,2,a,2,b,DES::10.1038_am.2016.182::F2a::deposition_temperature,DES::10.1038_am.2016.182::F2b::deposition_temperature,deposition_temperature,deposition_temperature,200.0,200.0,SUPPORTED,MERGED,SUPPORTED,panels a/b of figure 2 plot different outputs at the same design branch deposition_temperature = 200 °C
10.1038_am.2016.182,CAND-10.103-020,CAND-10.103-031,2,a,2,b,DES::10.1038_am.2016.182::F2a::deposition_temperature,DES::10.1038_am.2016.182::F2b::deposition_temperature,deposition_temperature,deposition_temperature,250.0,250.0,SUPPORTED,MERGED,SUPPORTED,panels a/b of figure 2 plot different outputs at the same design branch deposition_temperature = 250 °C
10.1038_am.2016.182,CAND-10.103-020,CAND-10.103-033,2,a,2,b,DES::10.1038_am.2016.182::F2a::deposition_temperature,DES::10.1038_am.2016.182::F2b::deposition_temperature,deposition_temperature,deposition_temperature,250.0,250.0,SUPPORTED,BLOCKED,SUPPORTED,contradictory case-defining conditions
10.1038_am.2016.182,CAND-10.103-021,CAND-10.103-032,2,a,2,b,DES::10.1038_am.2016.182::F2a::deposition_temperature,DES::10.1038_am.2016.182::F2b::deposition_temperature,deposition_temperature,deposition_temperature,300.0,300.0,SUPPORTED,MERGED,SUPPORTED,panels a/b of figure 2 plot different outputs at the same design branch deposition_temperature = 300 °C
10.1038_am.2016.182,CAND-10.103-021,CAND-10.103-035,2,a,2,b,DES::10.1038_am.2016.182::F2a::deposition_temperature,DES::10.1038_am.2016.182::F2b::deposition_temperature,deposition_temperature,deposition_temperature,300.0,300.0,SUPPORTED,BLOCKED,SUPPORTED,contradictory case-defining conditions
10.1038_am.2016.182,CAND-10.103-023,CAND-10.103-031,2,a,2,b,DES::10.1038_am.2016.182::F2a::deposition_temperature,DES::10.1038_am.2016.182::F2b::deposition_temperature,deposition_temperature,deposition_temperature,250.0,250.0,SUPPORTED,BLOCKED,SUPPORTED,contradictory case-defining conditions
10.1038_am.2016.182,CAND-10.103-023,CAND-10.103-033,2,a,2,b,DES::10.1038_am.2016.182::F2a::deposition_temperature,DES::10.1038_am.2016.182::F2b::deposition_temperature,deposition_temperature,deposition_temperature,250.0,250.0,SUPPORTED,MERGED,SUPPORTED,panels a/b of figure 2 plot different outputs at the same design branch deposition_temperature = 250 °C
10.1038_am.2016.182,CAND-10.103-024,CAND-10.103-034,2,a,2,b,DES::10.1038_am.2016.182::F2a::deposition_temperature,DES::10.1038_am.2016.182::F2b::deposition_temperature,deposition_temperature,deposition_temperature,275.0,275.0,SUPPORTED,MERGED,SUPPORTED,panels a/b of figure 2 plot different outputs at the same design branch deposition_temperature = 275 °C
10.1038_am.2016.182,CAND-10.103-025,CAND-10.103-032,2,a,2,b,DES::10.1038_am.2016.182::F2a::deposition_temperature,DES::10.1038_am.2016.182::F2b::deposition_temperature,deposition_temperature,deposition_temperature,300.0,300.0,SUPPORTED,BLOCKED,SUPPORTED,contradictory case-defining conditions
10.1038_am.2016.182,CAND-10.103-025,CAND-10.103-035,2,a,2,b,DES::10.1038_am.2016.182::F2a::deposition_temperature,DES::10.1038_am.2016.182::F2b::deposition_temperature,deposition_temperature,deposition_temperature,300.0,300.0,SUPPORTED,MERGED,SUPPORTED,panels a/b of figure 2 plot different outputs at the same design branch deposition_temperature = 300 °C
10.1038_am.2016.182,CAND-10.103-036,CAND-10.103-016,,,2,a,,DES::10.1038_am.2016.182::F2a::deposition_temperature,,deposition_temperature,,100.0,SUPPORTED,MERGED,SUPPORTED,"the caption of figure 2 enumerates deposition_temperature = 100, 300, which figure 2 also reports"
10.1038_am.2016.182,CAND-10.103-036,CAND-10.103-027,,,2,b,,DES::10.1038_am.2016.182::F2b::deposition_temperature,,deposition_temperature,,100.0,SUPPORTED,ALREADY_LINKED,SUPPORTED,
10.1038_am.2016.182,CAND-10.103-037,CAND-10.103-021,,,2,a,,DES::10.1038_am.2016.182::F2a::deposition_temperature,,deposition_temperature,,300.0,SUPPORTED,MERGED,SUPPORTED,"the caption of figure 2 enumerates deposition_temperature = 100, 300, which figure 2 also reports"
10.1038_am.2016.182,CAND-10.103-037,CAND-10.103-025,,,2,a,,DES::10.1038_am.2016.182::F2a::deposition_temperature,,deposition_temperature,,300.0,SUPPORTED,BLOCKED,SUPPORTED,contradictory case-defining conditions
10.1038_am.2016.182,CAND-10.103-037,CAND-10.103-032,,,2,b,,DES::10.1038_am.2016.182::F2b::deposition_temperature,,deposition_temperature,,300.0,SUPPORTED,ALREADY_LINKED,SUPPORTED,
10.1038_am.2016.182,CAND-10.103-037,CAND-10.103-035,,,2,b,,DES::10.1038_am.2016.182::F2b::deposition_temperature,,deposition_temperature,,300.0,SUPPORTED,BLOCKED,SUPPORTED,contradictory case-defining conditions
10.1149_2.067203jes,CAND-10.114-040,CAND-10.114-117,,,,,,,,,,,EXPLICIT,BLOCKED,EXPLICIT,contradictory case-defining conditions
10.1149_2.067203jes,CAND-10.114-041,CAND-10.114-117,,,,,,,,,,,EXPLICIT,MERGED,EXPLICIT,explicit 'same_sample' citing figure 3
10.1149_2.067203jes,CAND-10.114-042,CAND-10.114-117,,,,,,,,,,,EXPLICIT,BLOCKED,EXPLICIT,contradictory case-defining conditions
10.1149_2.067203jes,CAND-10.114-043,CAND-10.114-117,,,,,,,,,,,EXPLICIT,MERGED,EXPLICIT,explicit 'same_sample' citing figure 3
10.1149_2.067203jes,CAND-10.114-044,CAND-10.114-117,,,,,,,,,,,EXPLICIT,MERGED,EXPLICIT,explicit 'same_sample' citing figure 3
10.1149_2.067203jes,CAND-10.114-045,CAND-10.114-067,4,a,4,e,DES::10.1149_2.067203jes::F4a::exposure_time,DES::10.1149_2.067203jes::F4e::exposure_time,exposure_time,exposure_time,0.01,0.01,SUPPORTED,MERGED,SUPPORTED,panels a/e of figure 4 plot different outputs at the same design branch exposure_time = 0.01 s
10.1149_2.067203jes,CAND-10.114-046,CAND-10.114-068,4,a,4,e,DES::10.1149_2.067203jes::F4a::exposure_time,DES::10.1149_2.067203jes::F4e::exposure_time,exposure_time,exposure_time,0.02,0.02,SUPPORTED,MERGED,SUPPORTED,panels a/e of figure 4 plot different outputs at the same design branch exposure_time = 0.02 s
10.1149_2.067203jes,CAND-10.114-048,CAND-10.114-070,4,a,4,e,DES::10.1149_2.067203jes::F4a::exposure_time,DES::10.1149_2.067203jes::F4e::exposure_time,exposure_time,exposure_time,0.05,0.05,SUPPORTED,MERGED,SUPPORTED,panels a/e of figure 4 plot different outputs at the same design branch exposure_time = 0.05 s
10.1149_2.067203jes,CAND-10.114-051,CAND-10.114-063,4,b,4,d,DES::10.1149_2.067203jes::F4b::purge_time,DES::10.1149_2.067203jes::F4d::purge_time,purge_time,purge_time,0.5,0.5,SUPPORTED,MERGED,SUPPORTED,panels b/d/h of figure 4 plot different outputs at the same design branch purge_time = 0.5 s
10.1149_2.067203jes,CAND-10.114-051,CAND-10.114-082,4,b,4,h,DES::10.1149_2.067203jes::F4b::purge_time,DES::10.1149_2.067203jes::F4h::purge_time,purge_time,purge_time,0.5,0.5,SUPPORTED,MERGED,SUPPORTED,panels b/d/h of figure 4 plot different outputs at the same design branch purge_time = 0.5 s
10.1149_2.067203jes,CAND-10.114-052,CAND-10.114-064,4,b,4,d,DES::10.1149_2.067203jes::F4b::purge_time,DES::10.1149_2.067203jes::F4d::purge_time,purge_time,purge_time,1.0,1.0,SUPPORTED,MERGED,SUPPORTED,panels b/d/h of figure 4 plot different outputs at the same design branch purge_time = 1 s
10.1149_2.067203jes,CAND-10.114-052,CAND-10.114-083,4,b,4,h,DES::10.1149_2.067203jes::F4b::purge_time,DES::10.1149_2.067203jes::F4h::purge_time,purge_time,purge_time,1.0,1.0,SUPPORTED,MERGED,SUPPORTED,panels b/d/h of figure 4 plot different outputs at the same design branch purge_time = 1 s
10.1149_2.067203jes,CAND-10.114-053,CAND-10.114-065,4,b,4,d,DES::10.1149_2.067203jes::F4b::purge_time,DES::10.1149_2.067203jes::F4d::purge_time,purge_time,purge_time,2.0,2.0,SUPPORTED,MERGED,SUPPORTED,panels b/d/h of figure 4 plot different outputs at the same design branch purge_time = 2 s
10.1149_2.067203jes,CAND-10.114-053,CAND-10.114-084,4,b,4,h,DES::10.1149_2.067203jes::F4b::purge_time,DES::10.1149_2.067203jes::F4h::purge_time,purge_time,purge_time,2.0,2.0,SUPPORTED,MERGED,SUPPORTED,panels b/d/h of figure 4 plot different outputs at the same design branch purge_time = 2 s
10.1149_2.067203jes,CAND-10.114-054,CAND-10.114-066,4,b,4,d,DES::10.1149_2.067203jes::F4b::purge_time,DES::10.1149_2.067203jes::F4d::purge_time,purge_time,purge_time,3.0,3.0,SUPPORTED,MERGED,SUPPORTED,panels b/d of figure 4 plot different outputs at the same design branch purge_time = 3 s
10.1149_2.067203jes,CAND-10.114-056,CAND-10.114-074,4,b,4,f,DES::10.1149_2.067203jes::F4b::purge_time,DES::10.1149_2.067203jes::F4f::purge_time,purge_time,purge_time,5.0,5.0,SUPPORTED,MERGED,SUPPORTED,panels b/f of figure 4 plot different outputs at the same design branch purge_time = 5 s
10.1149_2.067203jes,CAND-10.114-058,CAND-10.114-075,4,c,4,g,DES::10.1149_2.067203jes::F4c::pulse_time,DES::10.1149_2.067203jes::F4g::pulse_time,pulse_time,pulse_time,0.5,0.5,SUPPORTED,MERGED,SUPPORTED,panels c/g of figure 4 plot different outputs at the same design branch pulse_time = 0.5 s
10.1149_2.067203jes,CAND-10.114-059,CAND-10.114-076,4,c,4,g,DES::10.1149_2.067203jes::F4c::pulse_time,DES::10.1149_2.067203jes::F4g::pulse_time,pulse_time,pulse_time,1.0,1.0,SUPPORTED,MERGED,SUPPORTED,panels c/g of figure 4 plot different outputs at the same design branch pulse_time = 1 s
10.1149_2.067203jes,CAND-10.114-060,CAND-10.114-077,4,c,4,g,DES::10.1149_2.067203jes::F4c::pulse_time,DES::10.1149_2.067203jes::F4g::pulse_time,pulse_time,pulse_time,2.0,2.0,SUPPORTED,MERGED,SUPPORTED,panels c/g of figure 4 plot different outputs at the same design branch pulse_time = 2 s
10.1149_2.067203jes,CAND-10.114-061,CAND-10.114-078,4,c,4,g,DES::10.1149_2.067203jes::F4c::pulse_time,DES::10.1149_2.067203jes::F4g::pulse_time,pulse_time,pulse_time,3.0,3.0,SUPPORTED,MERGED,SUPPORTED,panels c/g of figure 4 plot different outputs at the same design branch pulse_time = 3 s
10.1149_2.067203jes,CAND-10.114-062,CAND-10.114-080,4,c,4,g,DES::10.1149_2.067203jes::F4c::pulse_time,DES::10.1149_2.067203jes::F4g::pulse_time,pulse_time,pulse_time,5.0,5.0,SUPPORTED,MERGED,SUPPORTED,panels c/g of figure 4 plot different outputs at the same design branch pulse_time = 5 s
10.1149_2.067203jes,CAND-10.114-063,CAND-10.114-082,4,d,4,h,DES::10.1149_2.067203jes::F4d::purge_time,DES::10.1149_2.067203jes::F4h::purge_time,purge_time,purge_time,0.5,0.5,SUPPORTED,ALREADY_LINKED,SUPPORTED,
10.1149_2.067203jes,CAND-10.114-064,CAND-10.114-083,4,d,4,h,DES::10.1149_2.067203jes::F4d::purge_time,DES::10.1149_2.067203jes::F4h::purge_time,purge_time,purge_time,1.0,1.0,SUPPORTED,ALREADY_LINKED,SUPPORTED,
10.1149_2.067203jes,CAND-10.114-065,CAND-10.114-084,4,d,4,h,DES::10.1149_2.067203jes::F4d::purge_time,DES::10.1149_2.067203jes::F4h::purge_time,purge_time,purge_time,2.0,2.0,SUPPORTED,ALREADY_LINKED,SUPPORTED,
10.1149_2.067203jes,CAND-10.114-085,CAND-10.114-093,5,a,5,b,DES::10.1149_2.067203jes::F5a::deposition_temperature,DES::10.1149_2.067203jes::F5b::deposition_temperature,deposition_temperature,deposition_temperature,50.0,50.0,SUPPORTED,MERGED,SUPPORTED,panels a/b of figure 5 plot different outputs at the same design branch deposition_temperature = 50 °C
10.1149_2.067203jes,CAND-10.114-086,CAND-10.114-094,5,a,5,b,DES::10.1149_2.067203jes::F5a::deposition_temperature,DES::10.1149_2.067203jes::F5b::deposition_temperature,deposition_temperature,deposition_temperature,100.0,100.0,SUPPORTED,MERGED,SUPPORTED,panels a/b of figure 5 plot different outputs at the same design branch deposition_temperature = 100 °C
10.1149_2.067203jes,CAND-10.114-087,CAND-10.114-095,5,a,5,b,DES::10.1149_2.067203jes::F5a::deposition_temperature,DES::10.1149_2.067203jes::F5b::deposition_temperature,deposition_temperature,deposition_temperature,150.0,150.0,SUPPORTED,MERGED,SUPPORTED,panels a/b of figure 5 plot different outputs at the same design branch deposition_temperature = 150 °C
10.1149_2.067203jes,CAND-10.114-088,CAND-10.114-096,5,a,5,b,DES::10.1149_2.067203jes::F5a::deposition_temperature,DES::10.1149_2.067203jes::F5b::deposition_temperature,deposition_temperature,deposition_temperature,200.0,200.0,SUPPORTED,MERGED,SUPPORTED,panels a/b of figure 5 plot different outputs at the same design branch deposition_temperature = 200 °C
10.1149_2.067203jes,CAND-10.114-089,CAND-10.114-097,5,a,5,b,DES::10.1149_2.067203jes::F5a::deposition_temperature,DES::10.1149_2.067203jes::F5b::deposition_temperature,deposition_temperature,deposition_temperature,250.0,250.0,SUPPORTED,MERGED,SUPPORTED,panels a/b of figure 5 plot different outputs at the same design branch deposition_temperature = 250 °C
10.1149_2.067203jes,CAND-10.114-090,CAND-10.114-098,5,a,5,b,DES::10.1149_2.067203jes::F5a::deposition_temperature,DES::10.1149_2.067203jes::F5b::deposition_temperature,deposition_temperature,deposition_temperature,300.0,300.0,SUPPORTED,MERGED,SUPPORTED,panels a/b of figure 5 plot different outputs at the same design branch deposition_temperature = 300 °C
10.1149_2.067203jes,CAND-10.114-091,CAND-10.114-099,5,a,5,b,DES::10.1149_2.067203jes::F5a::deposition_temperature,DES::10.1149_2.067203jes::F5b::deposition_temperature,deposition_temperature,deposition_temperature,350.0,350.0,SUPPORTED,MERGED,SUPPORTED,panels a/b of figure 5 plot different outputs at the same design branch deposition_temperature = 350 °C
10.1149_2.067203jes,CAND-10.114-092,CAND-10.114-100,5,a,5,b,DES::10.1149_2.067203jes::F5a::deposition_temperature,DES::10.1149_2.067203jes::F5b::deposition_temperature,deposition_temperature,deposition_temperature,400.0,400.0,SUPPORTED,MERGED,SUPPORTED,panels a/b of figure 5 plot different outputs at the same design branch deposition_temperature = 400 °C
10.1039_d0cp03358h,CAND-10.103-122,CAND-10.103-121,,,,,,,,,,,EXPLICIT,MERGED,EXPLICIT,explicit 'same_sample' citing figure 3
10.1039_d0cp03358h,CAND-10.103-125,CAND-10.103-131,,,,,,,,,,,EXPLICIT,MERGED,EXPLICIT,both results are measured on specimen '4'
10.1039_d0cp03358h,CAND-10.103-126,CAND-10.103-132,,,,,,,,,,,EXPLICIT,MERGED,EXPLICIT,both results are measured on specimen '8'
10.1039_d0cp03358h,CAND-10.103-126,CAND-10.103-135,,,,,,,,,,,EXPLICIT,MERGED,EXPLICIT,both results are measured on specimen '8'
10.1039_d0cp03358h,CAND-10.103-127,CAND-10.103-132,,,,,,,,,,,EXPLICIT,MERGED,EXPLICIT,both results are measured on specimen '8'
10.1039_d0cp03358h,CAND-10.103-127,CAND-10.103-135,,,,,,,,,,,EXPLICIT,ALREADY_LINKED,EXPLICIT,
10.1039_d0cp03358h,CAND-10.103-128,CAND-10.103-132,,,,,,,,,,,EXPLICIT,MERGED,EXPLICIT,both results are measured on specimen '8'
10.1039_d0cp03358h,CAND-10.103-128,CAND-10.103-135,,,,,,,,,,,EXPLICIT,ALREADY_LINKED,EXPLICIT,
10.1039_d0cp03358h,CAND-10.103-129,CAND-10.103-132,,,,,,,,,,,EXPLICIT,MERGED,EXPLICIT,both results are measured on specimen '8'
10.1039_d0cp03358h,CAND-10.103-129,CAND-10.103-135,,,,,,,,,,,EXPLICIT,ALREADY_LINKED,EXPLICIT,
10.1039_d0cp03358h,CAND-10.103-132,CAND-10.103-135,,,,,,,,,,,EXPLICIT,ALREADY_LINKED,EXPLICIT,
10.1039_d0cp03358h,CAND-10.103-123,CAND-10.103-124,,,,,,,,,,,SUPPORTED,MERGED,SUPPORTED,"specimens of Series B differ only in 'reflectometer_magnification', an instrument setting; every case-defining column of the paper's specimen table is equal"
10.1039_d0cp03358h,CAND-10.103-123,CAND-10.103-124,,,,,,,,,,,SUPPORTED,ALREADY_LINKED,SUPPORTED,
10.1039_d0cp03358h,CAND-10.103-123,CAND-10.103-125,,,,,,,,,,,SUPPORTED,MERGED,SUPPORTED,"specimens of Series B differ only in 'reflectometer_magnification', an instrument setting; every case-defining column of the paper's specimen table is equal"
10.1039_d0cp03358h,CAND-10.103-123,CAND-10.103-125,,,,,,,,,,,SUPPORTED,ALREADY_LINKED,SUPPORTED,
10.1039_d0cp03358h,CAND-10.103-123,CAND-10.103-126,,,,,,,,,,,SUPPORTED,MERGED,SUPPORTED,specimens 6 and 8 have identical deposition-defining conditions in the paper's own specimen table
10.1039_d0cp03358h,CAND-10.103-123,CAND-10.103-127,,,,,,,,,,,SUPPORTED,ALREADY_LINKED,SUPPORTED,
10.1039_d0cp03358h,CAND-10.103-123,CAND-10.103-128,,,,,,,,,,,SUPPORTED,ALREADY_LINKED,SUPPORTED,
10.1039_d0cp03358h,CAND-10.103-123,CAND-10.103-129,,,,,,,,,,,SUPPORTED,ALREADY_LINKED,SUPPORTED,
10.1039_d0cp03358h,CAND-10.103-123,CAND-10.103-130,,,,,,,,,,,SUPPORTED,MERGED,SUPPORTED,specimens 6 and 2 have identical deposition-defining conditions in the paper's own specimen table
10.1039_d0cp03358h,CAND-10.103-123,CAND-10.103-131,,,,,,,,,,,SUPPORTED,ALREADY_LINKED,SUPPORTED,
10.1039_d0cp03358h,CAND-10.103-123,CAND-10.103-132,,,,,,,,,,,SUPPORTED,ALREADY_LINKED,SUPPORTED,
10.1039_d0cp03358h,CAND-10.103-123,CAND-10.103-133,,,,,,,,,,,SUPPORTED,MERGED,SUPPORTED,specimens 6 and 12 have identical deposition-defining conditions in the paper's own specimen table
10.1039_d0cp03358h,CAND-10.103-123,CAND-10.103-135,,,,,,,,,,,SUPPORTED,ALREADY_LINKED,SUPPORTED,
10.1039_d0cp03358h,CAND-10.103-124,CAND-10.103-125,,,,,,,,,,,SUPPORTED,ALREADY_LINKED,SUPPORTED,
10.1039_d0cp03358h,CAND-10.103-124,CAND-10.103-125,,,,,,,,,,,SUPPORTED,ALREADY_LINKED,SUPPORTED,
10.1039_d0cp03358h,CAND-10.103-124,CAND-10.103-126,,,,,,,,,,,SUPPORTED,ALREADY_LINKED,SUPPORTED,
10.1039_d0cp03358h,CAND-10.103-124,CAND-10.103-127,,,,,,,,,,,SUPPORTED,ALREADY_LINKED,SUPPORTED,
10.1039_d0cp03358h,CAND-10.103-124,CAND-10.103-128,,,,,,,,,,,SUPPORTED,ALREADY_LINKED,SUPPORTED,
10.1039_d0cp03358h,CAND-10.103-124,CAND-10.103-129,,,,,,,,,,,SUPPORTED,ALREADY_LINKED,SUPPORTED,
10.1039_d0cp03358h,CAND-10.103-124,CAND-10.103-130,,,,,,,,,,,SUPPORTED,ALREADY_LINKED,SUPPORTED,
10.1039_d0cp03358h,CAND-10.103-124,CAND-10.103-131,,,,,,,,,,,SUPPORTED,ALREADY_LINKED,SUPPORTED,
10.1039_d0cp03358h,CAND-10.103-124,CAND-10.103-132,,,,,,,,,,,SUPPORTED,ALREADY_LINKED,SUPPORTED,
10.1039_d0cp03358h,CAND-10.103-124,CAND-10.103-133,,,,,,,,,,,SUPPORTED,ALREADY_LINKED,SUPPORTED,
10.1039_d0cp03358h,CAND-10.103-124,CAND-10.103-135,,,,,,,,,,,SUPPORTED,ALREADY_LINKED,SUPPORTED,
10.1039_d0cp03358h,CAND-10.103-125,CAND-10.103-126,,,,,,,,,,,SUPPORTED,ALREADY_LINKED,SUPPORTED,
10.1039_d0cp03358h,CAND-10.103-125,CAND-10.103-127,,,,,,,,,,,SUPPORTED,ALREADY_LINKED,SUPPORTED,
10.1039_d0cp03358h,CAND-10.103-125,CAND-10.103-128,,,,,,,,,,,SUPPORTED,ALREADY_LINKED,SUPPORTED,
10.1039_d0cp03358h,CAND-10.103-125,CAND-10.103-129,,,,,,,,,,,SUPPORTED,ALREADY_LINKED,SUPPORTED,
10.1039_d0cp03358h,CAND-10.103-125,CAND-10.103-130,,,,,,,,,,,SUPPORTED,ALREADY_LINKED,SUPPORTED,
10.1039_d0cp03358h,CAND-10.103-125,CAND-10.103-132,,,,,,,,,,,SUPPORTED,ALREADY_LINKED,SUPPORTED,
10.1039_d0cp03358h,CAND-10.103-125,CAND-10.103-133,,,,,,,,,,,SUPPORTED,ALREADY_LINKED,SUPPORTED,
10.1039_d0cp03358h,CAND-10.103-125,CAND-10.103-135,,,,,,,,,,,SUPPORTED,ALREADY_LINKED,SUPPORTED,
10.1039_d0cp03358h,CAND-10.103-126,CAND-10.103-130,,,,,,,,,,,SUPPORTED,ALREADY_LINKED,SUPPORTED,
10.1039_d0cp03358h,CAND-10.103-126,CAND-10.103-131,,,,,,,,,,,SUPPORTED,ALREADY_LINKED,SUPPORTED,
10.1039_d0cp03358h,CAND-10.103-126,CAND-10.103-133,,,,,,,,,,,SUPPORTED,ALREADY_LINKED,SUPPORTED,
10.1039_d0cp03358h,CAND-10.103-127,CAND-10.103-130,,,,,,,,,,,SUPPORTED,ALREADY_LINKED,SUPPORTED,
10.1039_d0cp03358h,CAND-10.103-127,CAND-10.103-131,,,,,,,,,,,SUPPORTED,ALREADY_LINKED,SUPPORTED,
10.1039_d0cp03358h,CAND-10.103-127,CAND-10.103-133,,,,,,,,,,,SUPPORTED,ALREADY_LINKED,SUPPORTED,
10.1039_d0cp03358h,CAND-10.103-128,CAND-10.103-130,,,,,,,,,,,SUPPORTED,ALREADY_LINKED,SUPPORTED,
10.1039_d0cp03358h,CAND-10.103-128,CAND-10.103-131,,,,,,,,,,,SUPPORTED,ALREADY_LINKED,SUPPORTED,
10.1039_d0cp03358h,CAND-10.103-128,CAND-10.103-133,,,,,,,,,,,SUPPORTED,ALREADY_LINKED,SUPPORTED,
10.1039_d0cp03358h,CAND-10.103-129,CAND-10.103-130,,,,,,,,,,,SUPPORTED,ALREADY_LINKED,SUPPORTED,
10.1039_d0cp03358h,CAND-10.103-129,CAND-10.103-131,,,,,,,,,,,SUPPORTED,ALREADY_LINKED,SUPPORTED,
10.1039_d0cp03358h,CAND-10.103-129,CAND-10.103-133,,,,,,,,,,,SUPPORTED,ALREADY_LINKED,SUPPORTED,
10.1039_d0cp03358h,CAND-10.103-130,CAND-10.103-131,,,,,,,,,,,SUPPORTED,ALREADY_LINKED,SUPPORTED,
10.1039_d0cp03358h,CAND-10.103-130,CAND-10.103-132,,,,,,,,,,,SUPPORTED,ALREADY_LINKED,SUPPORTED,
10.1039_d0cp03358h,CAND-10.103-130,CAND-10.103-133,,,,,,,,,,,SUPPORTED,ALREADY_LINKED,SUPPORTED,
10.1039_d0cp03358h,CAND-10.103-130,CAND-10.103-135,,,,,,,,,,,SUPPORTED,ALREADY_LINKED,SUPPORTED,
10.1039_d0cp03358h,CAND-10.103-131,CAND-10.103-132,,,,,,,,,,,SUPPORTED,ALREADY_LINKED,SUPPORTED,
10.1039_d0cp03358h,CAND-10.103-131,CAND-10.103-133,,,,,,,,,,,SUPPORTED,ALREADY_LINKED,SUPPORTED,
10.1039_d0cp03358h,CAND-10.103-131,CAND-10.103-135,,,,,,,,,,,SUPPORTED,ALREADY_LINKED,SUPPORTED,
10.1039_d0cp03358h,CAND-10.103-132,CAND-10.103-133,,,,,,,,,,,SUPPORTED,ALREADY_LINKED,SUPPORTED,
10.1039_d0cp03358h,CAND-10.103-133,CAND-10.103-135,,,,,,,,,,,SUPPORTED,ALREADY_LINKED,SUPPORTED,
