review,ref_index,doi,resolution_method,match_score,article_title,journal,year,unstructured
popov2025,0,,unresolved,31.1,Atomic layer deposition,,2001,
popov2025,1,10.1002/anie.200301652,crossref_deposited,,,Angew. Chem. Int. Ed.,2003,
popov2025,2,10.1149/1.3207651,crossref_deposited,,,ECS Trans.,2009,
popov2025,3,10.1021/cs501862h,crossref_deposited,,,ACS Catal.,2015,
popov2025,4,10.1063/1.5060967,crossref_deposited,,,Appl. Phys. Rev.,2019,
popov2025,5,,unresolved,,,,1977,
popov2025,6,,unresolved,,,,1977,
popov2025,7,10.1002/cvde.201402012,crossref_deposited,,,Chem. Vap. Deposition,2014,
popov2025,8,,unresolved,,,,2014,
popov2025,9,10.1063/1.4757907,crossref_deposited,,,J. Appl. Phys.,2013,
popov2025,10,,unresolved,,,,,
popov2025,11,10.1116/1.3609974,crossref_deposited,,,J. Vac. Sci. Technol. A,2011,
popov2025,12,10.1116/1.5088582,crossref_deposited,,,J. Vac. Sci. Technol. A,2019,
popov2025,13,10.1088/0957-4484/21/40/405602,crossref_deposited,,,Nanotechnology,2010,
popov2025,14,10.1021/jp504067c,crossref_deposited,,,J. Phys. Chem. C,2014,
popov2025,15,10.1021/acs.chemmater.6b04029,crossref_deposited,,,Chem. Mater.,2017,
popov2025,16,10.1016/j.apsusc.2016.11.192,crossref_deposited,,,Appl. Surf. Sci.,2017,
popov2025,17,10.3390/coatings8070237,crossref_deposited,,,Coatings,2018,
popov2025,18,10.1021/acs.chemmater.8b00445,crossref_deposited,,,Chem. Mater.,2018,
popov2025,19,10.1134/s0020168510010097,crossref_deposited,,,Inorg. Mater.,2010,
popov2025,20,10.1016/j.tsf.2014.06.038,crossref_deposited,,,Thin Solid Films,2014,
popov2025,21,10.1116/1.4972469,crossref_deposited,,,J. Vac. Sci. Technol. A,2017,
popov2025,22,10.1002/chem.201702939,crossref_deposited,,,Chem. Eur. J.,2017,
popov2025,23,10.1002/aelm.201600491,crossref_deposited,,,Adv. Electron. Mater.,2017,
popov2025,24,10.3390/ma12091429,crossref_deposited,,,Materials,2019,
popov2025,25,10.1116/1.5093402,crossref_deposited,,,J. Vac. Sci. Technol. A,2019,
popov2025,26,10.1021/acs.jpcc.1c03518,crossref_deposited,,,J. Phys. Chem. C,2021,
popov2025,27,10.1002/admi.202202166,crossref_deposited,,,Adv. Mater. Interfaces,2023,
popov2025,28,10.1063/5.0143013,crossref_deposited,,,J. Appl. Phys.,2023,
popov2025,29,10.1116/1.4903951,crossref_deposited,,,J. Vac. Sci. Technol. A,2015,
popov2025,30,10.1021/acs.chemmater.7b02175,crossref_deposited,,,Chem. Mater.,2017,
popov2025,31,10.1021/cm504238f,crossref_deposited,,,Chem. Mater.,2015,
popov2025,32,10.1021/acs.jpcc.5b02625,crossref_deposited,,,J. Phys. Chem. C,2015,
popov2025,33,10.1116/1.4943385,crossref_deposited,,,J. Vac. Sci. Technol. A,2016,
popov2025,34,10.1021/acsami.5b11878,crossref_deposited,,,ACS Appl. Mater. Interfaces,2016,
popov2025,35,10.1134/s0020168523040052,crossref_deposited,,,Inorg. Mater.,2023,
popov2025,36,10.1134/s1063739718020026,crossref_deposited,,,Russ. Microlectron.,2018,
popov2025,37,10.3390/coatings10100954,crossref_deposited,,,Coatings,2020,
popov2025,38,10.1021/acs.inorgchem.1c00731,crossref_deposited,,,Inorg. Chem.,2021,
popov2025,39,10.1039/d1dt02529e,crossref_deposited,,,Dalton Trans.,2021,
popov2025,40,10.1116/1.5135014,crossref_deposited,,,J. Vac. Sci. Technol. A,2020,
popov2025,41,10.1134/s1070363218080236,crossref_deposited,,,Russ. J. Gen. Chem.,2018,
popov2025,42,10.1039/c3ra23320k,crossref_deposited,,,RSC Adv.,2013,
popov2025,43,10.1021/am401092z,crossref_deposited,,,ACS Appl. Mater. Interfaces,2013,
popov2025,44,10.1116/1.4936390,crossref_deposited,,,J. Vac. Sci. Technol. A,2016,
popov2025,45,10.1016/j.nanoen.2017.02.015,crossref_deposited,,,Nano Energy,2017,
popov2025,46,10.1116/6.0000844,crossref_deposited,,,J. Vac. Sci. Technol. A,2021,
popov2025,47,10.1021/cm102904f,crossref_deposited,,,Chem. Mater.,2011,
popov2025,48,10.1002/pssa.201330080,crossref_deposited,,,Phys. Status Solidi A,2014,
popov2025,49,10.1149/1.3519497,crossref_deposited,,,J. Electrochem. Soc.,2011,
popov2025,50,10.1021/cm301658m,crossref_deposited,,,Chem. Mater.,2012,
popov2025,51,10.1002/admi.201770122,crossref_deposited,,,Adv. Mater. Interfaces,2017,
popov2025,52,10.1021/acs.chemmater.5b00603,crossref_deposited,,,Chem. Mater.,2015,
popov2025,53,10.1149/2.034203jes,crossref_deposited,,,J. Electrochem. Soc.,2012,
popov2025,54,10.1116/1.4968202,crossref_deposited,,,J. Vac. Sci. Technol. A,2017,
popov2025,55,10.1116/1.4968193,crossref_deposited,,,J. Vac. Sci. Technol. A,2017,
popov2025,56,10.1021/acs.chemmater.7b02167,crossref_deposited,,,Chem. Mater.,2017,
popov2025,57,10.1039/d0nr01092h,crossref_deposited,,,Nanoscale,2020,
popov2025,58,10.1021/acsmaterialsau.2c00075,crossref_deposited,,,ACS Mater. Au,2023,
popov2025,59,10.1039/c4tc00648h,crossref_deposited,,,J. Mater. Chem. C,2014,
popov2025,60,10.1116/1.5044396,crossref_deposited,,,J. Vac. Sci. Technol. A,2018,
popov2025,61,10.1116/1.5111969,crossref_deposited,,,J. Vac. Sci. Technol. A,2019,
popov2025,62,10.1063/1.4867469,crossref_deposited,,,Appl. Phys. Lett.,2014,
popov2025,63,10.1039/c5tc03561a,crossref_deposited,,,J. Mater. Chem. C,2016,
popov2025,64,10.1063/1.3553872,crossref_deposited,,,J. Appl. Phys.,2011,
popov2025,65,10.1007/s11664-013-2754-1,crossref_deposited,,,J. Electron. Mater.,2014,
popov2025,66,10.1021/acs.jpcc.7b05240,crossref_deposited,,,J. Phys. Chem. C,2017,
popov2025,67,10.1116/1.4840835,crossref_deposited,,,J. Vac. Sci. Technol. A,2014,
popov2025,68,10.1021/acs.jpcc.6b12629,crossref_deposited,,,J. Phys. Chem. C,2017,
popov2025,69,10.1007/s11664-019-07899-9,crossref_deposited,,,J. Electron. Mater.,2020,
popov2025,70,10.1016/j.jcrysgro.2017.04.019,crossref_deposited,,,J. Cryst. Growth,2017,
popov2025,71,10.1021/nl4030038,crossref_deposited,,,Nano Lett.,2014,
popov2025,72,10.1021/jp4080652,crossref_deposited,,,J. Phys. Chem. C,2013,
popov2025,73,10.1021/am404498y,crossref_deposited,,,ACS Appl. Mater. Interfaces,2014,
popov2025,74,10.1021/jz502285f,crossref_deposited,,,J. Phys. Chem. Lett.,2014,
popov2025,75,10.1021/acs.chemmater.5b02093,crossref_deposited,,,Chem. Mater.,2015,
popov2025,76,10.1002/cphc.201700407,crossref_deposited,,,ChemPhysChem,2017,
popov2025,77,10.1016/j.jmmm.2019.166167,crossref_deposited,,,J. Magn. Magn. Mater.,2020,
popov2025,78,10.1039/b918175j,crossref_deposited,,,Dalton Trans.,2010,
popov2025,79,10.1016/j.jeurceramsoc.2023.04.026,crossref_deposited,,,J. Eur. Ceram. Soc.,2023,
popov2025,80,10.1002/cssc.201600457,crossref_deposited,,,ChemSusChem,2016,
popov2025,81,10.1039/c6ta09485f,crossref_deposited,,,J. Mater. Chem. A,2017,
popov2025,82,10.1002/cnma.201700148,crossref_deposited,,,ChemNanoMat.,2017,
popov2025,83,10.1021/acs.jpcc.8b00796,crossref_deposited,,,J. Phys. Chem. C,2018,
popov2025,84,10.1021/cm101812k,crossref_deposited,,,Chem. Mater.,2010,
popov2025,85,10.1039/c0jm02280b,crossref_deposited,,,J. Mater. Chem.,2010,
popov2025,86,10.1116/1.4972776,crossref_deposited,,,J. Vac. Sci. Technol. A,2017,
popov2025,87,10.1039/c1jm11825k,crossref_deposited,,,J. Mater. Chem.,2011,
popov2025,88,10.1116/6.0002563,crossref_deposited,,,J. Vac. Sci. Technol. A,2023,
popov2025,89,10.1116/6.0000327,crossref_deposited,,,J. Vac. Sci. Technol. A,2020,
popov2025,90,10.1002/anie.201602406,crossref_deposited,,,Angew. Chem. Int. Ed.,2016,
popov2025,91,10.3390/ma14205966,crossref_deposited,,,Materials,2021,
popov2025,92,10.1557/jmr.2019.337,crossref_deposited,,,J. Mater. Res.,2020,
popov2025,93,10.1016/j.matchemphys.2013.03.038,crossref_deposited,,,Mater. Chem. Phys.,2013,
popov2025,94,10.1016/j.solmat.2016.01.043,crossref_deposited,,,Sol. Energy Mater. Sol. Cells,2016,
popov2025,95,10.1134/s0036024414090143,crossref_deposited,,,Russ. J. Phys. Chem. A,2014,
popov2025,96,10.1039/c6qm00291a,crossref_deposited,,,Mater. Chem. Front.,2017,
popov2025,97,10.1039/c0jm02786c,crossref_deposited,,,"J. Mater, Chem",2011,
popov2025,98,10.1016/j.apsusc.2014.10.025,crossref_deposited,,,Appl. Surf. Sci.,2014,
popov2025,99,10.1116/1.5026405,crossref_deposited,,,J. Vac. Sci. Technol. A,2018,
popov2025,100,10.1007/s10853-020-04380-5,crossref_deposited,,,J. Mater. Sci.,2020,
popov2025,101,10.1002/chem.202005268,crossref_deposited,,,Chem. Eur. J.,2021,
popov2025,102,10.1149/1.3248002,crossref_deposited,,,J. Electrochem. Soc.,2010,
popov2025,103,10.1021/cm2029189,crossref_deposited,,,Chem. Mater.,2012,
popov2025,104,10.1021/ja407014w,crossref_deposited,,,J. Am. Chem. Soc.,2013,
popov2025,105,10.1021/acs.chemmater.5b03504,crossref_deposited,,,Chem. Mater.,2016,
popov2025,106,10.1021/acs.chemmater.7b02456,crossref_deposited,,,Chem. Mater.,2017,
popov2025,107,10.1116/6.0001033,crossref_deposited,,,J. Vac. Sci. Technol. A,2021,
popov2025,108,10.1021/acs.chemmater.1c00877,crossref_deposited,,,Chem. Mater.,2021,
popov2025,109,10.1016/j.matlet.2021.131605,crossref_deposited,,,Mater. Lett.,2022,
popov2025,110,10.1002/cvde.201006891,crossref_deposited,,,Chem. Vap. Deposition,2011,
popov2025,111,10.1116/1.4772461,crossref_deposited,,,J. Vac. Sci. Technol. A,2013,
popov2025,112,10.1016/j.tsf.2015.07.003,crossref_deposited,,,Thin Solid Films,2015,
popov2025,113,10.1039/c7dt02757e,crossref_deposited,,,Dalton Trans.,2017,
popov2025,114,10.1021/acs.chemmater.6b05346,crossref_deposited,,,Chem. Mater.,2017,
popov2025,115,10.1016/j.surfcoat.2018.01.047,crossref_deposited,,,Surf. Coat. Technol.,2018,
popov2025,116,10.1002/admi.202200097,crossref_deposited,,,Adv. Mater. Interfaces,2022,
popov2025,117,10.1002/admi.201801291,crossref_deposited,,,Adv. Mater. Interfaces,2019,
popov2025,118,10.1021/acsnano.5b03429,crossref_deposited,,,ACS Nano,2015,
popov2025,119,10.1039/d1dt02315b,crossref_deposited,,,Dalton Trans.,2021,
popov2025,120,10.1116/1.4961385,crossref_deposited,,,J. Vac. Sci. Technol. A,2016,
popov2025,121,10.1016/j.apsusc.2016.04.096,crossref_deposited,,,Appl. Surf. Sci.,2016,
popov2025,122,10.1039/d3dt01717f,crossref_deposited,,,Dalton Trans.,2023,
popov2025,123,10.1021/cm102600m,crossref_deposited,,,Chem. Mater.,2010,
popov2025,124,10.1016/j.ijhydene.2010.01.140,crossref_deposited,,,Int. J. Hydrogen Energy,2010,
popov2025,125,10.1021/acsami.7b08097,crossref_deposited,,,ACS Appl. Mater. Interfaces,2017,
popov2025,126,10.1116/1.5063669,crossref_deposited,,,J. Vac. Sci. Technol. A,2019,
popov2025,127,10.1021/acs.chemmater.8b01271,crossref_deposited,,,Chem. Mater.,2018,
popov2025,128,10.1116/1.5066638,crossref_deposited,,,J. Vac. Sci. Technol. A,2019,
popov2025,129,10.1149/2.008202esl,crossref_deposited,,,Electrochem. Solid-State Lett.,2011,
popov2025,130,10.1116/1.4935353,crossref_deposited,,,J. Vac. Sci. Technol. A,2016,
popov2025,131,10.1021/acs.chemmater.5b00743,crossref_deposited,,,Chem. Mater.,2015,
popov2025,132,10.1016/j.jallcom.2017.12.023,crossref_deposited,,,J. Alloys Compd.,2018,
popov2025,133,10.1116/6.0000896,crossref_deposited,,,J. Vac. Sci. Technol. A,2021,
popov2025,134,10.3390/nano13192702,crossref_deposited,,,Nanomaterials,2023,
popov2025,135,10.1021/acs.chemmater.2c01202,crossref_deposited,,,Chem. Mater.,2022,
popov2025,136,10.1116/6.0000589,crossref_deposited,,,J. Vac. Sci. Technol. A,2020,
popov2025,137,10.1021/acs.chemmater.3c02059,crossref_deposited,,,Chem. Mater.,2023,
popov2025,138,10.1021/cm902294e,crossref_deposited,,,Chem. Mater.,2010,
popov2025,139,10.1021/cm202475e,crossref_deposited,,,Chem. Mater.,2011,
popov2025,140,10.1021/cm501109r,crossref_deposited,,,Chem. Mater.,2014,
popov2025,141,10.1039/c4tc01418a,crossref_deposited,,,J. Mater. Chem. C,2014,
popov2025,142,10.1016/j.tsf.2015.06.053,crossref_deposited,,,Thin Solid Films,2015,
popov2025,143,10.1021/acs.chemmater.6b04597,crossref_deposited,,,Chem. Mater.,2017,
popov2025,144,10.1021/acs.chemmater.7b02098,crossref_deposited,,,Chem. Mater.,2017,
popov2025,145,10.1021/acsami.8b17194,crossref_deposited,,,ACS Appl. Mater. Interfaces,2018,
popov2025,146,10.1002/adem.202100446,crossref_deposited,,,Adv. Eng. Mater.,2021,
popov2025,147,10.1021/acs.jpcc.8b03027,crossref_deposited,,,J. Phys. Chem. C,2018,
popov2025,148,10.1016/j.apsusc.2015.05.062,crossref_deposited,,,Appl. Surf. Sci.,2015,
popov2025,149,10.1039/c6dt02572b,crossref_deposited,,,Dalton Trans.,2017,
popov2025,150,10.1021/acsomega.9b03149,crossref_deposited,,,ACS Omega,2019,
popov2025,151,10.1021/acsanm.9b00808,crossref_deposited,,,ACS Appl. Nano Mater.,2019,
popov2025,152,10.1021/acsomega.9b01351,crossref_deposited,,,ACS Omega,2019,
popov2025,153,10.1016/j.tsf.2014.01.034,crossref_deposited,,,Thin Solid Films,2014,
popov2025,154,10.1016/j.tsf.2015.06.014,crossref_deposited,,,Thin Solid Films,2015,
popov2025,155,10.1063/1.3525929,crossref_deposited,,,Appl. Phys. Lett.,2010,
popov2025,156,10.1002/aelm.201600341,crossref_deposited,,,Adv. Electron. Mater.,2017,
popov2025,157,10.1063/1.4946884,crossref_deposited,,,APL Mater.,2016,
popov2025,158,10.1016/j.mtchem.2018.08.006,crossref_deposited,,,Mater. Today Chem.,2018,
popov2025,159,10.1088/0957-4484/26/5/054001,crossref_deposited,,,Nanotechnology,2015,
popov2025,160,10.1149/06409.0147ecst,crossref_deposited,,,ECS Trans.,2014,
popov2025,161,10.1002/cvde.201106959,crossref_deposited,,,Chem. Vap. Deposition,2012,
popov2025,162,10.1116/1.4933089,crossref_deposited,,,J. Vac. Sci. Technol. A,2016,
popov2025,163,10.1039/c5ta06899a,crossref_deposited,,,J. Mater. Chem. A,2016,
popov2025,164,10.1016/j.ceramint.2015.12.109,crossref_deposited,,,Ceram. Int.,2016,
popov2025,165,10.1088/0953-8984/28/47/475801,crossref_deposited,,,J. Phys.: Condens. Matter,2016,
popov2025,166,10.1021/acsami.6b13033,crossref_deposited,,,ACS Appl. Mater. Interfaces,2017,
popov2025,167,10.1021/acs.chemmater.1c02982,crossref_deposited,,,Chem. Mater.,2021,
popov2025,168,10.1002/admi.201701366,crossref_deposited,,,Adv. Mater. Interfaces,2018,
popov2025,169,10.1016/j.apsusc.2018.05.017,crossref_deposited,,,Appl. Surf. Sci.,2018,
popov2025,170,10.1021/acs.chemmater.2c00907,crossref_deposited,,,Chem. Mater.,2022,
popov2025,171,10.1021/cm3015463,crossref_deposited,,,Chem. Mater.,2012,
popov2025,172,10.1021/cm201412p,crossref_deposited,,,Chem. Mater.,2011,
popov2025,173,10.1021/cm2020862,crossref_deposited,,,Chem. Mater.,2012,
popov2025,174,10.1021/acs.chemmater.6b01869,crossref_deposited,,,Chem. Mater.,2016,
popov2025,175,10.1039/c0jm00363h,crossref_deposited,,,J. Mater. Chem.,2010,
popov2025,176,10.1116/1.4902079,crossref_deposited,,,J. Vac. Sci. Technol. A,2015,
popov2025,177,10.1116/1.4936389,crossref_deposited,,,J. Vac. Sci. Technol. A,2016,
popov2025,178,10.1002/cvde.201507170,crossref_deposited,,,Chem. Vap. Deposition,2015,
popov2025,179,10.1016/j.apsusc.2012.05.019,crossref_deposited,,,Appl. Surf. Sci.,2012,
popov2025,180,10.1039/c3tc30401a,crossref_deposited,,,J. Mater. Chem. C,2013,
popov2025,181,10.1002/cvde.201407116,crossref_deposited,,,Chem. Vap. Deposition,2014,
popov2025,182,10.1039/d3dt01824e,crossref_deposited,,,Dalton Trans.,2023,
popov2025,183,10.1109/ted.2016.2570221,crossref_deposited,,,IEEE Trans. Electron Devices,2016,
popov2025,184,10.1016/j.tsf.2016.03.018,crossref_deposited,,,Thin Solid Films,2016,
popov2025,185,10.1149/2.013206jss,crossref_deposited,,,ECS J. Solid State Sci. Technol.,2012,
popov2025,186,10.1063/1.4829138,crossref_deposited,,,Appl. Phys. Lett.,2013,
popov2025,187,10.1039/c3ra47469k,crossref_deposited,,,RSC Adv.,2014,
popov2025,188,10.1039/c6ra27644j,crossref_deposited,,,RSC Adv.,2017,
popov2025,189,10.1021/acs.chemmater.2c00753,crossref_deposited,,,Chem. Mater.,2022,
popov2025,190,10.1021/acsenergylett.7b01056,crossref_deposited,,,ACS Energy Lett.,2017,
popov2025,191,10.1149/2.004303jss,crossref_deposited,,,ECS J. Solid State Sci. Technol.,2013,
popov2025,192,10.1021/ja300319g,crossref_deposited,,,J. Am. Chem. Soc.,2012,
popov2025,193,10.1039/c8cc10175b,crossref_deposited,,,Chem. Commun.,2019,
popov2025,194,10.1007/s11671-010-9676-0,crossref_deposited,,,Nanoscale Res. Lett.,2010,
popov2025,195,10.1021/la305027k,crossref_deposited,,,Langmuir,2013,
popov2025,196,10.1016/j.apsusc.2015.04.154,crossref_deposited,,,Appl. Surf. Sci.,2015,
popov2025,197,10.1007/s11814-016-0319-8,crossref_deposited,,,Korean J. Chem. Eng.,2016,
popov2025,198,10.1002/admi.201700155,crossref_deposited,,,Adv. Mater. Interfaces,2017,
popov2025,199,10.1116/6.0000212,crossref_deposited,,,J. Vac. Sci. Technol. A,2020,
popov2025,200,10.1002/admi.202000318,crossref_deposited,,,Adv. Mater. Interfaces,2020,
popov2025,201,10.1039/c3ta11550j,crossref_deposited,,,J. Mater. Chem. A,2013,
popov2025,202,10.1002/advs.201500022,crossref_deposited,,,Adv. Sci.,2015,
popov2025,203,10.1039/d1ra00507c,crossref_deposited,,,RSC Adv.,2021,
popov2025,204,10.1016/j.jallcom.2022.168045,crossref_deposited,,,J. Alloys Compd.,2023,
popov2025,205,10.1002/anie.201700449,crossref_deposited,,,Angew. Chem. Int. Ed.,2017,
popov2025,206,10.1039/c2ee23620f,crossref_deposited,,,Energy Env. Sci.,2013,
popov2025,207,10.1002/cvde.201207030,crossref_deposited,,,Chem. Vap. Deposition,2013,
popov2025,208,10.1002/cvde.201106879,crossref_deposited,,,Chem. Vap. Deposition,2011,
popov2025,209,10.1021/cm300712x,crossref_deposited,,,Chem. Mater.,2012,
popov2025,210,10.1016/j.matchemphys.2023.128037,crossref_deposited,,,Mater. Chem. Phys.,2023,
popov2025,211,10.1021/acs.cgd.3c00502,crossref_deposited,,,Cryst. Growth Des.,2023,
popov2025,212,10.1039/c5tc03079j,crossref_deposited,,,J. Mater. Chem. C,2016,
popov2025,213,10.1021/cm4031057,crossref_deposited,,,Chem. Mater.,2014,
popov2025,214,10.1016/j.mssp.2019.05.028,crossref_deposited,,,Mater. Sci. Semicond. Process.,2019,
popov2025,215,10.1021/acsami.1c23889,crossref_deposited,,,ACS Appl. Mater. Interfaces,2022,
popov2025,216,10.1149/2.0021411jss,crossref_deposited,,,ECS J. Solid State Sci. Technol.,2014,
popov2025,217,10.1002/cvde.201507196,crossref_deposited,,,Chem. Vap. Deposition,2015,
popov2025,218,10.1002/cvde.200906833,crossref_deposited,,,Chem. Vap. Deposition,2010,
popov2025,219,10.3390/ma13010024,crossref_deposited,,,Materials,2019,
popov2025,220,10.1116/6.0001629,crossref_deposited,,,J. Vac. Sci. Technol. A,2022,
popov2025,221,10.1016/j.jlumin.2021.118544,crossref_deposited,,,J. Lumin.,2022,
popov2025,222,10.1002/bkcs.10400,crossref_deposited,,,Bull. Korean Chem. Soc.,2015,
popov2025,223,10.1021/acs.chemmater.7b04371,crossref_deposited,,,Chem. Mater.,2018,
popov2025,224,10.1021/acsaem.3c00960,crossref_deposited,,,ACS Appl. Energy Mater.,2023,
popov2025,225,10.1021/acsomega.3c05657,crossref_deposited,,,ACS Omega,2023,
popov2025,226,10.1021/cm403901y,crossref_deposited,,,Chem. Mater.,2014,
popov2025,227,10.1039/c8tc01041b,crossref_deposited,,,J. Mater. Chem. C,2018,
popov2025,228,10.1021/cm300539a,crossref_deposited,,,Chem. Mater.,2012,
popov2025,229,10.1021/cm4034885,crossref_deposited,,,Chem. Mater.,2014,
popov2025,230,10.1021/acs.chemmater.7b01236,crossref_deposited,,,Chem. Mater.,2017,
popov2025,231,10.1021/acs.chemmater.9b02533,crossref_deposited,,,Chem. Mater.,2019,
popov2025,232,10.1088/1361-6528/aacda0,crossref_deposited,,,Nanotechnology,2018,
popov2025,233,10.1021/acsami.0c03747,crossref_deposited,,,ACS Appl. Mater. Interfaces,2020,
popov2025,234,10.1016/j.jallcom.2023.172284,crossref_deposited,,,J. Alloys Compd.,2023,
popov2025,235,10.1021/acs.chemmater.6b03704,crossref_deposited,,,Chem. Mater.,2016,
popov2025,236,10.1021/acs.chemmater.9b01937,crossref_deposited,,,Chem. Mater.,2019,
popov2025,237,10.1166/jnn.2017.14044,crossref_deposited,,,J. Nanosci. Nanotechnol.,2017,
popov2025,238,10.1116/1.5079661,crossref_deposited,,,J. Vac. Sci. Technol. A,2019,
popov2025,239,10.1116/1.4843535,crossref_deposited,,,J. Vac. Sci. Technol. A,2014,
popov2025,240,10.1016/j.mee.2013.03.084,crossref_deposited,,,Microelectron. Eng.,2013,
popov2025,241,10.1007/s10853-017-1293-1,crossref_deposited,,,J. Mater. Sci.,2017,
popov2025,242,10.1016/j.tsf.2011.10.186,crossref_deposited,,,Thin Solid Films,2012,
popov2025,243,10.1063/1.3400213,crossref_deposited,,,Appl. Phys. Lett.,2010,
popov2025,244,10.1149/1.3266877,crossref_deposited,,,Electrochem. Solid-State Lett.,2010,
popov2025,245,10.1021/acs.chemmater.5b04360,crossref_deposited,,,Chem. Mater.,2016,
popov2025,246,10.1149/1.3301663,crossref_deposited,,,J. Electrochem. Soc.,2010,
popov2025,247,10.1149/1.3481630,crossref_deposited,,,ECS Trans.,2010,
popov2025,248,10.1016/j.jcrysgro.2009.10.028,crossref_deposited,,,J. Cryst. Growth,2010,
popov2025,249,10.1116/1.3664106,crossref_deposited,,,J. Vac. Sci. Technol. A,2012,
popov2025,250,10.1002/cvde.201106934,crossref_deposited,,,Chem. Vap. Deposition,2012,
popov2025,251,10.1021/acsami.9b07090,crossref_deposited,,,ACS Appl. Mater. Interfaces,2019,
popov2025,252,10.1116/6.0000053,crossref_deposited,,,J. Vac. Sci. Technol. A,2020,
popov2025,253,10.1039/d1dt03465k,crossref_deposited,,,Dalton Trans.,2021,
popov2025,254,10.1021/acs.inorgchem.1c02339,crossref_deposited,,,Inorg. Chem.,2021,
popov2025,255,10.1016/j.apsusc.2023.156834,crossref_deposited,,,Appl. Surf. Sci.,2023,
popov2025,256,10.1016/j.surfin.2023.103499,crossref_deposited,,,Surf. Interfaces,2023,
popov2025,257,10.1021/acsanm.3c03319,crossref_deposited,,,ACS Appl. Nano Mater.,2023,
popov2025,258,10.1021/acs.chemmater.9b01688,crossref_deposited,,,Chem. Mater.,2019,
popov2025,259,10.1002/admi.202001493,crossref_deposited,,,Adv. Mater. Interfaces,2020,
popov2025,260,10.1134/s0022476623030083,crossref_deposited,,,J. Struct. Chem.,2023,
popov2025,261,10.1007/s10854-018-0351-z,crossref_deposited,,,J. Mater. Sci. Mater. Electron.,2019,
popov2025,262,10.1016/j.mee.2010.06.043,crossref_deposited,,,Microelectron. Eng.,2011,
popov2025,263,10.1016/j.surfcoat.2013.04.050,crossref_deposited,,,Surf. Coat. Technol.,2013,
popov2025,264,10.1149/1.3360697,crossref_deposited,,,ECS Trans.,2010,
popov2025,265,10.1116/1.4764473,crossref_deposited,,,J. Vac. Sci. Technol. A,2013,
popov2025,266,10.1021/cm103637t,crossref_deposited,,,Chem. Mater.,2011,
popov2025,267,10.1039/c3dt52746h,crossref_deposited,,,Dalton Trans.,2014,
popov2025,268,10.1021/am502085c,crossref_deposited,,,ACS Appl. Mater. Interfaces,2014,
popov2025,269,10.1016/j.jallcom.2015.07.150,crossref_deposited,,,J. Alloys Compd.,2015,
popov2025,270,10.1016/j.ceramint.2015.05.015,crossref_deposited,,,Ceram. Int.,2015,
popov2025,271,10.1016/j.apsusc.2016.04.120,crossref_deposited,,,Appl. Surf. Sci.,2016,
popov2025,272,10.1016/j.apsusc.2017.05.066,crossref_deposited,,,Appl. Surf. Sci.,2017,
popov2025,273,10.1002/chem.201802317,crossref_deposited,,,Chem. Eur. J.,2018,
popov2025,274,10.1186/s11671-017-2414-0,crossref_deposited,,,Nanoscale Res. Lett.,2018,
popov2025,275,10.1116/1.5058171,crossref_deposited,,,J. Vac. Sci. Technol. A,2019,
popov2025,276,10.1149/09203.0003ecst,crossref_deposited,,,ECS Trans.,2019,
popov2025,277,10.1063/1.5081727,crossref_deposited,,,AIP Adv.,2019,
popov2025,278,10.1016/j.ceramint.2019.10.018,crossref_deposited,,,Ceram. Int.,2020,
popov2025,279,10.1021/acs.chemmater.0c02306,crossref_deposited,,,Chem. Mater.,2020,
popov2025,280,10.1039/d1dt03748j,crossref_deposited,,,Dalton Trans.,2022,
popov2025,281,10.1021/am501331w,crossref_deposited,,,ACS Appl. Mater. Interfaces,2014,
popov2025,282,10.1116/6.0001787,crossref_deposited,,,J. Vac. Sci. Technol. A,2022,
popov2025,283,10.1002/chem.202101126,crossref_deposited,,,Chem. Eur. J.,2021,
popov2025,284,10.1016/j.jcrysgro.2011.02.039,crossref_deposited,,,J. Cryst. Growth,2011,
popov2025,285,10.1116/6.0002079,crossref_deposited,,,J. Vac. Sci. Technol. A,2022,
popov2025,286,10.1021/acsami.7b04985,crossref_deposited,,,ACS Appl. Mater. Interfaces,2017,
popov2025,287,10.1021/am508071y,crossref_deposited,,,ACS Appl. Mater. Interfaces,2015,
popov2025,288,10.1109/led.2023.3239379,crossref_deposited,,,IEEE Electron Device Lett.,2023,
popov2025,289,10.3390/electronics6020027,crossref_deposited,,,Electronics,2017,
popov2025,290,10.1116/6.0003004,crossref_deposited,,,J. Vac. Sci. Technol. A,2023,
popov2025,291,10.3390/coatings13030605,crossref_deposited,,,Coatings,2023,
popov2025,292,10.1021/jp409738f,crossref_deposited,,,J. Phys. Chem. C,2014,
popov2025,293,10.1016/j.tsf.2015.01.027,crossref_deposited,,,Thin Solid Films,2015,
popov2025,294,10.1039/c0jm00486c,crossref_deposited,,,J. Mater. Chem.,2010,
popov2025,295,10.1039/c1jm12245b,crossref_deposited,,,J. Mater. Chem.,2011,
popov2025,296,10.1021/acs.jpcc.6b04461,crossref_deposited,,,J. Phys. Chem. C,2016,
popov2025,297,10.1002/celc.201800152,crossref_deposited,,,ChemElectroChem,2018,
popov2025,298,10.1021/acs.chemmater.1c03142,crossref_deposited,,,Chem. Mater.,2022,
popov2025,299,10.1002/admi.202102035,crossref_deposited,,,Adv. Mater. Interfaces,2022,
popov2025,300,10.1039/c4dt01930j,crossref_deposited,,,Dalton Trans.,2014,
popov2025,301,10.1116/1.4953406,crossref_deposited,,,J. Vac. Sci. Technol. A,2016,
popov2025,302,10.1039/d1dt03960a,crossref_deposited,,,Dalton Trans.,2022,
popov2025,303,10.1039/d1dt03736f,crossref_deposited,,,Dalton Trans.,2022,
popov2025,304,10.1016/j.apsusc.2010.03.049,crossref_deposited,,,Appl. Surf. Sci.,2010,
popov2025,305,10.1016/j.tsf.2018.06.011,crossref_deposited,,,Thin Solid Films,2018,
popov2025,306,10.3390/coatings13050870,crossref_deposited,,,Coatings,2023,
popov2025,307,10.1021/jp205222g,crossref_deposited,,,J. Phys. Chem. C,2012,
popov2025,308,10.1007/s11664-012-1960-6,crossref_deposited,,,J. Electron. Mater.,2012,
popov2025,309,10.1016/j.tsf.2013.10.139,crossref_deposited,,,Thin Solid Films,2014,
popov2025,310,10.1002/cvde.201407112,crossref_deposited,,,Chem. Vap. Deposition,2014,
popov2025,311,10.1021/acs.chemmater.7b05005,crossref_deposited,,,Chem. Mater.,2018,
popov2025,312,10.1038/s41467-020-16654-2,crossref_deposited,,,Nat. Commun.,2020,
popov2025,313,10.1039/c5dt00436e,crossref_deposited,,,Dalton Trans.,2015,
popov2025,314,10.1039/c8cc04998j,crossref_deposited,,,Chem. Commun.,2018,
popov2025,315,10.1063/1.4883767,crossref_deposited,,,J. Appl. Phys.,2014,
popov2025,316,10.1039/b923490j,crossref_deposited,,,J. Mater. Chem.,2010,
popov2025,317,10.1039/c4ta03359k,crossref_deposited,,,J. Mater. Chem. A,2014,
popov2025,318,10.1116/1.4972209,crossref_deposited,,,J. Vac. Sci. Technol. A,2017,
popov2025,319,10.1039/c7ra07722j,crossref_deposited,,,RSC Adv.,2017,
popov2025,320,10.1021/nn505480w,crossref_deposited,,,ACS Nano,2014,
popov2025,321,10.1039/c2ra20731a,crossref_deposited,,,RSC Adv.,2012,
popov2025,322,10.1002/smll.202102635,crossref_deposited,,,Small,2021,
popov2025,323,10.1021/acsnano.7b02561,crossref_deposited,,,ACS Nano,2017,
popov2025,324,10.1021/cm200899k,crossref_deposited,,,Chem. Mater.,2011,
popov2025,325,10.1039/c3ta14928e,crossref_deposited,,,J. Mater. Chem. A,2014,
popov2025,326,10.1002/celc.201600139,crossref_deposited,,,ChemElectroChem,2016,
popov2025,327,10.1039/c8ta08761j,crossref_deposited,,,J. Mater. Chem. A,2018,
popov2025,328,10.1116/6.0002863,crossref_deposited,,,J. Vac. Sci. Technol. A,2023,
popov2025,329,10.1021/acs.chemmater.7b01358,crossref_deposited,,,Chem. Mater.,2017,
popov2025,330,10.1021/cm400046w,crossref_deposited,,,Chem. Mater.,2013,
popov2025,331,10.1002/cvde.201207026,crossref_deposited,,,Chem. Vap. Deposition,2013,
popov2025,332,,unresolved,44.2,,,,"Y.
            Lee
          , D. M.Piper, A. S.Cavanagh, M. J.Young, S.-H.Lee, and S. M.George, chemRxiv:5459653.v1 (2017)."
popov2025,333,10.1021/acsami.8b04573,crossref_deposited,,,ACS Appl. Mater. Interfaces,2018,
popov2025,334,10.3390/inorganics6020046,crossref_deposited,,,Inorganics,2018,
popov2025,335,10.1116/6.0000314,crossref_deposited,,,J. Vac. Sci. Technol. A,2020,
popov2025,336,10.1016/j.jpowsour.2019.227373,crossref_deposited,,,J. Power Sources,2020,
popov2025,337,10.1002/adma.201401805,crossref_deposited,,,Adv. Mater.,2014,
popov2025,338,10.1021/acs.chemmater.7b00944,crossref_deposited,,,Chem. Mater.,2017,
popov2025,339,10.1021/jp409399y,crossref_deposited,,,J. Phys. Chem. C,2014,
popov2025,340,10.1021/acs.jpcc.9b03039,crossref_deposited,,,J. Phys. Chem. C,2019,
popov2025,341,10.1039/c3tc30271g,crossref_deposited,,,J. Mater. Chem. C,2013,
popov2025,342,10.1021/acsami.7b13467,crossref_deposited,,,ACS Appl. Mater. Interfaces,2018,
popov2025,343,10.1149/2.052203jes,crossref_deposited,,,J. Electrochem. Soc.,2012,
popov2025,344,10.1021/acs.chemmater.5b01654,crossref_deposited,,,Chem. Mater.,2015,
popov2025,345,10.1039/d1ta09500e,crossref_deposited,,,J. Mater. Chem. A,2022,
popov2025,346,10.1021/acs.chemmater.5b02199,crossref_deposited,,,Chem. Mater.,2015,
popov2025,347,10.1149/2.0371613jes,crossref_deposited,,,J. Electrochem. Soc.,2016,
popov2025,348,10.1021/acs.chemmater.7b00805,crossref_deposited,,,Chem. Mater.,2017,
popov2025,349,10.1116/1.3643349,crossref_deposited,,,J. Vac. Sci. Technol. A,2012,
popov2025,350,10.1021/acsami.7b07113,crossref_deposited,,,ACS Appl. Mater. Interfaces,2017,
popov2025,351,10.1021/jp4063302,crossref_deposited,,,J. Phys. Chem. C,2013,
popov2025,352,10.1039/c3ra40745d,crossref_deposited,,,RSC Adv.,2013,
popov2025,353,10.1039/d1dt03600a,crossref_deposited,,,Dalton Trans.,2022,
popov2025,354,10.1116/1.3662838,crossref_deposited,,,J. Vac. Sci. Technol. A,2012,
popov2025,355,10.1149/1.3567622,crossref_deposited,,,ECS Trans.,2011,
popov2025,356,10.1021/cm103480d,crossref_deposited,,,Chem. Mater.,2011,
popov2025,357,10.1021/acs.nanolett.6b03638,crossref_deposited,,,Nano Lett.,2016,
popov2025,358,10.1116/1.4901808,crossref_deposited,,,J. Vac. Sci. Technol. A,2015,
popov2025,359,10.1039/d1tc04223h,crossref_deposited,,,J. Mater. Chem. C,2021,
popov2025,360,10.1021/acsami.6b04529,crossref_deposited,,,ACS Appl. Mater. Interfaces,2016,
popov2025,361,10.1021/cm102003y,crossref_deposited,,,Chem. Mater.,2010,
popov2025,362,10.1039/c6dt03040h,crossref_deposited,,,Dalton Trans.,2016,
popov2025,363,10.1016/j.apsusc.2019.04.262,crossref_deposited,,,Appl. Surf. Sci.,2019,
popov2025,364,,unresolved,42.0,,ACS Appl. Mater. Interfaces,2016,
popov2025,365,10.1021/cm101673u,crossref_deposited,,,Chem. Mater.,2011,
popov2025,366,10.3390/coatings13061070,crossref_deposited,,,Coatings,2023,
popov2025,367,10.1116/6.0002804,crossref_deposited,,,J. Vac. Sci. Technol. A,2023,
popov2025,368,10.1116/6.0002308,crossref_deposited,,,J. Vac. Sci. Technol. A,2023,
popov2025,369,10.1021/am500285d,crossref_deposited,,,ACS Appl. Mater. Interfaces,2014,
popov2025,370,10.1116/6.0002154,crossref_deposited,,,J. Vac. Sci. Technol. A,2022,
popov2025,371,10.1039/c0jm01099e,crossref_deposited,,,J. Mater. Chem.,2011,
popov2025,372,10.1116/1.4843595,crossref_deposited,,,J. Vac. Sci. Technol. A,2014,
popov2025,373,10.1021/acs.chemmater.6b00248,crossref_deposited,,,Chem. Mater.,2016,
popov2025,374,10.1116/1.4959532,crossref_deposited,,,J. Vac. Sci. Technol. A,2016,
popov2025,375,10.1021/acs.chemmater.6b03423,crossref_deposited,,,Chem. Mater.,2016,
popov2025,376,10.1039/c6dt03952a,crossref_deposited,,,Dalton Trans.,2017,
popov2025,377,10.1021/acs.chemmater.8b01171,crossref_deposited,,,Chem. Mater.,2018,
popov2025,378,10.1021/acs.chemmater.8b04129,crossref_deposited,,,Chem. Mater.,2018,
popov2025,379,10.1016/j.mtchem.2018.04.005,crossref_deposited,,,Mater. Today Chem.,2018,
popov2025,380,10.1116/6.0002436,crossref_deposited,,,J. Vac. Sci. Technol. A,2023,
popov2025,381,10.1016/j.ceramint.2022.10.047,crossref_deposited,,,Ceram. Int.,2023,
popov2025,382,10.1116/6.0000219,crossref_deposited,,,J. Vac. Sci. Technol. A,2020,
popov2025,383,10.1134/s0036024422100181,crossref_deposited,,,Russ. J. Phys. Chem. A,2022,
popov2025,384,10.1116/1.5130606,crossref_deposited,,,J. Vac. Sci. Technol. A,2020,
popov2025,385,10.3390/applnano4010003,crossref_deposited,,,Appl. Nano,2023,
popov2025,386,10.1039/c4nr04816d,crossref_deposited,,,Nanoscale,2014,
popov2025,387,10.1016/j.electacta.2014.09.077,crossref_deposited,,,Electrochim. Acta,2014,
popov2025,388,10.1039/c4nr02451f,crossref_deposited,,,Nanoscale,2014,
popov2025,389,10.1002/adma.201703031,crossref_deposited,,,Adv. Mater.,2017,
popov2025,390,10.1088/2053-1583/aa9ea5,crossref_deposited,,,2D Mater.,2017,
popov2025,391,10.1039/c6nr06021h,crossref_deposited,,,Nanoscale,2017,
popov2025,392,10.1002/anie.201611838,crossref_deposited,,,Angew. Chem. Int. Ed.,2017,
popov2025,393,10.1002/admi.201700123,crossref_deposited,,,Adv. Mater. Interfaces,2017,
popov2025,394,10.1116/1.5003423,crossref_deposited,,,J. Vac. Sci. Technol. A,2018,
popov2025,395,10.1116/1.5059424,crossref_deposited,,,J. Vac. Sci. Technol. A,2019,
popov2025,396,10.1016/j.flatc.2019.100130,crossref_deposited,,,FlatChem,2019,
popov2025,397,10.1002/pssr.201900018,crossref_deposited,,,Phys. Status Solidi (RRL),2019,
popov2025,398,10.1002/admi.202200643,crossref_deposited,,,Adv. Mater. Interfaces,2022,
popov2025,399,10.1002/pssr.201800023,crossref_deposited,,,Phys. Status Solidi (RRL),2018,
popov2025,400,10.1002/cplu.202000108,crossref_deposited,,,ChemPlusChem,2020,
popov2025,401,10.1016/j.flatc.2020.100166,crossref_deposited,,,FlatChem,2020,
popov2025,402,10.1039/d0ra10239c,crossref_deposited,,,RSC Adv.,2021,
popov2025,403,10.1002/admi.201701146,crossref_deposited,,,Adv. Mater. Interfaces,2018,
popov2025,404,10.1016/j.apmt.2021.101017,crossref_deposited,,,Appl. Mater. Today,2021,
popov2025,405,10.1116/6.0000847,crossref_deposited,,,J. Vac. Sci. Technol. A,2021,
popov2025,406,10.1039/d1dt03479k,crossref_deposited,,,Dalton Trans.,2021,
popov2025,407,10.1021/acsami.0c03578,crossref_deposited,,,ACS Appl. Mater. Interfaces,2020,
popov2025,408,10.1039/c5ta08435k,crossref_deposited,,,J. Mater. Chem. A,2015,
popov2025,409,10.1116/6.0000166,crossref_deposited,,,J. Vac. Sci. Technol. A,2020,
popov2025,410,10.1021/cm2026812,crossref_deposited,,,Chem. Mater.,2012,
popov2025,411,10.1116/1.5124100,crossref_deposited,,,J. Vac. Sci. Technol. A,2019,
popov2025,412,10.1088/1361-6528/ab6fd6,crossref_deposited,,,Nanotechnology,2020,
popov2025,413,10.1016/j.matlet.2020.129220,crossref_deposited,,,Mater. Lett.,2021,
popov2025,414,10.1016/j.matlet.2011.04.067,crossref_deposited,,,Mater. Lett.,2011,
popov2025,415,10.1021/jp207612r,crossref_deposited,,,J. Phys. Chem. C,2011,
popov2025,416,10.1021/jp201873b,crossref_deposited,,,J. Phys. Chem. C,2011,
popov2025,417,10.1021/nl303101n,crossref_deposited,,,Nano Lett.,2012,
popov2025,418,10.1021/acsanm.0c02820,crossref_deposited,,,ACS Appl. Nano Mater.,2021,
popov2025,419,10.1149/2.023201jss,crossref_deposited,,,ECS J. Solid State Sci. Technol.,2012,
popov2025,420,10.1149/1.3633673,crossref_deposited,,,ECS Trans.,2011,
popov2025,421,10.1021/acsaelm.1c00030,crossref_deposited,,,ACS Appl. Electron. Mater.,2021,
popov2025,422,10.1149/1.3504196,crossref_deposited,,,J. Electrochem. Soc.,2011,
popov2025,423,10.1021/jp5068318,crossref_deposited,,,J. Phys. Chem. C,2014,
popov2025,424,10.1021/acsami.8b03074,crossref_deposited,,,ACS Appl. Mater. Interfaces,2018,
popov2025,425,10.1039/c8nr08040b,crossref_deposited,,,Nanoscale,2019,
popov2025,426,10.1021/acsomega.9b01003,crossref_deposited,,,ACS Omega,2019,
popov2025,427,10.1039/d2dt01347a,crossref_deposited,,,Dalton Trans.,2022,
popov2025,428,10.1021/acs.chemmater.9b01877,crossref_deposited,,,Chem. Mater.,2019,
popov2025,429,10.1002/pssa.201900058,crossref_deposited,,,Phys. Status Solidi A,2019,
popov2025,430,10.1039/c7dt00512a,crossref_deposited,,,Dalton Trans.,2017,
popov2025,431,10.1016/j.inoche.2022.109235,crossref_deposited,,,Inorg. Chem. Commun.,2022,
popov2025,432,10.1116/1.5082012,crossref_deposited,,,J. Vac. Sci. Technol. A,2019,
popov2025,433,10.1016/j.jcat.2020.09.035,crossref_deposited,,,J. Catal.,2021,
popov2025,434,10.1002/cvde.201106949,crossref_deposited,,,Chem. Vap. Deposition,2012,
popov2025,435,10.1016/j.surfcoat.2016.08.074,crossref_deposited,,,Surf. Coat. Technol.,2016,
popov2025,436,10.1063/1.5056223,crossref_deposited,,,Appl. Phys. Lett.,2018,
popov2025,437,10.1016/j.apsusc.2019.03.071,crossref_deposited,,,Appl. Surf. Sci.,2019,
popov2025,438,10.1021/acsami.9b08926,crossref_deposited,,,ACS Appl. Mater. Interfaces,2019,
popov2025,439,10.1021/acsaem.9b02507,crossref_deposited,,,ACS Appl. Energy Mater.,2020,
popov2025,440,10.1116/1.4938078,crossref_deposited,,,J. Vac. Sci. Technol. A,2016,
popov2025,441,10.1021/acsaelm.1c00145,crossref_deposited,,,ACS Appl. Electron. Mater.,2021,
popov2025,442,10.1021/acs.chemmater.5b04645,crossref_deposited,,,Chem. Mater.,2016,
popov2025,443,10.1021/acsami.8b00813,crossref_deposited,,,ACS Appl. Mater. Interfaces,2018,
popov2025,444,10.1021/acs.chemmater.0c02505,crossref_deposited,,,Chem. Mater.,2020,
popov2025,445,10.1016/j.apsusc.2014.05.092,crossref_deposited,,,Appl. Surf. Sci.,2014,
popov2025,446,10.1021/cm201795s,crossref_deposited,,,Chem. Mater.,2012,
popov2025,447,10.1039/d2dt02216h,crossref_deposited,,,Dalton Trans.,2022,
popov2025,448,10.1111/jace.17521,crossref_deposited,,,J. Am. Ceram. Soc.,2021,
popov2025,449,10.1021/acs.chemmater.8b04969,crossref_deposited,,,Chem. Mater.,2019,
popov2025,450,10.1021/acs.chemmater.1c03093,crossref_deposited,,,Chem. Mater.,2022,
popov2025,451,10.1021/acs.chemmater.0c01887,crossref_deposited,,,Chem. Mater.,2020,
popov2025,452,10.1149/2.014406jss,crossref_deposited,,,ECS J. Solid State Sci. Technol.,2014,
popov2025,453,10.1116/1.5080226,crossref_deposited,,,J. Vac. Sci. Technol. A,2019,
popov2025,454,10.1063/1.3596574,crossref_deposited,,,J. Appl. Phys.,2011,
popov2025,455,10.1021/cm100061n,crossref_deposited,,,Chem. Mater.,2010,
popov2025,456,10.1016/j.tsf.2013.01.091,crossref_deposited,,,Thin Solid Films,2013,
popov2025,457,10.1016/j.tsf.2021.138955,crossref_deposited,,,Thin Solid Films,2021,
popov2025,458,10.1021/acsanm.9b02153,crossref_deposited,,,ACS Appl. Nano Mater.,2019,
popov2025,459,10.1143/jjap.49.04da14,crossref_deposited,,,Jpn. J. Appl. Phys.,2010,
popov2025,460,10.1016/j.jallcom.2021.159100,crossref_deposited,,,J. Alloys Compd.,2021,
popov2025,461,10.1039/c3ta01665j,crossref_deposited,,,J. Mater. Chem. A,2013,
popov2025,462,10.1038/am.2016.182,crossref_deposited,,,NPG Asia Mater.,2016,
popov2025,463,10.1021/acs.chemmater.9b00675,crossref_deposited,,,Chem. Mater.,2019,
popov2025,464,10.1016/j.cej.2022.136123,crossref_deposited,,,Chem. Eng. J.,2022,
popov2025,465,10.1039/c7dt03753h,crossref_deposited,,,Dalton Trans.,2017,
popov2025,466,10.1002/anie.201806985,crossref_deposited,,,Angew. Chem. Int. Ed.,2018,
popov2025,467,10.1021/acsami.7b12303,crossref_deposited,,,ACS Appl. Mater. Interfaces,2017,
popov2025,468,10.1039/d1dt03454e,crossref_deposited,,,Dalton Trans.,2021,
popov2025,469,10.1002/adma.201703622,crossref_deposited,,,Adv. Mater.,2018,
popov2025,470,10.1039/d1ra03942c,crossref_deposited,,,RSC Adv.,2021,
popov2025,471,10.1016/j.jcrysgro.2010.03.033,crossref_deposited,,,J. Cryst. Growth,2010,
popov2025,472,10.1149/1.3251285,crossref_deposited,,,J. Electrochem. Soc.,2010,
popov2025,473,10.1149/1.3533387,crossref_deposited,,,J. Electrochem. Soc.,2011,
popov2025,474,10.1149/1.3575163,crossref_deposited,,,J. Electrochem. Soc.,2011,
popov2025,475,10.1039/c2jm35332f,crossref_deposited,,,J. Mater. Chem.,2012,
popov2025,476,10.1149/2.001303jss,crossref_deposited,,,ECS J. Solid State Sci. Technol.,2013,
popov2025,477,10.1149/2.069206jes,crossref_deposited,,,J. Electrochem. Soc.,2012,
popov2025,478,10.1016/j.tsf.2011.11.088,crossref_deposited,,,Thin Solid Films,2012,
popov2025,479,10.1063/1.4766747,crossref_deposited,,,J. Appl. Phys.,2012,
popov2025,480,10.1016/j.tsf.2013.03.074,crossref_deposited,,,Thin Solid Films,2013,
popov2025,481,10.1116/1.4902560,crossref_deposited,,,J. Vac. Sci. Technol. A,2015,
popov2025,482,10.1021/cm5035485,crossref_deposited,,,Chem. Mater.,2014,
popov2025,483,10.1021/acs.chemmater.5b00818,crossref_deposited,,,Chem. Mater.,2015,
popov2025,484,10.1016/j.mee.2015.02.026,crossref_deposited,,,Microelectron. Eng.,2015,
popov2025,485,10.1116/1.4946755,crossref_deposited,,,J. Vac. Sci. Technol. A,2016,
popov2025,486,10.1016/j.tsf.2016.05.048,crossref_deposited,,,Thin Solid Films,2016,
popov2025,487,10.1021/acs.chemmater.6b04251,crossref_deposited,,,Chem. Mater.,2017,
popov2025,488,10.1016/j.apsusc.2019.05.242,crossref_deposited,,,Appl. Surf. Sci.,2019,
popov2025,489,10.1021/acs.chemmater.8b04456,crossref_deposited,,,Chem. Mater.,2019,
popov2025,490,10.1116/1.5125109,crossref_deposited,,,J. Vac. Sci. Technol. A,2020,
popov2025,491,10.1021/acs.chemmater.9b00193,crossref_deposited,,,Chem. Mater.,2019,
popov2025,492,10.1039/d0tc01489c,crossref_deposited,,,J. Mater. Chem. C,2020,
popov2025,493,10.1016/j.apsusc.2019.144804,crossref_deposited,,,Appl. Surf. Sci.,2020,
popov2025,494,10.1039/d0tc05682k,crossref_deposited,,,J. Mater. Chem. C,2021,
popov2025,495,10.1021/acs.chemmater.1c01054,crossref_deposited,,,Chem. Mater.,2021,
popov2025,496,10.1021/acs.chemmater.0c04496,crossref_deposited,,,Chem. Mater.,2021,
popov2025,497,10.1016/j.mssp.2022.107258,crossref_deposited,,,Mater. Sci. Semicond. Process.,2023,
popov2025,498,10.1002/admi.202202445,crossref_deposited,,,Adv. Mater. Interfaces,2023,
popov2025,499,10.1149/1.3556980,crossref_deposited,,,Electrochem. Solid-State Lett.,2011,
popov2025,500,10.1039/d1dt03543f,crossref_deposited,,,Dalton Trans.,2022,
popov2025,501,10.1016/j.tsf.2009.12.063,crossref_deposited,,,Thin Solid Films,2010,
popov2025,502,10.1016/j.jallcom.2014.04.186,crossref_deposited,,,J. Alloys Compd.,2014,
popov2025,503,10.1002/adfm.202206667,crossref_deposited,,,Adv. Funct. Mater.,2022,
popov2025,504,10.1021/acs.chemmater.2c02292,crossref_deposited,,,Chem. Mater.,2022,
popov2025,505,10.3390/coatings12010101,crossref_deposited,,,Coatings,2022,
popov2025,506,10.1021/acs.chemmater.1c04411,crossref_deposited,,,Chem. Mater.,2022,
popov2025,507,10.1016/j.mtchem.2023.101650,crossref_deposited,,,Mater. Today Chem.,2023,
popov2025,508,10.1021/acs.chemmater.9b02085,crossref_deposited,,,Chem. Mater.,2019,
popov2025,509,10.1149/1.3633675,crossref_deposited,,,ECS Trans.,2011,
popov2025,510,10.1166/jnn.2016.12270,crossref_deposited,,,J. Nanosci. Nanotechnol.,2016,
popov2025,511,10.1002/aelm.202101334,crossref_deposited,,,Adv. Electron. Mater.,2022,
popov2025,512,10.3390/coatings13030641,crossref_deposited,,,Coatings,2023,
popov2025,513,10.1016/j.mssp.2016.06.015,crossref_deposited,,,Mater. Sci. Semicond. Process.,2016,
popov2025,514,10.1116/1.5059695,crossref_deposited,,,J. Vac. Sci. Technol. A,2019,
popov2025,515,10.1116/1.5006696,crossref_deposited,,,J. Vac. Sci. Technol. A,2018,
popov2025,516,10.1016/j.tsf.2015.01.045,crossref_deposited,,,Thin Solid Films,2015,
popov2025,517,10.1016/j.apsusc.2021.150603,crossref_deposited,,,Appl. Surf. Sci.,2021,
popov2025,518,10.1039/c0jm00696c,crossref_deposited,,,J. Mater. Chem.,2010,
popov2025,519,10.1016/j.apsusc.2010.07.051,crossref_deposited,,,Appl. Surf. Sci.,2010,
popov2025,520,10.1021/acs.jpcc.6b01803,crossref_deposited,,,J. Phys. Chem. C,2016,
popov2025,521,10.1016/j.ceramint.2016.10.186,crossref_deposited,,,Ceram. Int.,2017,
popov2025,522,10.1021/acs.chemmater.9b01107,crossref_deposited,,,Chem. Mater.,2019,
popov2025,523,10.1039/d0ra01602k,crossref_deposited,,,RSC Adv.,2020,
popov2025,524,10.1116/6.0001519,crossref_deposited,,,J. Vac. Sci. Technol. A,2022,
popov2025,525,10.1039/d2tc03555c,crossref_deposited,,,J. Mater. Chem. C,2022,
popov2025,526,10.1116/6.0002726,crossref_deposited,,,J. Vac. Sci. Technol. A,2023,
popov2025,527,10.1063/5.0028991,crossref_deposited,,,J. Appl. Phys.,2021,
popov2025,528,10.1116/1.5055212,crossref_deposited,,,J. Vac. Sci. Technol. A,2018,
popov2025,529,10.1021/jp202202x,crossref_deposited,,,J. Phys. Chem. C,2011,
popov2025,530,10.1149/2162-8777/ac6d74,crossref_deposited,,,ECS J. Solid State Sci. Technol.,2022,
popov2025,531,10.1116/1.5092877,crossref_deposited,,,J. Vac. Sci. Technol. A,2019,
popov2025,532,10.1063/1.5098766,crossref_deposited,,,Appl. Phys. Lett.,2019,
popov2025,533,10.1021/acsami.9b15790,crossref_deposited,,,ACS Appl. Mater. Interfaces,2019,
popov2025,534,10.1021/cm503112v,crossref_deposited,,,Chem. Mater.,2014,
popov2025,535,10.1116/1.4984279,crossref_deposited,,,J. Vac. Sci. Technol. A,2017,
popov2025,536,10.1021/acsami.8b12251,crossref_deposited,,,ACS Appl. Mater. Interfaces,2018,
popov2025,537,10.1016/j.ceramint.2018.09.263,crossref_deposited,,,Ceram. Int.,2019,
popov2025,538,10.1016/j.apsusc.2020.148758,crossref_deposited,,,Appl. Surf. Sci.,2021,
popov2025,539,10.1039/d2dt02562k,crossref_deposited,,,Dalton Trans.,2022,
popov2025,540,10.1002/admi.202101278,crossref_deposited,,,Adv. Mater. Interfaces,2022,
popov2025,541,10.1002/adfm.201001572,crossref_deposited,,,Adv. Funct. Mater.,2011,
popov2025,542,10.1021/cm1011108,crossref_deposited,,,Chem. Mater.,2010,
popov2025,543,10.1039/c2jm16557k,crossref_deposited,,,J. Mater. Chem.,2012,
popov2025,544,10.1116/1.4837915,crossref_deposited,,,J. Vac. Sci. Technol. A,2014,
popov2025,545,10.1016/j.apsusc.2014.09.054,crossref_deposited,,,Appl. Surf. Sci.,2014,
popov2025,546,10.1116/1.4907562,crossref_deposited,,,J. Vac. Sci. Technol. A,2015,
popov2025,547,10.1116/1.4972554,crossref_deposited,,,J. Vac. Sci. Technol. A,2017,
popov2025,548,10.1021/acs.langmuir.7b00716,crossref_deposited,,,Langmuir,2017,
popov2025,549,10.1039/d2dt01427k,crossref_deposited,,,Dalton Trans.,2022,
popov2025,550,10.3762/bjnano.14.89,crossref_deposited,,,Beilstein J. Nanotechnol.,2023,
popov2025,551,10.1116/1.4922577,crossref_deposited,,,J. Vac. Sci. Technol. A,2015,
popov2025,552,10.1016/j.ceramint.2019.10.254,crossref_deposited,,,Ceram. Int.,2020,
popov2025,553,10.1021/jp9120244,crossref_deposited,,,J. Phys. Chem. C,2010,
popov2025,554,10.1002/aenm.201100330,crossref_deposited,,,Adv. Energy Mater.,2011,
popov2025,555,10.1021/am401127s,crossref_deposited,,,ACS Appl. Mater. Interfaces,2013,
popov2025,556,10.1021/acs.chemmater.7b01856,crossref_deposited,,,Chem. Mater.,2017,
popov2025,557,10.1021/acsami.9b16933,crossref_deposited,,,ACS Appl. Mater. Interfaces,2019,
popov2025,558,10.1016/j.apsusc.2021.150152,crossref_deposited,,,Appl. Surf. Sci.,2021,
popov2025,559,10.1002/smll.201800547,crossref_deposited,,,Small,2018,
popov2025,560,10.1016/j.apsusc.2023.156517,crossref_deposited,,,Appl. Surf. Sci.,2023,
popov2025,561,10.1039/d1dt03487a,crossref_deposited,,,Dalton Trans.,2022,
popov2025,562,10.1021/acs.cgd.0c00457,crossref_deposited,,,Cryst. Growth Des.,2020,
popov2025,563,10.1116/1.4935650,crossref_deposited,,,J. Vac. Sci. Technol. A,2016,
popov2025,564,10.1116/1.5134136,crossref_deposited,,,J. Vac. Sci. Technol. A,2020,
popov2025,565,10.1021/acs.jpcc.1c10412,crossref_deposited,,,J. Phys. Chem. C,2022,
popov2025,566,10.1002/cvde.201006890,crossref_deposited,,,Chem. Vap. Deposition,2011,
popov2025,567,10.1149/1.3244213,crossref_deposited,,,J. Electrochem. Soc.,2010,
popov2025,568,10.1016/j.apsusc.2014.09.131,crossref_deposited,,,Appl. Surf. Sci.,2014,
popov2025,569,10.1021/acs.chemmater.5b00843,crossref_deposited,,,Chem. Mater.,2015,
popov2025,570,10.1021/cm2002572,crossref_deposited,,,Chem. Mater.,2011,
popov2025,571,10.1063/1.3573513,crossref_deposited,,,J. Appl. Phys.,2011,
popov2025,572,10.1021/cm304125e,crossref_deposited,,,Chem. Mater.,2013,
popov2025,573,10.1063/1.5026790,crossref_deposited,,,J. Appl. Phys.,2018,
popov2025,574,10.1021/cm100926r,crossref_deposited,,,Chem. Mater.,2010,
popov2025,575,10.1088/0268-1242/27/7/074003,crossref_deposited,,,Semicond. Sci. Technol.,2012,
popov2025,576,10.1149/1.3353230,crossref_deposited,,,J. Electrochem. Soc.,2010,
popov2025,577,10.1016/j.tsf.2010.07.115,crossref_deposited,,,Thin Solid Films,2010,
popov2025,578,10.1149/1.3490413,crossref_deposited,,,Electrochem. Solid-State Lett.,2010,
popov2025,579,10.1149/1.3377003,crossref_deposited,,,J. Electrochem. Soc.,2010,
popov2025,580,10.1016/j.mee.2011.03.135,crossref_deposited,,,Microelectron. Eng.,2011,
popov2025,581,10.1021/acs.jpcc.1c10382,crossref_deposited,,,J. Phys. Chem. C,2022,
popov2025,582,10.1063/1.4975928,crossref_deposited,,,AIP Adv.,2017,
popov2025,583,10.1364/oe.26.009344,crossref_deposited,,,Opt. Express,2018,
popov2025,584,10.1116/6.0000790,crossref_deposited,,,J. Vac. Sci. Technol. A,2021,
popov2025,585,10.1149/2.011201jss,crossref_deposited,,,ECS J. Solid State Sci. Technol.,2012,
popov2025,586,10.1021/acs.chemmater.5b01707,crossref_deposited,,,Chem. Mater.,2015,
popov2025,587,10.1149/2.0231512jss,crossref_deposited,,,ECS J. Solid State Sci. Technol.,2015,
popov2025,588,10.1149/2.0291605jss,crossref_deposited,,,ECS J. Solid State Sci. Technol.,2016,
popov2025,589,10.1016/j.sse.2016.04.006,crossref_deposited,,,Solid-State Electron.,2016,
popov2025,590,10.1116/1.3533763,crossref_deposited,,,J. Vac. Sci. Technol. B,2011,
popov2025,591,10.1016/j.tsf.2015.03.014,crossref_deposited,,,Thin Solid Films,2015,
popov2025,592,10.1116/1.4964693,crossref_deposited,,,J. Vac. Sci. Technol. B,2016,
popov2025,593,10.1016/j.tsf.2016.01.024,crossref_deposited,,,Thin Solid Films,2016,
popov2025,594,10.1016/j.tsf.2011.01.191,crossref_deposited,,,Thin Solid Films,2011,
popov2025,595,10.1016/j.surfcoat.2009.11.039,crossref_deposited,,,Surf. Coat. Technol.,2010,
popov2025,596,10.1039/c8dt02508h,crossref_deposited,,,Dalton Trans.,2018,
popov2025,597,10.1002/admi.201600369,crossref_deposited,,,Adv. Mater. Interfaces,2016,
popov2025,598,10.1021/cs501532b,crossref_deposited,,,ACS Catal.,2015,
popov2025,599,10.1021/ic902411h,crossref_deposited,,,Inorg. Chem.,2010,
popov2025,600,10.1016/j.apsusc.2018.07.153,crossref_deposited,,,Appl. Surf. Sci.,2018,
popov2025,601,10.1021/acs.chemmater.2c02341,crossref_deposited,,,Chem. Mater.,2022,
popov2025,602,10.1021/acsaelm.3c00245,crossref_deposited,,,ACS Appl. Electron. Mater.,2023,
popov2025,603,10.1002/pssr.201004462,crossref_deposited,,,Phys. Status Solidi (RRL),2011,
popov2025,604,10.1021/cm1026128,crossref_deposited,,,Chem. Mater.,2011,
popov2025,605,10.1021/cm2030735,crossref_deposited,,,Chem. Mater.,2012,
popov2025,606,10.1021/cm301594p,crossref_deposited,,,Chem. Mater.,2012,
popov2025,607,10.1116/1.3670876,crossref_deposited,,,J. Vac. Sci. Technol. A,2012,
popov2025,608,10.1021/cm303703r,crossref_deposited,,,Chem. Mater.,2013,
popov2025,609,10.1016/j.tsf.2013.06.074,crossref_deposited,,,Thin Solid Films,2013,
popov2025,610,10.1002/cvde.201407115,crossref_deposited,,,Chem. Vap. Deposition,2014,
popov2025,611,10.1021/la500893u,crossref_deposited,,,Langmuir,2014,
popov2025,612,10.1021/acs.chemmater.7b04790,crossref_deposited,,,Chem. Mater.,2018,
popov2025,613,10.1116/1.3664097,crossref_deposited,,,J. Vac. Sci. Technol. A,2012,
popov2025,614,10.1002/admi.201800423,crossref_deposited,,,Adv. Mater. Interfaces,2018,
popov2025,615,10.1116/6.0001514,crossref_deposited,,,J. Vac. Sci. Technol. A,2022,
popov2025,616,10.1116/1.5079583,crossref_deposited,,,J. Vac. Sci. Technol. A,2019,
popov2025,617,10.1149/1.3582765,crossref_deposited,,,J. Electrochem. Soc.,2011,
popov2025,618,10.1134/s1070427221070053,crossref_deposited,,,Russ. J. Appl. Chem.,2021,
popov2025,619,10.1149/2.056311jes,crossref_deposited,,,J. Electrochem. Soc.,2013,
popov2025,620,10.1002/pssr.202000565,crossref_deposited,,,Phys. Status Solidi (RRL),2021,
popov2025,621,10.1134/s1070363210060204,crossref_deposited,,,Russ. J. Gen. Chem.,2010,
popov2025,622,10.1021/acs.chemmater.5b04402,crossref_deposited,,,Chem. Mater.,2016,
popov2025,623,10.1143/jjap.50.05ea06,crossref_deposited,,,Jpn. J. Appl. Phys.,2011,
popov2025,624,10.1063/1.3579195,crossref_deposited,,,Appl. Phys. Lett.,2011,
popov2025,625,10.3390/coatings8120431,crossref_deposited,,,Coatings,2018,
popov2025,626,10.1021/cm202901z,crossref_deposited,,,Chem. Mater.,2012,
popov2025,627,10.1039/c2ra22820c,crossref_deposited,,,RSC Adv.,2013,
popov2025,628,10.1557/jmr.2016.303,crossref_deposited,,,J. Mater. Res.,2017,
popov2025,629,10.1021/acs.chemmater.7b01130,crossref_deposited,,,Chem. Mater.,2017,
popov2025,630,10.1021/acs.chemmater.6b05084,crossref_deposited,,,Chem. Mater.,2017,
popov2025,631,10.1002/adom.202201326,crossref_deposited,,,Adv. Opt. Mater.,2022,
popov2025,632,10.1002/pssa.201532305,crossref_deposited,,,Phys. Status Solidi A,2015,
popov2025,633,10.1116/1.5002667,crossref_deposited,,,J. Vac. Sci. Technol. A,2018,
popov2025,634,10.1149/08606.0041ecst,crossref_deposited,,,ECS Trans.,2018,
popov2025,635,10.1016/j.apsusc.2021.152062,crossref_deposited,,,Appl. Surf. Sci.,2022,
popov2025,636,10.1039/c5cp02184g,crossref_deposited,,,Phys. Chem. Chem. Phys.,2015,
popov2025,637,10.1016/j.apsusc.2021.150373,crossref_deposited,,,Appl. Surf. Sci.,2021,
popov2025,638,10.7567/jjap.57.04fc01,crossref_deposited,,,Jpn. J. Appl. Phys.,2018,
popov2025,639,10.1002/anie.201004801,crossref_deposited,,,Angew. Chem. Int. Ed.,2011,
popov2025,640,10.1002/cvde.201206986,crossref_deposited,,,Chem. Vap. Deposition,2012,
popov2025,641,10.1002/aic.14397,crossref_deposited,,,AIChE J.,2014,
popov2025,642,10.1149/2.0241509jss,crossref_deposited,,,ECS J. Solid State Sci. Technol.,2015,
popov2025,643,10.1021/acs.chemmater.0c03928,crossref_deposited,,,Chem. Mater.,2021,
popov2025,644,10.1021/acs.jpcc.1c06149,crossref_deposited,,,J. Phys. Chem. C,2021,
popov2025,645,10.1039/c6ra00468g,crossref_deposited,,,RSC Adv.,2016,
popov2025,646,10.1021/acs.chemmater.8b03921,crossref_deposited,,,Chem. Mater.,2019,
popov2025,647,10.1116/1.5074153,crossref_deposited,,,J. Vac. Sci. Technol. A,2019,
popov2025,648,10.1088/1361-6528/abc50b,crossref_deposited,,,Nanotechnology,2021,
popov2025,649,10.34133/2021/9862483,crossref_deposited,,,Research,,
popov2025,650,10.1021/acs.chemmater.3c00013,crossref_deposited,,,Chem. Mater.,2023,
popov2025,651,10.1088/0268-1242/31/9/095002,crossref_deposited,,,Semicond. Sci. Technol.,2016,
popov2025,652,10.1088/2053-1583/3/1/014004,crossref_deposited,,,2D Mater.,2016,
popov2025,653,10.1149/05013.0107ecst,crossref_deposited,,,ECS Trans.,2013,
popov2025,654,10.1039/c4tc01405g,crossref_deposited,,,J. Mater. Chem. C,2014,
popov2025,655,10.1039/c7ra13417g,crossref_deposited,,,RSC Adv.,2018,
popov2025,656,10.1134/s1063739719010025,crossref_deposited,,,Russ. Microlectron.,2019,
popov2025,657,10.1021/acsami.9b18412,crossref_deposited,,,ACS Appl. Mater. Interfaces,2020,
popov2025,658,10.1039/d0ra09876k,crossref_deposited,,,RSC Adv.,2021,
popov2025,659,10.1039/d1dt01634b,crossref_deposited,,,Dalton Trans.,2021,
popov2025,660,10.1039/d3ra05217f,crossref_deposited,,,RSC Adv.,2023,
popov2025,661,10.1116/1.4971989,crossref_deposited,,,J. Vac. Sci. Technol. A,2017,
popov2025,662,10.1002/pssr.201700076,crossref_deposited,,,Phys. Status Solidi (RRL),2017,
popov2025,663,10.1103/physrevmaterials.6.044411,crossref_deposited,,,Phys. Rev. Mater.,2022,
popov2025,664,10.3390/ma13010093,crossref_deposited,,,Materials,2019,
popov2025,665,10.1039/c7tc02135f,crossref_deposited,,,J. Mater. Chem. C,2017,
popov2025,666,10.1039/c4ra06308b,crossref_deposited,,,RSC Adv.,2014,
popov2025,667,10.1116/1.3666030,crossref_deposited,,,J. Vac. Sci. Technol. A,2012,
popov2025,668,10.1002/cvde.201207051,crossref_deposited,,,Chem. Vap. Deposition,2013,
popov2025,669,10.1021/cm402974j,crossref_deposited,,,Chem. Mater.,2013,
popov2025,670,10.1116/1.3669518,crossref_deposited,,,J. Vac. Sci. Technol. A,2012,
popov2025,671,10.3390/nano12193381,crossref_deposited,,,Nanomaterials,2022,
popov2025,672,10.1021/acsomega.2c06240,crossref_deposited,,,ACS Omega,2022,
popov2025,673,10.1002/adfm.201600461,crossref_deposited,,,Adv. Funct. Mater.,2016,
popov2025,674,10.1016/j.ceramint.2017.03.087,crossref_deposited,,,Ceram. Int.,2017,
popov2025,675,10.1039/c2jm31391j,crossref_deposited,,,J. Mater. Chem.,2012,
popov2025,676,10.1021/jp203604j,crossref_deposited,,,J. Phys. Chem. C,2011,
popov2025,677,10.1088/0268-1242/27/7/074006,crossref_deposited,,,Semicond. Sci. Technol.,2012,
popov2025,678,10.1039/c2cp40355b,crossref_deposited,,,Phys. Chem. Chem. Phys.,2012,
popov2025,679,10.1039/c6dt03571j,crossref_deposited,,,Dalton Trans.,2016,
popov2025,680,10.1039/c9dt04644e,crossref_deposited,,,Dalton Trans.,2020,
popov2025,681,10.1016/j.rinma.2020.100088,crossref_deposited,,,Results Mater.,2020,
popov2025,682,10.1186/s11671-020-03382-1,crossref_deposited,,,Nanoscale Res. Lett.,2020,
popov2025,683,10.1021/acs.chemmater.3c00143,crossref_deposited,,,Chem. Mater.,2023,
popov2025,684,10.1039/c4tc02707h,crossref_deposited,,,J. Mater. Chem. C,2015,
popov2025,685,10.1039/c3tc31478b,crossref_deposited,,,J. Mater. Chem. C,2014,
popov2025,686,10.1149/1.3537326,crossref_deposited,,,Electrochem. Solid-State Lett.,2011,
popov2025,687,10.1007/s10853-012-6942-9,crossref_deposited,,,J. Mater. Sci.,2013,
popov2025,688,10.1116/1.3664758,crossref_deposited,,,J. Vac. Sci. Technol. A,2012,
popov2025,689,10.1116/1.4769862,crossref_deposited,,,J. Vac. Sci. Technol. A,2013,
popov2025,690,10.1149/05051.0045ecst,crossref_deposited,,,ECS Trans.,2013,
popov2025,691,10.1002/bkcs.11153,crossref_deposited,,,Bull. Korean Chem. Soc.,2017,
popov2025,692,10.1007/s10854-012-0713-x,crossref_deposited,,,J. Mater. Sci. Mater. Electron.,2012,
popov2025,693,10.1002/pip.1039,crossref_deposited,,,Prog. Photovoltaics Res. Appl.,2011,
popov2025,694,10.1002/pip.1153,crossref_deposited,,,Prog. Photovoltaics Res. Appl.,2012,
popov2025,695,10.1063/1.4752727,crossref_deposited,,,Appl. Phys. Lett.,2012,
popov2025,696,10.1063/1.4811788,crossref_deposited,,,Appl. Phys. Lett.,2013,
popov2025,697,10.1002/admi.201600496,crossref_deposited,,,Adv. Mater. Interfaces,2016,
popov2025,698,10.1039/c1ce05923h,crossref_deposited,,,CrystEngComm,2011,
popov2025,699,10.1116/1.4769451,crossref_deposited,,,J. Vac. Sci. Technol. A,2013,
popov2025,700,10.3390/coatings13050960,crossref_deposited,,,Coatings,2023,
popov2025,701,10.1016/j.wear.2015.02.037,crossref_deposited,,,Wear,2015,
popov2025,702,10.1149/1.3575161,crossref_deposited,,,J. Electrochem. Soc.,2011,
popov2025,703,10.1149/2.0021806jss,crossref_deposited,,,ECS J. Solid State Sci. Technol.,2018,
popov2025,704,10.1016/j.tsf.2012.11.127,crossref_deposited,,,Thin Solid Films,2013,
popov2025,705,10.1007/s10853-018-2695-4,crossref_deposited,,,J. Mater. Sci.,2018,
popov2025,706,10.1021/cm401279v,crossref_deposited,,,Chem. Mater.,2013,
popov2025,707,10.1016/j.tsf.2015.07.037,crossref_deposited,,,Thin Solid Films,2015,
popov2025,708,10.1016/j.tsf.2015.06.033,crossref_deposited,,,Thin Solid Films,2015,
popov2025,709,10.1149/2.0041802jss,crossref_deposited,,,ECS J. Solid State Sci. Technol.,2018,
popov2025,710,10.1116/1.5079539,crossref_deposited,,,J. Vac. Sci. Technol. A,2019,
popov2025,711,10.1186/s11671-019-2989-8,crossref_deposited,,,Nanoscale Res. Lett.,2019,
popov2025,712,10.1021/acsmaterialsau.3c00002,crossref_deposited,,,ACS Mater. Au,2023,
popov2025,713,10.1038/nmat1000,crossref_deposited,,,Nat. Mater.,2003,
popov2025,714,10.1149/1.2789294,crossref_deposited,,,J. Electrochem. Soc.,2007,
popov2025,715,10.1002/cvde.200306246,crossref_deposited,,,Chem. Vap. Deposition,2003,
popov2025,716,10.1149/1.1391185,crossref_deposited,,,Electrochem. Solid-State Lett.,1999,
popov2025,717,10.1155/jnm/2006/64501,crossref_deposited,,,J. Nanomater.,2006,
popov2025,718,10.1149/1.3002372,crossref_deposited,,,J. Electrochem. Soc.,2009,
popov2025,719,10.1021/ja01239a053,crossref_deposited,,,J. Am. Chem. Soc.,1944,
popov2025,720,10.1002/anie.200900414,crossref_deposited,,,Angew. Chem. Int. Ed.,2009,
popov2025,721,10.1021/cm021333t,crossref_deposited,,,Chem. Mater.,2003,
popov2025,722,10.1149/1.1595312,crossref_deposited,,,Electrochem. Solid-State Lett.,2003,
popov2025,723,10.1021/jp9822081,crossref_deposited,,,J. Phys. Chem. B,1998,
popov2025,724,10.1021/cm402221y,crossref_deposited,,,Chem. Mater.,2014,
popov2025,725,10.1002/admi.202400579,crossref_deposited,,,Adv. Mater. Interfaces,2024,
popov2025,726,10.1116/1.5083692,crossref_deposited,,,J. Vac. Sci. Technol. B,2019,
popov2025,727,10.1002/admi.202001677,crossref_deposited,,,Adv. Mater. Interfaces,2021,
popov2025,728,10.1088/1758-5090/aab981,crossref_deposited,,,Biofabrication,2018,
popov2025,729,10.1016/j.matt.2019.12.026,crossref_deposited,,,Matter,2020,
popov2025,730,10.1039/d1tc00186h,crossref_deposited,,,J. Mater. Chem. C,2021,
popov2025,731,10.1021/acs.chemmater.2c00954,crossref_deposited,,,Chem. Mater.,2022,
popov2025,732,10.1021/ja8090388,crossref_deposited,,,J. Am. Chem. Soc.,2009,
popov2025,733,10.1021/cm3027225,crossref_deposited,,,Chem. Mater.,2013,
popov2025,734,10.1021/acs.chemmater.1c03394,crossref_deposited,,,Chem. Mater.,2021,
popov2025,735,,unresolved,,,,2007,
popov2025,736,,unresolved,,,,2024,
popov2025,737,10.1021/cm902180d,crossref_deposited,,,Chem. Mater.,2010,
popov2025,738,10.1021/acs.chemmater.2c01154,crossref_deposited,,,Chem. Mater.,2022,
popov2025,739,10.1149/1.2054910,crossref_deposited,,,J. Electrochem. Soc.,1994,
popov2025,740,10.1002/zaac.19754140203,crossref_deposited,,,Z. Anorg. Allg. Chem.,1975,
popov2025,741,10.1039/b710903b,crossref_deposited,,,J. Mater. Chem.,2007,
popov2025,742,10.1021/acs.chemrev.8b00800,crossref_deposited,,,Chem. Rev.,2019,
popov2025,743,,unresolved,,,,2023,
popov2025,744,10.1021/cm800948k,crossref_deposited,,,Chem. Mater.,2008,
