doi,cited_by,journal,status,oa_status,pdf_url,file,detail
10.1364/oic.2007.tuepdp2,cremers2019,,not_oa,closed,,,
10.1109/bald.2016.7886526,cremers2019,,not_oa,closed,,,
10.1088/2053-1583/3/1/014004,popov2025,2D Mater.,already_have,,,10.1088_2053-1583_3_1_014004.pdf,exists
10.1088/2053-1583/aa9ea5,popov2025,2D Mater.,not_oa,closed,,,
10.1021/acsaelm.1c00030,popov2025,ACS Appl. Electron. Mater.,oa_no_pdf_url,green,,,https://www.osti.gov/biblio/1839085
10.1021/acsaelm.1c00145,popov2025,ACS Appl. Electron. Mater.,not_oa,closed,,,
10.1021/acsaelm.3c00245,popov2025,ACS Appl. Electron. Mater.,http_error,hybrid,https://pubs.acs.org/doi/pdf/10.1021/acsaelm.3c00245,,http_403
10.1021/acsaem.9b02507,popov2025,ACS Appl. Energy Mater.,not_oa,closed,,,
10.1021/acsaem.3c00960,popov2025,ACS Appl. Energy Mater.,http_error,hybrid,https://pubs.acs.org/doi/pdf/10.1021/acsaem.3c00960,,http_403
10.1021/am2013097,cremers2019,ACS Appl. Mater. Interfaces,not_oa,closed,,,
10.1021/am401092z,popov2025,ACS Appl. Mater. Interfaces,not_oa,closed,,,
10.1021/am401127s,popov2025,ACS Appl. Mater. Interfaces,not_oa,closed,,,
10.1021/am505107s,cremers2019,ACS Appl. Mater. Interfaces,not_oa,closed,,,
10.1021/am404498y,popov2025,ACS Appl. Mater. Interfaces,not_oa,closed,,,
10.1021/am502085c,popov2025,ACS Appl. Mater. Interfaces,not_oa,closed,,,
10.1021/am501331w,popov2025,ACS Appl. Mater. Interfaces,not_oa,closed,,,
10.1021/am500285d,popov2025,ACS Appl. Mater. Interfaces,not_oa,closed,,,
10.1021/am508590j,cremers2019,ACS Appl. Mater. Interfaces,not_oa,closed,,,
10.1021/acsami.5b01531,cremers2019,ACS Appl. Mater. Interfaces,not_oa,closed,,,
10.1021/am508071y,popov2025,ACS Appl. Mater. Interfaces,not_oa,closed,,,
10.1021/acsami.6b06175,cremers2019,ACS Appl. Mater. Interfaces,not_oa,closed,,,
10.1021/acsami.5b11878,popov2025,ACS Appl. Mater. Interfaces,not_oa,closed,,,
10.1021/acsami.6b04529,popov2025,ACS Appl. Mater. Interfaces,not_oa,closed,,,
10.1021/acsami.7b02883,cremers2019,ACS Appl. Mater. Interfaces,oa_no_pdf_url,green,,,https://hal.umontpellier.fr/hal-01658347
10.1021/acsami.7b08097,popov2025,ACS Appl. Mater. Interfaces,not_oa,closed,,,
10.1021/acsami.6b13033,popov2025,ACS Appl. Mater. Interfaces,oa_no_pdf_url,green,,,https://www.osti.gov/biblio/1356821
10.1021/acsami.7b04985,popov2025,ACS Appl. Mater. Interfaces,not_oa,closed,,,
10.1021/acsami.7b07113,popov2025,ACS Appl. Mater. Interfaces,not_oa,closed,,,
10.1021/acsami.7b12303,popov2025,ACS Appl. Mater. Interfaces,not_oa,closed,,,
10.1021/acsami.8b17194,popov2025,ACS Appl. Mater. Interfaces,oa_no_pdf_url,green,,,https://hal.univ-lorraine.fr/hal-02899428
10.1021/acsami.8b04573,popov2025,ACS Appl. Mater. Interfaces,oa_no_pdf_url,green,,,https://www.osti.gov/biblio/1476140
10.1021/acsami.7b13467,popov2025,ACS Appl. Mater. Interfaces,not_oa,closed,,,
10.1021/acsami.8b03074,popov2025,ACS Appl. Mater. Interfaces,not_oa,closed,,,
10.1021/acsami.8b00813,popov2025,ACS Appl. Mater. Interfaces,not_oa,closed,,,
10.1021/acsami.8b12251,popov2025,ACS Appl. Mater. Interfaces,not_oa,closed,,,
10.1021/acsami.9b07090,popov2025,ACS Appl. Mater. Interfaces,not_oa,closed,,,
10.1021/acsami.9b08926,popov2025,ACS Appl. Mater. Interfaces,not_oa,closed,,,
10.1021/acsami.9b15790,popov2025,ACS Appl. Mater. Interfaces,not_oa,closed,,,
10.1021/acsami.9b16933,popov2025,ACS Appl. Mater. Interfaces,oa_no_pdf_url,green,,,http://nrs.harvard.edu/urn-3:HUL.InstRepos:42640962
10.1021/acsami.0c03747,popov2025,ACS Appl. Mater. Interfaces,not_oa,closed,,,
10.1021/acsami.0c03578,popov2025,ACS Appl. Mater. Interfaces,not_oa,closed,,,
10.1021/acsami.9b18412,popov2025,ACS Appl. Mater. Interfaces,not_oa,closed,,,
10.1021/acsami.1c23889,popov2025,ACS Appl. Mater. Interfaces,not_oa,closed,,,
10.1021/acsanm.9b00808,popov2025,ACS Appl. Nano Mater.,oa_no_pdf_url,green,,,https://hal.univ-lorraine.fr/hal-02390743
10.1021/acsanm.9b02153,popov2025,ACS Appl. Nano Mater.,not_oa,closed,,,
10.1021/acsanm.0c02820,popov2025,ACS Appl. Nano Mater.,http_error,hybrid,https://pubs.acs.org/doi/pdf/10.1021/acsanm.0c02820,,http_403
10.1021/acsanm.3c03319,popov2025,ACS Appl. Nano Mater.,not_oa,closed,,,
10.1021/cs501862h,cremers2019|popov2025,ACS Catal.,oa_no_pdf_url,hybrid,,,https://doi.org/10.1021/cs501862h
10.1021/cs501532b,popov2025,ACS Catal.,not_oa,closed,,,
10.1021/acsenergylett.7b01056,popov2025,ACS Energy Lett.,not_oa,closed,,,
10.1021/acsmaterialsau.2c00075,popov2025,ACS Mater. Au,http_error,gold,https://pubs.acs.org/doi/pdf/10.1021/acsmaterialsau.2c00075,,http_403
10.1021/acsmaterialsau.3c00002,popov2025,ACS Mater. Au,http_error,gold,https://pubs.acs.org/doi/pdf/10.1021/acsmaterialsau.3c00002,,http_403
10.1021/nn505480w,popov2025,ACS Nano,not_oa,closed,,,
10.1021/acsnano.5b02166,cremers2019,ACS Nano,oa_no_pdf_url,green,,,https://www.osti.gov/biblio/1386080
10.1021/acsnano.5b03694,cremers2019,ACS Nano,oa_no_pdf_url,green,,,http://infoscience.epfl.ch/record/216501
10.1021/nn505731n,cremers2019,ACS Nano,not_oa,closed,,,
10.1021/acsnano.5b03429,cremers2019|popov2025,ACS Nano,http_error,hybrid,https://pubs.acs.org/doi/pdf/10.1021/acsnano.5b03429,,http_403
10.1021/acsnano.7b02561,popov2025,ACS Nano,not_oa,closed,,,
10.1021/acsomega.9b03149,popov2025,ACS Omega,oa_no_pdf_url,gold,,,https://doi.org/10.1021/acsomega.9b03149
10.1021/acsomega.9b01351,popov2025,ACS Omega,oa_no_pdf_url,gold,,,https://doi.org/10.1021/acsomega.9b01351
10.1021/acsomega.9b01003,popov2025,ACS Omega,oa_no_pdf_url,gold,,,https://doi.org/10.1021/acsomega.9b01003
10.1021/acsomega.2c06240,popov2025,ACS Omega,http_error,gold,https://pubs.acs.org/doi/pdf/10.1021/acsomega.2c06240,,http_403
10.1021/acsomega.3c05657,popov2025,ACS Omega,http_error,gold,https://pubs.acs.org/doi/pdf/10.1021/acsomega.3c05657,,http_403
10.1002/aic.14397,popov2025,AIChE J.,not_oa,closed,,,
10.1063/1.4975928,popov2025,AIP Adv.,http_error,gold,https://aip.scitation.org/doi/pdf/10.1063/1.4975928,,not_a_pdf
10.1063/1.5081727,popov2025,AIP Adv.,http_error,gold,https://aip.scitation.org/doi/pdf/10.1063/1.5081727,,not_a_pdf
10.1063/1.2926917,cremers2019,AIP Conf. Proc.,not_oa,closed,,,
10.1063/1.4946884,popov2025,APL Mater.,http_error,gold,https://aip.scitation.org/doi/pdf/10.1063/1.4946884,,not_a_pdf
10.1021/ar500360d,cremers2019,Acc. Chem. Res.,oa_no_pdf_url,hybrid,,,https://doi.org/10.1021/ar500360d
10.1021/acs.accounts.8b00012,cremers2019,Acc. Chem. Res.,not_oa,closed,,,
10.1002/aelm.201600491,popov2025,Adv. Electron. Mater.,http_error,green,http://urn.fi/URN:NBN:fi:jyu-201711294421,,not_a_pdf
10.1002/aelm.201600341,popov2025,Adv. Electron. Mater.,http_error,green,https://research.aalto.fi/files/11380018/ERC_28_accepted.pdf,,http_403
10.1002/aelm.202101334,popov2025,Adv. Electron. Mater.,http_error,hybrid,https://onlinelibrary.wiley.com/doi/pdfdirect/10.1002/aelm.202101334,,http_403
10.1002/aenm.201100330,popov2025,Adv. Energy Mater.,not_oa,closed,,,
10.1002/adem.202100446,popov2025,Adv. Eng. Mater.,http_error,hybrid,https://onlinelibrary.wiley.com/doi/pdfdirect/10.1002/adem.202100446,,http_403
10.1002/adfm.201000389,cremers2019,Adv. Funct. Mater.,not_oa,closed,,,
10.1002/adfm.201001572,popov2025,Adv. Funct. Mater.,not_oa,closed,,,
10.1002/adfm.201600461,popov2025,Adv. Funct. Mater.,not_oa,closed,,,
10.1002/adfm.202206667,popov2025,Adv. Funct. Mater.,not_oa,closed,,,
10.1002/adma.200304452,cremers2019,Adv. Mater.,not_oa,closed,,,
10.1002/adma.200700079,cremers2019,Adv. Mater.,http_error,bronze,https://onlinelibrary.wiley.com/doi/pdfdirect/10.1002/adma.200700079,,http_403
10.1002/adma.201200397,cremers2019,Adv. Mater.,not_oa,closed,,,
10.1002/adma.201401805,popov2025,Adv. Mater.,not_oa,closed,,,
10.1002/adma.201703031,popov2025,Adv. Mater.,not_oa,closed,,,
10.1002/adma.201703622,popov2025,Adv. Mater.,http_error,green,http://hdl.handle.net/10138/326483,,not_a_pdf
10.1002/admi.201600564,cremers2019,Adv. Mater. Interfaces,not_oa,closed,,,
10.1002/admi.201600254,cremers2019,Adv. Mater. Interfaces,not_oa,closed,,,
10.1002/admi.201600369,popov2025,Adv. Mater. Interfaces,not_oa,closed,,,
10.1002/admi.201600496,popov2025,Adv. Mater. Interfaces,not_oa,closed,,,
10.1002/admi.201770122,popov2025,Adv. Mater. Interfaces,http_error,bronze,https://onlinelibrary.wiley.com/doi/pdfdirect/10.1002/admi.201770122,,http_403
10.1002/admi.201700155,popov2025,Adv. Mater. Interfaces,http_error,bronze,https://onlinelibrary.wiley.com/doi/pdfdirect/10.1002/admi.201700155,,http_403
10.1002/admi.201700123,popov2025,Adv. Mater. Interfaces,oa_no_pdf_url,green,,,http://hdl.handle.net/10138/301614
10.1002/admi.201701366,popov2025,Adv. Mater. Interfaces,oa_no_pdf_url,green,,,https://research.aalto.fi/en/publications/e1c4228a-f845-4537-890c-864a34c68b5a
10.1002/admi.201701146,popov2025,Adv. Mater. Interfaces,oa_no_pdf_url,green,,,https://hdl.handle.net/10195/76807
10.1002/admi.201800423,popov2025,Adv. Mater. Interfaces,not_oa,closed,,,
10.1002/admi.201801291,popov2025,Adv. Mater. Interfaces,oa_no_pdf_url,green,,,http://hdl.handle.net/10138/322271
10.1002/admi.202000318,popov2025,Adv. Mater. Interfaces,downloaded,green,https://www.osti.gov/servlets/purl/1633433,10.1002_admi.202000318.pdf,2711793b
10.1002/admi.202001493,popov2025,Adv. Mater. Interfaces,http_error,hybrid,https://onlinelibrary.wiley.com/doi/pdfdirect/10.1002/admi.202001493,,http_403
10.1002/admi.202001677,popov2025,Adv. Mater. Interfaces,oa_no_pdf_url,green,,,http://hdl.handle.net/10138/338719
10.1002/admi.202200097,popov2025,Adv. Mater. Interfaces,not_oa,closed,,,
10.1002/admi.202102035,popov2025,Adv. Mater. Interfaces,http_error,hybrid,https://onlinelibrary.wiley.com/doi/pdfdirect/10.1002/admi.202102035,,http_403
10.1002/admi.202200643,popov2025,Adv. Mater. Interfaces,oa_no_pdf_url,green,,,http://edoc.hu-berlin.de/18452/26107
10.1002/admi.202101278,popov2025,Adv. Mater. Interfaces,http_error,bronze,https://onlinelibrary.wiley.com/doi/pdfdirect/10.1002/admi.202101278,,http_403
10.1002/admi.202202166,popov2025,Adv. Mater. Interfaces,oa_no_pdf_url,hybrid,,,https://doi.org/10.1002/admi.202202166
10.1002/admi.202202445,popov2025,Adv. Mater. Interfaces,http_error,gold,https://onlinelibrary.wiley.com/doi/pdfdirect/10.1002/admi.202202445,,http_403
10.1002/admi.202400579,popov2025,Adv. Mater. Interfaces,http_error,gold,https://onlinelibrary.wiley.com/doi/pdfdirect/10.1002/admi.202400579,,http_403
10.1002/adom.202201326,popov2025,Adv. Opt. Mater.,http_error,hybrid,https://onlinelibrary.wiley.com/doi/pdfdirect/10.1002/adom.202201326,,http_403
10.1002/advs.201500022,popov2025,Adv. Sci.,http_error,gold,https://onlinelibrary.wiley.com/doi/pdfdirect/10.1002/advs.201500022,,http_403
10.1002/anie.200301652,popov2025,Angew. Chem. Int. Ed.,http_error,bronze,https://onlinelibrary.wiley.com/doi/pdfdirect/10.1002/anie.200301652,,http_403
10.1002/anie.200900414,popov2025,Angew. Chem. Int. Ed.,not_oa,closed,,,
10.1002/anie.201004801,popov2025,Angew. Chem. Int. Ed.,not_oa,closed,,,
10.1002/anie.201602406,popov2025,Angew. Chem. Int. Ed.,http_error,hybrid,https://onlinelibrary.wiley.com/doi/pdfdirect/10.1002/anie.201602406,,http_403
10.1002/anie.201700449,popov2025,Angew. Chem. Int. Ed.,not_oa,closed,,,
10.1002/anie.201611838,popov2025,Angew. Chem. Int. Ed.,not_oa,closed,,,
10.1002/anie.201806985,popov2025,Angew. Chem. Int. Ed.,http_error,green,http://hdl.handle.net/10138/325623,,not_a_pdf
10.1002/andp.19093330106,cremers2019,Ann. Phys.,oa_no_pdf_url,green,,,https://zenodo.org/record/1504533
10.1002/andp.19303990503,cremers2019,Ann. Phys.,not_oa,closed,,,
10.1002/andp.19324040804,cremers2019,Ann. Phys.,not_oa,closed,,,
10.1146/annurev-chembioeng-060816-101547,cremers2019,Annu. Rev. Chem. Biomol.,downloaded,bronze,https://www.annualreviews.org/doi/pdf/10.1146/annurev-chembioeng-060816-101547,10.1146_annurev-chembioeng-060816-101547.pdf,3160141b
10.1016/j.apmt.2021.101017,popov2025,Appl. Mater. Today,oa_no_pdf_url,hybrid,,,https://doi.org/10.1016/j.apmt.2021.101017
10.3390/applnano4010003,popov2025,Appl. Nano,http_error,gold,https://www.mdpi.com/2673-3501/4/1/3/pdf?version=1677223440,,http_403
10.1364/ao.49.001242,cremers2019,Appl. Opt.,not_oa,closed,,,
10.1063/1.118494,cremers2019,Appl. Phys. Lett.,not_oa,closed,,,
10.1063/1.1570926,cremers2019,Appl. Phys. Lett.,not_oa,closed,,,
10.1063/1.1900957,cremers2019,Appl. Phys. Lett.,not_oa,closed,,,
10.1063/1.2245216,cremers2019,Appl. Phys. Lett.,not_oa,closed,,,
10.1063/1.2338776,cremers2019,Appl. Phys. Lett.,downloaded,bronze,https://pubs.aip.org/aip/apl/article-pdf/doi/10.1063/1.2338776/14354477/081915_1_online.pdf,10.1063_1.2338776.pdf,595911b
10.1063/1.2901880,cremers2019,Appl. Phys. Lett.,not_oa,closed,,,
10.1063/1.3525929,popov2025,Appl. Phys. Lett.,not_oa,closed,,,
10.1063/1.3400213,popov2025,Appl. Phys. Lett.,http_error,bronze,https://aip.scitation.org/doi/pdf/10.1063/1.3400213,,not_a_pdf
10.1063/1.3579195,popov2025,Appl. Phys. Lett.,downloaded,bronze,https://pubs.aip.org/aip/apl/article-pdf/doi/10.1063/1.3579195/14449087/162902_1_online.pdf,10.1063_1.3579195.pdf,1505698b
10.1063/1.4752727,popov2025,Appl. Phys. Lett.,oa_no_pdf_url,green,,,http://nrs.harvard.edu/urn-3:HUL.InstRepos:9961225
10.1063/1.4829138,popov2025,Appl. Phys. Lett.,not_oa,closed,,,
10.1063/1.4811788,popov2025,Appl. Phys. Lett.,not_oa,closed,,,
10.1063/1.4867469,popov2025,Appl. Phys. Lett.,downloaded,green,https://www.osti.gov/servlets/purl/1383359,10.1063_1.4867469.pdf,1107762b
10.1063/1.4939654,cremers2019,Appl. Phys. Lett.,http_error,bronze,https://aip.scitation.org/doi/pdf/10.1063/1.4939654,,not_a_pdf
10.1063/1.4998577,cremers2019,Appl. Phys. Lett.,http_error,bronze,https://aip.scitation.org/doi/pdf/10.1063/1.4998577,,not_a_pdf
10.1063/1.5056223,popov2025,Appl. Phys. Lett.,not_oa,closed,,,
10.1063/1.5098766,popov2025,Appl. Phys. Lett.,downloaded,green,https://www.osti.gov/servlets/purl/1613295,10.1063_1.5098766.pdf,1126953b
10.1063/1.5060967,popov2025,Appl. Phys. Rev.,http_error,hybrid,https://aip.scitation.org/doi/pdf/10.1063/1.5060967,,not_a_pdf
10.1016/s0169-4332(00)00007-6,cremers2019,Appl. Surf. Sci.,not_oa,closed,,,
10.1016/j.apsusc.2009.02.055,cremers2019,Appl. Surf. Sci.,not_oa,closed,,,
10.1016/j.apsusc.2010.01.025,cremers2019,Appl. Surf. Sci.,not_oa,closed,,,
10.1016/j.apsusc.2010.03.049,popov2025,Appl. Surf. Sci.,not_oa,closed,,,
10.1016/j.apsusc.2010.07.051,popov2025,Appl. Surf. Sci.,not_oa,closed,,,
10.1016/j.apsusc.2012.05.019,popov2025,Appl. Surf. Sci.,oa_no_pdf_url,green,,,https://figshare.com/articles/journal_contribution/Atomic_layer_deposition_and_characterization_of_stoichiometric_erbium_oxide_thin_dielectrics_on_Si_1_0_0_using_CpMe_3Er_precursor_and_ozone/10958585
10.1016/j.apsusc.2014.10.025,popov2025,Appl. Surf. Sci.,not_oa,closed,,,
10.1016/j.apsusc.2014.05.092,popov2025,Appl. Surf. Sci.,http_error,bronze,https://www.sciencedirect.com/science/article/pii/S016943321401109X,,http_403
10.1016/j.apsusc.2014.09.054,popov2025,Appl. Surf. Sci.,not_oa,closed,,,
10.1016/j.apsusc.2014.09.131,popov2025,Appl. Surf. Sci.,not_oa,closed,,,
10.1016/j.apsusc.2015.05.062,popov2025,Appl. Surf. Sci.,oa_no_pdf_url,green,,,https://scholarworks.unist.ac.kr/handle/201301/64119
10.1016/j.apsusc.2015.04.154,popov2025,Appl. Surf. Sci.,oa_no_pdf_url,green,,,http://www.sciencedirect.com/science/article/pii/S016943321501020X#
10.1016/j.apsusc.2016.04.096,popov2025,Appl. Surf. Sci.,not_oa,closed,,,
10.1016/j.apsusc.2016.04.120,popov2025,Appl. Surf. Sci.,not_oa,closed,,,
10.1016/j.apsusc.2017.06.016,cremers2019,Appl. Surf. Sci.,not_oa,closed,,,
10.1016/j.apsusc.2016.11.192,popov2025,Appl. Surf. Sci.,http_error,hybrid,https://ars.els-cdn.com/content/image/1-s2.0-S0169433216326472-fx1_lrg.jpg,,not_a_pdf
10.1016/j.apsusc.2017.05.066,popov2025,Appl. Surf. Sci.,not_oa,closed,,,
10.1016/j.apsusc.2018.05.017,popov2025,Appl. Surf. Sci.,not_oa,closed,,,
10.1016/j.apsusc.2018.07.153,popov2025,Appl. Surf. Sci.,not_oa,closed,,,
10.1016/j.apsusc.2019.04.262,popov2025,Appl. Surf. Sci.,not_oa,closed,,,
10.1016/j.apsusc.2019.03.071,popov2025,Appl. Surf. Sci.,not_oa,closed,,,
10.1016/j.apsusc.2019.05.242,popov2025,Appl. Surf. Sci.,not_oa,closed,,,
10.1016/j.apsusc.2019.144804,popov2025,Appl. Surf. Sci.,not_oa,closed,,,
10.1016/j.apsusc.2021.150603,popov2025,Appl. Surf. Sci.,not_oa,closed,,,
10.1016/j.apsusc.2020.148758,popov2025,Appl. Surf. Sci.,not_oa,closed,,,
10.1016/j.apsusc.2021.150152,popov2025,Appl. Surf. Sci.,oa_no_pdf_url,green,,,https://scholarworks.unist.ac.kr/handle/201301/64054
10.1016/j.apsusc.2021.150373,popov2025,Appl. Surf. Sci.,oa_no_pdf_url,green,,,https://scholarworks.unist.ac.kr/handle/201301/64055
10.1016/j.apsusc.2021.152062,popov2025,Appl. Surf. Sci.,oa_no_pdf_url,green,,,https://linkinghub.elsevier.com/retrieve/pii/S016943322103097X
10.1016/j.apsusc.2023.156834,popov2025,Appl. Surf. Sci.,not_oa,closed,,,
10.1016/j.apsusc.2023.156517,popov2025,Appl. Surf. Sci.,not_oa,closed,,,
10.3762/bjnano.2.13,cremers2019,Beilstein J. Nanotechnol.,downloaded,gold,https://www.beilstein-journals.org/bjnano/content/pdf/2190-4286-2-13.pdf,10.3762_bjnano.2.13.pdf,2137787b
10.3762/bjnano.5.25,cremers2019,Beilstein J. Nanotechnol.,downloaded,gold,https://www.beilstein-journals.org/bjnano/content/pdf/2190-4286-5-25.pdf,10.3762_bjnano.5.25.pdf,2184355b
10.3762/bjnano.14.89,popov2025,Beilstein J. Nanotechnol.,downloaded,gold,https://www.beilstein-journals.org/bjnano/content/pdf/2190-4286-14-89.pdf,10.3762_bjnano.14.89.pdf,1506606b
10.1088/1758-5090/aab981,popov2025,Biofabrication,oa_no_pdf_url,green,,,https://zenodo.org/record/3494462
10.1002/bkcs.10400,popov2025,Bull. Korean Chem. Soc.,not_oa,closed,,,
10.1002/bkcs.11153,popov2025,Bull. Korean Chem. Soc.,not_oa,closed,,,
10.1016/j.cattod.2003.11.022,cremers2019,Catal. Today,not_oa,closed,,,
10.1016/j.ceramint.2015.05.015,popov2025,Ceram. Int.,not_oa,closed,,,
10.1016/j.ceramint.2015.12.109,popov2025,Ceram. Int.,not_oa,closed,,,
10.1016/j.ceramint.2016.10.186,popov2025,Ceram. Int.,not_oa,closed,,,
10.1016/j.ceramint.2017.03.087,popov2025,Ceram. Int.,not_oa,closed,,,
10.1016/j.ceramint.2018.09.263,popov2025,Ceram. Int.,not_oa,closed,,,
10.1016/j.ceramint.2019.10.018,popov2025,Ceram. Int.,not_oa,closed,,,
10.1016/j.ceramint.2019.10.254,popov2025,Ceram. Int.,not_oa,closed,,,
10.1016/j.ceramint.2022.10.047,popov2025,Ceram. Int.,not_oa,closed,,,
10.1039/c6cc05568k,cremers2019,Chem. Commun.,not_oa,closed,,,
10.1039/c8cc04998j,popov2025,Chem. Commun.,not_oa,closed,,,
10.1039/c8cc10175b,popov2025,Chem. Commun.,not_oa,closed,,,
10.1016/j.cej.2022.136123,popov2025,Chem. Eng. J.,not_oa,closed,,,
10.1002/chem.201702939,popov2025,Chem. Eur. J.,not_oa,closed,,,
10.1002/chem.201802317,popov2025,Chem. Eur. J.,oa_no_pdf_url,green,,,http://nrs.harvard.edu/urn-3:HUL.InstRepos:38561569
10.1002/chem.202005268,popov2025,Chem. Eur. J.,http_error,bronze,https://onlinelibrary.wiley.com/doi/pdfdirect/10.1002/chem.202005268,,http_403
10.1002/chem.202101126,popov2025,Chem. Eur. J.,http_error,hybrid,https://onlinelibrary.wiley.com/doi/pdfdirect/10.1002/chem.202101126,,http_403
10.1021/cm020357x,cremers2019,Chem. Mater.,not_oa,closed,,,
10.1021/cm011176i,cremers2019,Chem. Mater.,not_oa,closed,,,
10.1021/cm0303080,cremers2019,Chem. Mater.,not_oa,closed,,,
10.1021/cm021772s,cremers2019,Chem. Mater.,not_oa,closed,,,
10.1021/cm020607+,cremers2019,Chem. Mater.,not_oa,closed,,,
10.1021/cm021333t,popov2025,Chem. Mater.,not_oa,closed,,,
10.1021/cm0605421,cremers2019,Chem. Mater.,not_oa,closed,,,
10.1021/cm0626482,cremers2019,Chem. Mater.,not_oa,closed,,,
10.1021/cm801187t,cremers2019,Chem. Mater.,not_oa,closed,,,
10.1021/cm800948k,popov2025,Chem. Mater.,not_oa,closed,,,
10.1021/cm901687w,cremers2019,Chem. Mater.,not_oa,closed,,,
10.1021/cm9031978,cremers2019,Chem. Mater.,not_oa,closed,,,
10.1021/cm101812k,popov2025,Chem. Mater.,not_oa,closed,,,
10.1021/cm102600m,popov2025,Chem. Mater.,not_oa,closed,,,
10.1021/cm902294e,popov2025,Chem. Mater.,not_oa,closed,,,
10.1021/cm102003y,popov2025,Chem. Mater.,not_oa,closed,,,
10.1021/cm100061n,popov2025,Chem. Mater.,not_oa,closed,,,
10.1021/cm1011108,popov2025,Chem. Mater.,http_error,green,http://nrs.harvard.edu/urn-3:HUL.InstRepos:8961464,,not_a_pdf
10.1021/cm100926r,popov2025,Chem. Mater.,not_oa,closed,,,
10.1021/cm902180d,popov2025,Chem. Mater.,not_oa,closed,,,
10.1021/cm2001144,cremers2019,Chem. Mater.,not_oa,closed,,,
10.1021/cm102904f,popov2025,Chem. Mater.,not_oa,closed,,,
10.1021/cm202475e,popov2025,Chem. Mater.,not_oa,closed,,,
10.1021/cm201412p,popov2025,Chem. Mater.,not_oa,closed,,,
10.1021/cm103637t,popov2025,Chem. Mater.,not_oa,closed,,,
10.1021/cm200899k,popov2025,Chem. Mater.,not_oa,closed,,,
10.1021/cm103480d,popov2025,Chem. Mater.,not_oa,closed,,,
10.1021/cm101673u,popov2025,Chem. Mater.,not_oa,closed,,,
10.1021/cm2002572,popov2025,Chem. Mater.,not_oa,closed,,,
10.1021/cm1026128,popov2025,Chem. Mater.,not_oa,closed,,,
10.1021/cm301205p,cremers2019,Chem. Mater.,oa_no_pdf_url,green,,,http://hdl.handle.net/1942/13957
10.1021/cm301658m,popov2025,Chem. Mater.,not_oa,closed,,,
10.1021/cm2029189,popov2025,Chem. Mater.,not_oa,closed,,,
10.1021/cm3015463,popov2025,Chem. Mater.,not_oa,closed,,,
10.1021/cm2020862,popov2025,Chem. Mater.,not_oa,closed,,,
10.1021/cm300712x,popov2025,Chem. Mater.,not_oa,closed,,,
10.1021/cm300539a,popov2025,Chem. Mater.,not_oa,closed,,,
10.1021/cm2026812,popov2025,Chem. Mater.,not_oa,closed,,,
10.1021/cm201795s,popov2025,Chem. Mater.,not_oa,closed,,,
10.1021/cm2030735,popov2025,Chem. Mater.,not_oa,closed,,,
10.1021/cm301594p,popov2025,Chem. Mater.,not_oa,closed,,,
10.1021/cm202901z,popov2025,Chem. Mater.,not_oa,closed,,,
10.1021/cm400046w,popov2025,Chem. Mater.,not_oa,closed,,,
10.1021/cm304125e,popov2025,Chem. Mater.,not_oa,closed,,,
10.1021/cm303703r,popov2025,Chem. Mater.,not_oa,closed,,,
10.1021/cm402974j,popov2025,Chem. Mater.,not_oa,closed,,,
10.1021/cm401279v,popov2025,Chem. Mater.,not_oa,closed,,,
10.1021/cm3027225,popov2025,Chem. Mater.,not_oa,closed,,,
10.1021/cm501109r,popov2025,Chem. Mater.,not_oa,closed,,,
10.1021/cm4031057,popov2025,Chem. Mater.,not_oa,closed,,,
10.1021/cm403901y,popov2025,Chem. Mater.,not_oa,closed,,,
10.1021/cm4034885,popov2025,Chem. Mater.,not_oa,closed,,,
10.1021/cm5035485,popov2025,Chem. Mater.,not_oa,closed,,,
10.1021/cm503112v,popov2025,Chem. Mater.,not_oa,closed,,,
10.1021/cm402221y,popov2025,Chem. Mater.,not_oa,closed,,,
10.1021/cm504238f,popov2025,Chem. Mater.,not_oa,closed,,,
10.1021/acs.chemmater.5b00603,popov2025,Chem. Mater.,not_oa,closed,,,
10.1021/acs.chemmater.5b02093,popov2025,Chem. Mater.,not_oa,closed,,,
10.1021/acs.chemmater.5b00743,popov2025,Chem. Mater.,not_oa,closed,,,
10.1021/acs.chemmater.5b01654,popov2025,Chem. Mater.,http_error,hybrid,https://pubs.acs.org/doi/pdf/10.1021/acs.chemmater.5b01654,,http_403
10.1021/acs.chemmater.5b02199,popov2025,Chem. Mater.,not_oa,closed,,,
10.1021/acs.chemmater.5b00818,popov2025,Chem. Mater.,not_oa,closed,,,
10.1021/acs.chemmater.5b00843,popov2025,Chem. Mater.,not_oa,closed,,,
10.1021/acs.chemmater.5b01707,popov2025,Chem. Mater.,not_oa,closed,,,
10.1021/acs.chemmater.6b00853,cremers2019,Chem. Mater.,not_oa,closed,,,
10.1021/acs.chemmater.5b03504,popov2025,Chem. Mater.,not_oa,closed,,,
10.1021/acs.chemmater.6b01869,popov2025,Chem. Mater.,not_oa,closed,,,
10.1021/acs.chemmater.6b03704,popov2025,Chem. Mater.,not_oa,closed,,,
10.1021/acs.chemmater.5b04360,popov2025,Chem. Mater.,not_oa,closed,,,
10.1021/acs.chemmater.6b00248,popov2025,Chem. Mater.,not_oa,closed,,,
10.1021/acs.chemmater.6b03423,popov2025,Chem. Mater.,not_oa,closed,,,
10.1021/acs.chemmater.5b04645,popov2025,Chem. Mater.,not_oa,closed,,,
10.1021/acs.chemmater.5b04402,popov2025,Chem. Mater.,oa_no_pdf_url,green,,,https://www.osti.gov/biblio/1352646
10.1021/acs.chemmater.6b04029,popov2025,Chem. Mater.,not_oa,closed,,,
10.1021/acs.chemmater.7b02175,popov2025,Chem. Mater.,downloaded,green,https://www.osti.gov/servlets/purl/1415984,10.1021_acs.chemmater.7b02175.pdf,2618831b
10.1021/acs.chemmater.7b02167,popov2025,Chem. Mater.,not_oa,closed,,,
10.1021/acs.chemmater.7b02456,popov2025,Chem. Mater.,not_oa,closed,,,
10.1021/acs.chemmater.6b05346,popov2025,Chem. Mater.,oa_no_pdf_url,green,,,http://hdl.handle.net/10138/308511
10.1021/acs.chemmater.6b04597,popov2025,Chem. Mater.,http_error,green,https://research.aalto.fi/files/11379812/ERC_26_accepted.pdf,,http_403
10.1021/acs.chemmater.7b02098,popov2025,Chem. Mater.,not_oa,closed,,,
10.1021/acs.chemmater.7b01236,popov2025,Chem. Mater.,not_oa,closed,,,
10.1021/acs.chemmater.7b01358,popov2025,Chem. Mater.,not_oa,closed,,,
10.1021/acs.chemmater.7b00944,popov2025,Chem. Mater.,not_oa,closed,,,
10.1021/acs.chemmater.7b00805,popov2025,Chem. Mater.,downloaded,green,https://arxiv.org/pdf/1702.04009,10.1021_acs.chemmater.7b00805.pdf,3125168b
10.1021/acs.chemmater.6b04251,popov2025,Chem. Mater.,not_oa,closed,,,
10.1021/acs.chemmater.7b01856,popov2025,Chem. Mater.,not_oa,closed,,,
10.1021/acs.chemmater.7b01130,popov2025,Chem. Mater.,oa_no_pdf_url,green,,,https://www.osti.gov/biblio/1393545
10.1021/acs.chemmater.6b05084,popov2025,Chem. Mater.,oa_no_pdf_url,green,,,https://www.osti.gov/biblio/1352533
10.1021/acs.chemmater.8b00445,popov2025,Chem. Mater.,not_oa,closed,,,
10.1021/acs.chemmater.8b01271,popov2025,Chem. Mater.,http_error,green,http://hdl.handle.net/10138/256020,,not_a_pdf
10.1021/acs.chemmater.7b04371,popov2025,Chem. Mater.,not_oa,closed,,,
10.1021/acs.chemmater.7b05005,popov2025,Chem. Mater.,not_oa,closed,,,
10.1021/acs.chemmater.8b01171,popov2025,Chem. Mater.,oa_no_pdf_url,green,,,https://stars.library.ucf.edu/scopus2015/9650
10.1021/acs.chemmater.8b04129,popov2025,Chem. Mater.,http_error,green,http://hdl.handle.net/10138/306899,,not_a_pdf
10.1021/acs.chemmater.7b04790,popov2025,Chem. Mater.,not_oa,closed,,,
10.1021/acs.chemmater.9b02533,popov2025,Chem. Mater.,not_oa,closed,,,
10.1021/acs.chemmater.9b01937,popov2025,Chem. Mater.,not_oa,closed,,,
10.1021/acs.chemmater.9b01688,popov2025,Chem. Mater.,oa_no_pdf_url,hybrid,,,https://doi.org/10.1021/acs.chemmater.9b01688
10.1021/acs.chemmater.9b01877,popov2025,Chem. Mater.,http_error,hybrid,https://pubs.acs.org/doi/pdf/10.1021/acs.chemmater.9b01877,,http_403
10.1021/acs.chemmater.8b04969,popov2025,Chem. Mater.,http_error,hybrid,https://pubs.acs.org/doi/pdf/10.1021/acs.chemmater.8b04969,,http_403
10.1021/acs.chemmater.9b00675,popov2025,Chem. Mater.,not_oa,closed,,,
10.1021/acs.chemmater.8b04456,popov2025,Chem. Mater.,oa_no_pdf_url,green,,,https://www.osti.gov/biblio/1542427
10.1021/acs.chemmater.9b00193,popov2025,Chem. Mater.,oa_no_pdf_url,hybrid,,,https://doi.org/10.1021/acs.chemmater.9b00193
10.1021/acs.chemmater.9b02085,popov2025,Chem. Mater.,not_oa,closed,,,
10.1021/acs.chemmater.9b01107,popov2025,Chem. Mater.,not_oa,closed,,,
10.1021/acs.chemmater.8b03921,popov2025,Chem. Mater.,not_oa,closed,,,
10.1021/acs.chemmater.0c02306,popov2025,Chem. Mater.,not_oa,closed,,,
10.1021/acs.chemmater.0c02505,popov2025,Chem. Mater.,not_oa,closed,,,
10.1021/acs.chemmater.0c01887,popov2025,Chem. Mater.,oa_no_pdf_url,hybrid,,,https://doi.org/10.1021/acs.chemmater.0c01887
10.1021/acs.chemmater.1c00877,popov2025,Chem. Mater.,not_oa,closed,,,
10.1021/acs.chemmater.1c02982,popov2025,Chem. Mater.,not_oa,closed,,,
10.1021/acs.chemmater.1c01054,popov2025,Chem. Mater.,not_oa,closed,,,
10.1021/acs.chemmater.0c04496,popov2025,Chem. Mater.,not_oa,closed,,,
10.1021/acs.chemmater.0c03928,popov2025,Chem. Mater.,not_oa,closed,,,
10.1021/acs.chemmater.1c03394,popov2025,Chem. Mater.,not_oa,closed,,,
10.1021/acs.chemmater.2c01202,popov2025,Chem. Mater.,oa_no_pdf_url,hybrid,,,https://doi.org/10.1021/acs.chemmater.2c01202
10.1021/acs.chemmater.2c00907,popov2025,Chem. Mater.,oa_no_pdf_url,hybrid,,,https://doi.org/10.1021/acs.chemmater.2c00907
10.1021/acs.chemmater.2c00753,popov2025,Chem. Mater.,not_oa,closed,,,
10.1021/acs.chemmater.1c03142,popov2025,Chem. Mater.,not_oa,closed,,,
10.1021/acs.chemmater.1c03093,popov2025,Chem. Mater.,oa_no_pdf_url,green,,,https://www.osti.gov/biblio/1888291
10.1021/acs.chemmater.2c02292,popov2025,Chem. Mater.,downloaded,green,https://biblio.ugent.be/publication/8769563/file/8769568.pdf,10.1021_acs.chemmater.2c02292.pdf,1963494b
10.1021/acs.chemmater.1c04411,popov2025,Chem. Mater.,not_oa,closed,,,
10.1021/acs.chemmater.2c02341,popov2025,Chem. Mater.,not_oa,closed,,,
10.1021/acs.chemmater.2c00954,popov2025,Chem. Mater.,not_oa,closed,,,
10.1021/acs.chemmater.2c01154,popov2025,Chem. Mater.,downloaded,hybrid,https://pubs.acs.org/doi/pdf/10.1021/acs.chemmater.2c01154,10.1021_acs.chemmater.2c01154.pdf,8675575b
10.1021/acs.chemmater.3c02059,popov2025,Chem. Mater.,oa_no_pdf_url,hybrid,,,https://doi.org/10.1021/acs.chemmater.3c02059
10.1021/acs.chemmater.3c00013,popov2025,Chem. Mater.,not_oa,closed,,,
10.1021/acs.chemmater.3c00143,popov2025,Chem. Mater.,not_oa,closed,,,
10.1021/cr900056b,cremers2019,Chem. Rev.,not_oa,closed,,,
10.1021/acs.chemrev.8b00800,popov2025,Chem. Rev.,not_oa,closed,,,
10.1039/c1cs15091j,cremers2019,Chem. Soc. Rev.,not_oa,closed,,,
10.1002/(sici)1521-3862(199901)5:1&lt;7::aid-cvde7&gt;3.0.co;2-j,cremers2019,Chem. Vap. Depos.,not_found,,,,not_found
10.1002/cvde.200390005,cremers2019,Chem. Vap. Depos.,http_error,bronze,https://onlinelibrary.wiley.com/doi/pdfdirect/10.1002/cvde.200390005,,http_403
10.1002/cvde.200606519,cremers2019,Chem. Vap. Depos.,not_oa,closed,,,
10.1002/cvde.200606508,cremers2019,Chem. Vap. Depos.,not_oa,closed,,,
10.1002/cvde.200806713,cremers2019,Chem. Vap. Depos.,not_oa,closed,,,
10.1002/cvde.201006891,cremers2019|popov2025,Chem. Vap. Depos.,not_oa,closed,,,
10.1002/cvde.201106922,cremers2019,Chem. Vap. Depos.,not_oa,closed,,,
10.1002/cvde.201106938,cremers2019,Chem. Vap. Depos.,not_oa,closed,,,
10.1002/cvde.201402012,cremers2019|popov2025,Chem. Vap. Depos.,http_error,hybrid,https://onlinelibrary.wiley.com/doi/pdfdirect/10.1002/cvde.201402012,,http_403
10.1002/cvde.201502013,cremers2019,Chem. Vap. Depos.,not_oa,closed,,,
10.1002/cvde.200306246,popov2025,Chem. Vap. Deposition,not_oa,closed,,,
10.1002/cvde.200906833,popov2025,Chem. Vap. Deposition,not_oa,closed,,,
10.1002/cvde.201106879,popov2025,Chem. Vap. Deposition,not_oa,closed,,,
10.1002/cvde.201006890,popov2025,Chem. Vap. Deposition,not_oa,closed,,,
10.1002/cvde.201106959,popov2025,Chem. Vap. Deposition,http_error,bronze,https://onlinelibrary.wiley.com/doi/pdfdirect/10.1002/cvde.201106959,,http_403
10.1002/cvde.201106934,popov2025,Chem. Vap. Deposition,not_oa,closed,,,
10.1002/cvde.201106949,popov2025,Chem. Vap. Deposition,not_oa,closed,,,
10.1002/cvde.201206986,popov2025,Chem. Vap. Deposition,not_oa,closed,,,
10.1002/cvde.201207030,popov2025,Chem. Vap. Deposition,not_oa,closed,,,
10.1002/cvde.201207026,popov2025,Chem. Vap. Deposition,not_oa,closed,,,
10.1002/cvde.201207051,popov2025,Chem. Vap. Deposition,not_oa,closed,,,
10.1002/cvde.201407116,popov2025,Chem. Vap. Deposition,not_oa,closed,,,
10.1002/cvde.201407112,popov2025,Chem. Vap. Deposition,not_oa,closed,,,
10.1002/cvde.201407115,popov2025,Chem. Vap. Deposition,not_oa,closed,,,
10.1002/cvde.201507170,popov2025,Chem. Vap. Deposition,not_oa,closed,,,
10.1002/cvde.201507196,popov2025,Chem. Vap. Deposition,not_oa,closed,,,
10.1002/celc.201600139,popov2025,ChemElectroChem,downloaded,green,https://www.osti.gov/servlets/purl/1989660,10.1002_celc.201600139.pdf,1358431b
10.1002/celc.201800152,popov2025,ChemElectroChem,http_error,hybrid,https://onlinelibrary.wiley.com/doi/pdfdirect/10.1002/celc.201800152,,http_403
10.1002/cnma.201700148,popov2025,ChemNanoMat.,downloaded,green,https://hal.science/hal-02106422v1/document,10.1002_cnma.201700148.pdf,1304298b
10.1002/cphc.201700407,popov2025,ChemPhysChem,not_oa,closed,,,
10.1002/cplu.202000108,popov2025,ChemPlusChem,not_oa,closed,,,
10.1002/cssc.201600457,popov2025,ChemSusChem,not_oa,closed,,,
10.3390/coatings8070237,popov2025,Coatings,http_error,gold,https://www.mdpi.com/2079-6412/8/7/237/pdf?version=1530701387,,http_403
10.3390/coatings8120431,popov2025,Coatings,http_error,gold,https://www.mdpi.com/2079-6412/8/12/431/pdf?version=1543322251,,http_403
10.3390/coatings10100954,popov2025,Coatings,http_error,gold,https://www.mdpi.com/2079-6412/10/10/954/pdf?version=1601709332,,http_403
10.3390/coatings12010101,popov2025,Coatings,http_error,gold,https://www.mdpi.com/2079-6412/12/1/101/pdf?version=1642497961,,http_403
10.3390/coatings13030605,popov2025,Coatings,http_error,gold,https://www.mdpi.com/2079-6412/13/3/605/pdf?version=1678614952,,http_403
10.3390/coatings13050870,popov2025,Coatings,http_error,gold,https://www.mdpi.com/2079-6412/13/5/870/pdf?version=1683278636,,http_403
10.3390/coatings13061070,popov2025,Coatings,http_error,gold,https://www.mdpi.com/2079-6412/13/6/1070/pdf?version=1686299707,,http_403
10.3390/coatings13030641,popov2025,Coatings,http_error,gold,https://www.mdpi.com/2079-6412/13/3/641/pdf?version=1679122404,,http_403
10.3390/coatings13050960,popov2025,Coatings,http_error,gold,https://www.mdpi.com/2079-6412/13/5/960/pdf?version=1684632063,,http_403
10.1016/j.commatsci.2005.03.019,cremers2019,Comput. Mater. Sci.,not_oa,closed,,,
10.1016/j.ccr.2013.08.007,cremers2019,Coordin. Chem. Rev.,not_oa,closed,,,
10.1021/acs.cgd.0c00457,popov2025,Cryst. Growth Des.,not_oa,closed,,,
10.1021/acs.cgd.3c00502,popov2025,Cryst. Growth Des.,not_oa,closed,,,
10.1039/c1ce05923h,popov2025,CrystEngComm,not_oa,closed,,,
10.1039/b918175j,popov2025,Dalton Trans.,not_oa,closed,,,
10.1039/c3dt52746h,popov2025,Dalton Trans.,not_oa,closed,,,
10.1039/c4dt01930j,popov2025,Dalton Trans.,http_error,hybrid,https://pubs.rsc.org/en/content/articlepdf/2014/dt/c4dt01930j,,not_a_pdf
10.1039/c5dt00436e,popov2025,Dalton Trans.,not_oa,closed,,,
10.1039/c6dt03040h,popov2025,Dalton Trans.,oa_no_pdf_url,green,,,https://research.aalto.fi/en/publications/5bef191e-0f85-49ef-9ac3-41da04b7ead0
10.1039/c6dt03571j,popov2025,Dalton Trans.,downloaded,hybrid,https://pubs.rsc.org/en/content/articlepdf/2016/dt/c6dt03571j,10.1039_c6dt03571j.pdf,1919569b
10.1039/c7dt02757e,popov2025,Dalton Trans.,oa_no_pdf_url,green,,,http://hdl.handle.net/10261/154832
10.1039/c6dt02572b,popov2025,Dalton Trans.,not_oa,closed,,,
10.1039/c6dt03952a,popov2025,Dalton Trans.,downloaded,green,https://www.osti.gov/servlets/purl/1871006,10.1039_c6dt03952a.pdf,1663259b
10.1039/c7dt00512a,popov2025,Dalton Trans.,oa_no_pdf_url,green,,,https://research.aalto.fi/en/publications/83e7ddc8-68ce-44f8-9e2d-c93775d871c3
10.1039/c7dt03753h,popov2025,Dalton Trans.,not_oa,closed,,,
10.1039/c8dt02508h,popov2025,Dalton Trans.,not_oa,closed,,,
10.1039/c9dt04644e,popov2025,Dalton Trans.,not_oa,closed,,,
10.1039/d1dt02529e,popov2025,Dalton Trans.,downloaded,bronze,https://pubs.rsc.org/en/content/articlepdf/2021/dt/d1dt02529e,10.1039_d1dt02529e.pdf,5295570b
10.1039/d1dt02315b,popov2025,Dalton Trans.,downloaded,hybrid,https://pubs.rsc.org/en/content/articlepdf/2021/dt/d1dt02315b,10.1039_d1dt02315b.pdf,4489860b
10.1039/d1dt03465k,popov2025,Dalton Trans.,not_oa,closed,,,
10.1039/d1dt03479k,popov2025,Dalton Trans.,not_oa,closed,,,
10.1039/d1dt03454e,popov2025,Dalton Trans.,not_oa,closed,,,
10.1039/d1dt01634b,popov2025,Dalton Trans.,not_oa,closed,,,
10.1039/d1dt03748j,popov2025,Dalton Trans.,downloaded,hybrid,https://pubs.rsc.org/en/content/articlepdf/2022/dt/d1dt03748j,10.1039_d1dt03748j.pdf,2807331b
10.1039/d1dt03960a,popov2025,Dalton Trans.,downloaded,hybrid,https://pubs.rsc.org/en/content/articlepdf/2022/dt/d1dt03960a,10.1039_d1dt03960a.pdf,2198911b
10.1039/d1dt03736f,popov2025,Dalton Trans.,downloaded,green,https://www.osti.gov/servlets/purl/1978780,10.1039_d1dt03736f.pdf,1270506b
10.1039/d1dt03600a,popov2025,Dalton Trans.,oa_no_pdf_url,green,,,https://www.osti.gov/biblio/1889159
10.1039/d2dt01347a,popov2025,Dalton Trans.,downloaded,hybrid,https://pubs.rsc.org/en/content/articlepdf/2022/dt/d2dt01347a,10.1039_d2dt01347a.pdf,3092197b
10.1039/d2dt02216h,popov2025,Dalton Trans.,downloaded,hybrid,https://pubs.rsc.org/en/content/articlepdf/2022/dt/d2dt02216h,10.1039_d2dt02216h.pdf,3135863b
10.1039/d1dt03543f,popov2025,Dalton Trans.,downloaded,bronze,https://pubs.rsc.org/en/content/articlepdf/2022/dt/d1dt03543f,10.1039_d1dt03543f.pdf,1500529b
10.1039/d2dt02562k,popov2025,Dalton Trans.,downloaded,hybrid,https://pubs.rsc.org/en/content/articlepdf/2022/dt/d2dt02562k,10.1039_d2dt02562k.pdf,1903324b
10.1039/d2dt01427k,popov2025,Dalton Trans.,oa_no_pdf_url,green,,,https://hal.science/hal-03875357
10.1039/d1dt03487a,popov2025,Dalton Trans.,not_oa,closed,,,
10.1039/d3dt01717f,popov2025,Dalton Trans.,downloaded,hybrid,https://pubs.rsc.org/en/content/articlepdf/2023/dt/d3dt01717f,10.1039_d3dt01717f.pdf,5125012b
10.1039/d3dt01824e,popov2025,Dalton Trans.,downloaded,bronze,https://pubs.rsc.org/en/content/articlepdf/2023/dt/d3dt01824e,10.1039_d3dt01824e.pdf,2500319b
10.1149/2.001303jss,cremers2019|popov2025,ECS J. Solid State Sci.,not_oa,closed,,,
10.1149/1.009206jss,cremers2019,ECS J. Solid State Sci. Technol.,not_oa,closed,,,
10.1149/2.013206jss,popov2025,ECS J. Solid State Sci. Technol.,http_error,bronze,https://iopscience.iop.org/article/10.1149/2.013206jss/pdf,,not_a_pdf
10.1149/2.023201jss,popov2025,ECS J. Solid State Sci. Technol.,not_oa,closed,,,
10.1149/2.011201jss,popov2025,ECS J. Solid State Sci. Technol.,not_oa,closed,,,
10.1149/2.004303jss,popov2025,ECS J. Solid State Sci. Technol.,not_oa,closed,,,
10.1149/2.0021411jss,popov2025,ECS J. Solid State Sci. Technol.,http_error,bronze,https://iopscience.iop.org/article/10.1149/2.0021411jss/pdf,,not_a_pdf
10.1149/2.014406jss,popov2025,ECS J. Solid State Sci. Technol.,http_error,hybrid,https://iopscience.iop.org/article/10.1149/2.014406jss/pdf,,not_a_pdf
10.1149/2.0231512jss,popov2025,ECS J. Solid State Sci. Technol.,http_error,bronze,https://iopscience.iop.org/article/10.1149/2.0231512jss/pdf,,not_a_pdf
10.1149/2.0241509jss,popov2025,ECS J. Solid State Sci. Technol.,http_error,hybrid,https://iopscience.iop.org/article/10.1149/2.0241509jss/pdf,,not_a_pdf
10.1149/2.0291605jss,popov2025,ECS J. Solid State Sci. Technol.,not_oa,closed,,,
10.1149/2.0021806jss,popov2025,ECS J. Solid State Sci. Technol.,http_error,green,http://hdl.handle.net/10138/311241,,not_a_pdf
10.1149/2.0041802jss,popov2025,ECS J. Solid State Sci. Technol.,not_oa,closed,,,
10.1149/2162-8777/ac6d74,popov2025,ECS J. Solid State Sci. Technol.,not_oa,closed,,,
10.1149/1.3207582,cremers2019,ECS Trans.,not_oa,closed,,,
10.1149/1.3207651,popov2025,ECS Trans.,not_oa,closed,,,
10.1149/1.3481630,popov2025,ECS Trans.,not_oa,closed,,,
10.1149/1.3360697,popov2025,ECS Trans.,not_oa,closed,,,
10.1149/1.3567622,popov2025,ECS Trans.,not_oa,closed,,,
10.1149/1.3633673,popov2025,ECS Trans.,not_oa,closed,,,
10.1149/1.3633675,popov2025,ECS Trans.,not_oa,closed,,,
10.1149/05013.0107ecst,popov2025,ECS Trans.,not_oa,closed,,,
10.1149/05051.0045ecst,popov2025,ECS Trans.,not_oa,closed,,,
10.1149/06001.0513ecst,cremers2019,ECS Trans.,not_oa,closed,,,
10.1149/06409.0147ecst,popov2025,ECS Trans.,not_oa,closed,,,
10.1149/08606.0041ecst,popov2025,ECS Trans.,not_oa,closed,,,
10.1149/09203.0003ecst,popov2025,ECS Trans.,not_oa,closed,,,
10.1149/1.1475199,cremers2019,Electrochem. Solid State,not_oa,closed,,,
10.1149/1.1587071,cremers2019,Electrochem. Solid State,oa_no_pdf_url,green,,,https://oasis.postech.ac.kr/handle/2014.oak/10105
10.1149/1.2813881,cremers2019,Electrochem. Solid State,not_oa,closed,,,
10.1149/1.2901542,cremers2019,Electrochem. Solid State,not_oa,closed,,,
10.1149/1.3207867,cremers2019,Electrochem. Solid State,http_error,green,https://iopscience.iop.org/article/10.1149/1.3207867/pdf,,not_a_pdf
10.1149/1.3355207,cremers2019,Electrochem. Solid State,http_error,bronze,https://iopscience.iop.org/article/10.1149/1.3355207/pdf,,not_a_pdf
10.1149/1.1391185,popov2025,Electrochem. Solid-State Lett.,not_oa,closed,,,
10.1149/1.1595312,popov2025,Electrochem. Solid-State Lett.,not_oa,closed,,,
10.1149/1.3266877,popov2025,Electrochem. Solid-State Lett.,not_oa,closed,,,
10.1149/1.3490413,popov2025,Electrochem. Solid-State Lett.,oa_no_pdf_url,green,,,https://oasis.postech.ac.kr/handle/2014.oak/10134
10.1149/2.008202esl,popov2025,Electrochem. Solid-State Lett.,http_error,bronze,https://iopscience.iop.org/article/10.1149/2.008202esl/pdf,,not_a_pdf
10.1149/1.3556980,popov2025,Electrochem. Solid-State Lett.,not_oa,closed,,,
10.1149/1.3537326,popov2025,Electrochem. Solid-State Lett.,not_oa,closed,,,
10.1016/j.electacta.2014.09.077,popov2025,Electrochim. Acta,not_oa,closed,,,
10.1016/j.electacta.2015.07.016,cremers2019,Electrochim. Acta,not_oa,closed,,,
10.3390/electronics6020027,popov2025,Electronics,http_error,gold,https://www.mdpi.com/2079-9292/6/2/27/pdf?version=1490863540,,http_403
10.1039/c2ee21110f,cremers2019,Energ. Environ. Sci.,not_oa,closed,,,
10.1039/c2ee23620f,popov2025,Energy Env. Sci.,not_oa,closed,,,
10.1039/c0ee00086h,cremers2019,Energy Environ. Sci.,not_oa,closed,,,
10.1016/j.flatc.2019.100130,popov2025,FlatChem,http_error,hybrid,https://www.sciencedirect.com/science/article/pii/S2452262719300777?via%3Dihub,,http_403
10.1016/j.flatc.2020.100166,popov2025,FlatChem,http_error,hybrid,https://ars.els-cdn.com/content/image/1-s2.0-S2452262720300155-ga1_lrg.jpg,,not_a_pdf
10.1109/led.2023.3239379,popov2025,IEEE Electron Device Lett.,not_oa,closed,,,
10.1109/ted.2016.2570221,popov2025,IEEE Trans. Electron Devices,not_oa,closed,,,
10.1109/tps.2005.845286,cremers2019,IEEE Trans. Plasma Sci.,not_oa,closed,,,
10.1021/ic902411h,popov2025,Inorg. Chem.,not_oa,closed,,,
10.1021/acs.inorgchem.1c00731,popov2025,Inorg. Chem.,oa_no_pdf_url,green,,,http://urn.kb.se/resolve?urn=urn:nbn:se:liu:diva-178785
10.1021/acs.inorgchem.1c02339,popov2025,Inorg. Chem.,not_oa,closed,,,
10.1016/j.inoche.2022.109235,popov2025,Inorg. Chem. Commun.,not_oa,closed,,,
10.1134/s0020168510010097,popov2025,Inorg. Mater.,not_oa,closed,,,
10.1134/s0020168523040052,popov2025,Inorg. Mater.,not_oa,closed,,,
10.3390/inorganics6010034,cremers2019,Inorganics,http_error,gold,https://www.mdpi.com/2304-6740/6/1/34/pdf?version=1520936153,,http_403
10.3390/inorganics6020046,popov2025,Inorganics,http_error,gold,https://www.mdpi.com/2304-6740/6/2/46/pdf?version=1525405014,,http_403
10.1016/j.ijhydene.2010.01.140,popov2025,Int. J. Hydrogen Energy,not_oa,closed,,,
10.1016/j.ijpharm.2017.04.031,cremers2019,Int. J. Pharm.,oa_no_pdf_url,green,,,http://hdl.handle.net/10138/307765
10.1016/j.jallcom.2014.04.186,popov2025,J. Alloys Compd.,not_oa,closed,,,
10.1016/j.jallcom.2015.07.150,popov2025,J. Alloys Compd.,not_oa,closed,,,
10.1016/j.jallcom.2015.12.148,cremers2019,J. Alloys Compd.,not_oa,closed,,,
10.1016/j.jallcom.2017.12.023,popov2025,J. Alloys Compd.,not_oa,closed,,,
10.1016/j.jallcom.2021.159100,popov2025,J. Alloys Compd.,not_oa,closed,,,
10.1016/j.jallcom.2022.168045,popov2025,J. Alloys Compd.,not_oa,closed,,,
10.1016/j.jallcom.2023.172284,popov2025,J. Alloys Compd.,not_oa,closed,,,
10.1111/jace.17521,popov2025,J. Am. Ceram. Soc.,not_oa,closed,,,
10.1021/ja01239a053,popov2025,J. Am. Chem. Soc.,not_oa,closed,,,
10.1021/ja072465w,cremers2019,J. Am. Chem. Soc.,not_oa,closed,,,
10.1021/ja807802r,cremers2019,J. Am. Chem. Soc.,not_oa,closed,,,
10.1021/ja8090388,popov2025,J. Am. Chem. Soc.,not_oa,closed,,,
10.1021/ja300319g,popov2025,J. Am. Chem. Soc.,not_oa,closed,,,
10.1021/ja4050828,cremers2019,J. Am. Chem. Soc.,not_oa,closed,,,
10.1021/ja407014w,popov2025,J. Am. Chem. Soc.,not_oa,closed,,,
10.1063/1.1722872,cremers2019,J. Appl. Phys.,not_oa,closed,,,
10.1063/1.356680,cremers2019,J. Appl. Phys.,not_oa,closed,,,
10.1063/1.1940727,cremers2019,J. Appl. Phys.,not_oa,closed,,,
10.1063/1.1937476,cremers2019,J. Appl. Phys.,not_oa,closed,,,
10.1063/1.1935761,cremers2019,J. Appl. Phys.,not_oa,closed,,,
10.1063/1.2714685,cremers2019,J. Appl. Phys.,not_oa,closed,,,
10.1063/1.3553872,popov2025,J. Appl. Phys.,not_oa,closed,,,
10.1063/1.3596574,popov2025,J. Appl. Phys.,not_oa,closed,,,
10.1063/1.3573513,popov2025,J. Appl. Phys.,not_oa,closed,,,
10.1063/1.4766747,popov2025,J. Appl. Phys.,not_oa,closed,,,
10.1063/1.4757907,cremers2019|popov2025,J. Appl. Phys.,not_oa,closed,,,
10.1063/1.4883767,popov2025,J. Appl. Phys.,not_oa,closed,,,
10.1063/1.5028178,cremers2019,J. Appl. Phys.,oa_no_pdf_url,green,,,https://research.aalto.fi/en/publications/58db97b4-a152-414c-bca7-1dee82698b40
10.1063/1.5026790,popov2025,J. Appl. Phys.,not_oa,closed,,,
10.1063/5.0028991,popov2025,J. Appl. Phys.,not_oa,closed,,,
10.1063/5.0143013,popov2025,J. Appl. Phys.,http_error,hybrid,https://aip.scitation.org/doi/pdf/10.1063/5.0143013,,not_a_pdf
10.1006/jcat.1996.0276,cremers2019,J. Catal.,not_oa,closed,,,
10.1016/j.jcat.2018.01.018,cremers2019,J. Catal.,not_oa,closed,,,
10.1016/j.jcat.2020.09.035,popov2025,J. Catal.,oa_no_pdf_url,green,,,https://www.osti.gov/biblio/1775869
10.1063/1.4972120,cremers2019,J. Chem. Phys.,oa_no_pdf_url,green,,,https://research.tue.nl/en/publications/2b35a9f5-2fcc-497f-b429-c149eeeeba7f
10.1016/s0022-0248(03)00967-9,cremers2019,J. Cryst. Growth,not_oa,closed,,,
10.1016/j.jcrysgro.2009.12.041,cremers2019,J. Cryst. Growth,not_oa,closed,,,
10.1016/j.jcrysgro.2009.10.028,popov2025,J. Cryst. Growth,not_oa,closed,,,
10.1016/j.jcrysgro.2010.03.033,popov2025,J. Cryst. Growth,not_oa,closed,,,
10.1016/j.jcrysgro.2011.02.039,popov2025,J. Cryst. Growth,not_oa,closed,,,
10.1016/j.jcrysgro.2017.04.019,popov2025,J. Cryst. Growth,downloaded,green,https://duepublico2.uni-due.de/servlets/MCRFileNodeServlet/duepublico_derivate_00073326/Accepted_Manuscript_J_Cryst_Growth_2017_470_128.pdf,10.1016_j.jcrysgro.2017.04.019.pdf,2019247b
10.1149/1.2086413,cremers2019,J. Electrochem. Soc.,not_oa,closed,,,
10.1149/1.2085881,cremers2019,J. Electrochem. Soc.,not_oa,closed,,,
10.1149/1.2054910,popov2025,J. Electrochem. Soc.,not_oa,closed,,,
10.1149/1.1836500,cremers2019,J. Electrochem. Soc.,not_oa,closed,,,
10.1149/1.1430230,cremers2019,J. Electrochem. Soc.,not_oa,closed,,,
10.1149/1.1423642,cremers2019,J. Electrochem. Soc.,not_oa,closed,,,
10.1149/1.1566960,cremers2019,J. Electrochem. Soc.,not_oa,closed,,,
10.1149/1.1603254,cremers2019,J. Electrochem. Soc.,http_error,bronze,https://iopscience.iop.org/article/10.1149/1.1603254/pdf,,not_a_pdf
10.1149/1.1640633,cremers2019,J. Electrochem. Soc.,not_oa,closed,,,
10.1149/1.1825913,cremers2019,J. Electrochem. Soc.,not_oa,closed,,,
10.1149/1.1931471,cremers2019,J. Electrochem. Soc.,not_oa,closed,,,
10.1149/1.2403081,cremers2019,J. Electrochem. Soc.,not_oa,closed,,,
10.1149/1.2737629,cremers2019,J. Electrochem. Soc.,http_error,bronze,https://iopscience.iop.org/article/10.1149/1.2737629/pdf,,not_a_pdf
10.1149/1.2789802,cremers2019,J. Electrochem. Soc.,not_oa,closed,,,
10.1149/1.2789294,popov2025,J. Electrochem. Soc.,not_oa,closed,,,
10.1149/1.3072694,cremers2019,J. Electrochem. Soc.,http_error,bronze,https://iopscience.iop.org/article/10.1149/1.3072694/pdf,,not_a_pdf
10.1149/1.3166184,cremers2019,J. Electrochem. Soc.,not_oa,closed,,,
10.1149/1.3076143,cremers2019,J. Electrochem. Soc.,http_error,bronze,https://iopscience.iop.org/article/10.1149/1.3076143/pdf,,not_a_pdf
10.1149/1.3002372,popov2025,J. Electrochem. Soc.,not_oa,closed,,,
10.1149/1.3491381,cremers2019,J. Electrochem. Soc.,http_error,bronze,https://iopscience.iop.org/article/10.1149/1.3491381/pdf,,not_a_pdf
10.1149/1.3301664,cremers2019,J. Electrochem. Soc.,not_oa,closed,,,
10.1149/1.3248002,popov2025,J. Electrochem. Soc.,not_oa,closed,,,
10.1149/1.3301663,popov2025,J. Electrochem. Soc.,not_oa,closed,,,
10.1149/1.3251285,popov2025,J. Electrochem. Soc.,not_oa,closed,,,
10.1149/1.3244213,popov2025,J. Electrochem. Soc.,not_oa,closed,,,
10.1149/1.3353230,popov2025,J. Electrochem. Soc.,http_error,bronze,https://iopscience.iop.org/article/10.1149/1.3353230/pdf,,not_a_pdf
10.1149/1.3377003,popov2025,J. Electrochem. Soc.,oa_no_pdf_url,green,,,https://oasis.postech.ac.kr/handle/2014.oak/11184
10.1149/1.3575163,cremers2019|popov2025,J. Electrochem. Soc.,http_error,green,https://iopscience.iop.org/article/10.1149/1.3556980/pdf,,not_a_pdf
10.1149/1.3533387,cremers2019|popov2025,J. Electrochem. Soc.,not_oa,closed,,,
10.1149/1.3519497,popov2025,J. Electrochem. Soc.,not_oa,closed,,,
10.1149/1.3504196,popov2025,J. Electrochem. Soc.,not_oa,closed,,,
10.1149/1.3582765,popov2025,J. Electrochem. Soc.,http_error,bronze,https://iopscience.iop.org/article/10.1149/1.3582765/pdf,,not_a_pdf
10.1149/1.3575161,popov2025,J. Electrochem. Soc.,not_oa,closed,,,
10.1149/2.069206jes,cremers2019|popov2025,J. Electrochem. Soc.,not_oa,closed,,,
10.1149/2.067203jes,cremers2019,J. Electrochem. Soc.,downloaded,green,https://pure.tue.nl/ws/files/3500913/905183269896850.pdf,10.1149_2.067203jes.pdf,1192441b
10.1149/2.034203jes,popov2025,J. Electrochem. Soc.,oa_no_pdf_url,green,,,http://www.cnr.it/prodotto/i/179824
10.1149/2.052203jes,popov2025,J. Electrochem. Soc.,not_oa,closed,,,
10.1149/2.056311jes,popov2025,J. Electrochem. Soc.,not_oa,closed,,,
10.1149/2.0371613jes,popov2025,J. Electrochem. Soc.,not_oa,closed,,,
10.1007/s11664-012-1960-6,popov2025,J. Electron. Mater.,not_oa,closed,,,
10.1007/s11664-013-2754-1,popov2025,J. Electron. Mater.,not_oa,closed,,,
10.1007/s11664-019-07899-9,popov2025,J. Electron. Mater.,oa_no_pdf_url,green,,,https://figshare.com/articles/journal_contribution/Topological_Insulator_Bi2Se3_Films_on_Silicon_Substrates_PAUL/24836454
10.1080/10934529809376813,cremers2019,J. Environ. Sci. Heal. A,not_oa,closed,,,
10.1016/j.jeurceramsoc.2023.04.026,popov2025,J. Eur. Ceram. Soc.,not_oa,closed,,,
10.1016/j.jlumin.2021.118544,popov2025,J. Lumin.,not_oa,closed,,,
10.1016/j.jmmm.2019.166167,popov2025,J. Magn. Magn. Mater.,oa_no_pdf_url,hybrid,,,https://doi.org/10.1016/j.jmmm.2019.166167
10.1039/c0jm02786c,popov2025,"J. Mater, Chem",not_oa,closed,,,
10.1039/b516499k,cremers2019,J. Mater. Chem.,not_oa,closed,,,
10.1039/b710903b,popov2025,J. Mater. Chem.,not_oa,closed,,,
10.1039/b908615c,cremers2019,J. Mater. Chem.,not_oa,closed,,,
10.1039/c0jm02280b,popov2025,J. Mater. Chem.,not_oa,closed,,,
10.1039/c0jm00363h,popov2025,J. Mater. Chem.,not_oa,closed,,,
10.1039/c0jm00486c,popov2025,J. Mater. Chem.,not_oa,closed,,,
10.1039/b923490j,popov2025,J. Mater. Chem.,not_oa,closed,,,
10.1039/c0jm00696c,popov2025,J. Mater. Chem.,not_oa,closed,,,
10.1039/c1jm11825k,popov2025,J. Mater. Chem.,not_oa,closed,,,
10.1039/c1jm12245b,popov2025,J. Mater. Chem.,not_oa,closed,,,
10.1039/c0jm01099e,popov2025,J. Mater. Chem.,not_oa,closed,,,
10.1039/c2jm35332f,popov2025,J. Mater. Chem.,not_oa,closed,,,
10.1039/c2jm16557k,popov2025,J. Mater. Chem.,oa_no_pdf_url,green,,,http://nrs.harvard.edu/urn-3:HUL.InstRepos:10021582
10.1039/c2jm31391j,popov2025,J. Mater. Chem.,not_oa,closed,,,
10.1039/c3ta11550j,popov2025,J. Mater. Chem. A,downloaded,hybrid,https://pubs.rsc.org/en/content/articlepdf/2013/ta/c3ta11550j,10.1039_c3ta11550j.pdf,1120079b
10.1039/c3ta01665j,popov2025,J. Mater. Chem. A,downloaded,hybrid,https://pubs.rsc.org/en/content/articlepdf/2013/ta/c3ta01665j,10.1039_c3ta01665j.pdf,198247b
10.1039/c4ta03359k,popov2025,J. Mater. Chem. A,downloaded,hybrid,https://pubs.rsc.org/en/content/articlepdf/2014/ta/c4ta03359k,10.1039_c4ta03359k.pdf,1017603b
10.1039/c3ta14928e,popov2025,J. Mater. Chem. A,not_oa,closed,,,
10.1039/c5ta08435k,cremers2019|popov2025,J. Mater. Chem. A,not_oa,closed,,,
10.1039/c5ta00205b,cremers2019,J. Mater. Chem. A,downloaded,hybrid,https://pubs.rsc.org/en/content/articlepdf/2015/ta/c5ta00205b,10.1039_c5ta00205b.pdf,1740676b
10.1039/c5ta06899a,popov2025,J. Mater. Chem. A,not_oa,closed,,,
10.1039/c7ta03257a,cremers2019,J. Mater. Chem. A,downloaded,bronze,https://pubs.rsc.org/en/content/articlepdf/2017/ta/c7ta03257a,10.1039_c7ta03257a.pdf,5039505b
10.1039/c6ta04179e,cremers2019,J. Mater. Chem. A,not_oa,closed,,,
10.1039/c6ta09485f,popov2025,J. Mater. Chem. A,not_oa,closed,,,
10.1039/c8ta08761j,popov2025,J. Mater. Chem. A,oa_no_pdf_url,green,,,https://www.osti.gov/biblio/1475466
10.1039/d1ta09500e,popov2025,J. Mater. Chem. A,not_oa,closed,,,
10.1039/c3tc30401a,popov2025,J. Mater. Chem. C,not_oa,closed,,,
10.1039/c3tc30271g,popov2025,J. Mater. Chem. C,downloaded,hybrid,https://pubs.rsc.org/en/content/articlepdf/2013/tc/c3tc30271g,10.1039_c3tc30271g.pdf,1055007b
10.1039/c4tc00648h,popov2025,J. Mater. Chem. C,not_oa,closed,,,
10.1039/c4tc01418a,popov2025,J. Mater. Chem. C,not_oa,closed,,,
10.1039/c4tc01405g,popov2025,J. Mater. Chem. C,not_oa,closed,,,
10.1039/c3tc31478b,popov2025,J. Mater. Chem. C,not_oa,closed,,,
10.1039/c4tc01961j,cremers2019,J. Mater. Chem. C,not_oa,closed,,,
10.1039/c4tc02707h,popov2025,J. Mater. Chem. C,downloaded,hybrid,https://pubs.rsc.org/en/content/articlepdf/2015/tc/c4tc02707h,10.1039_c4tc02707h.pdf,2927562b
10.1039/c5tc03561a,popov2025,J. Mater. Chem. C,downloaded,hybrid,https://pubs.rsc.org/en/content/articlepdf/2016/tc/c5tc03561a,10.1039_c5tc03561a.pdf,4866117b
10.1039/c5tc03079j,popov2025,J. Mater. Chem. C,not_oa,closed,,,
10.1039/c7tc02135f,popov2025,J. Mater. Chem. C,oa_no_pdf_url,green,,,http://hdl.handle.net/10852/61378
10.1039/c8tc01041b,popov2025,J. Mater. Chem. C,not_oa,closed,,,
10.1039/d0tc01489c,popov2025,J. Mater. Chem. C,not_oa,closed,,,
10.1039/d1tc04223h,popov2025,J. Mater. Chem. C,not_oa,closed,,,
10.1039/d0tc05682k,popov2025,J. Mater. Chem. C,not_oa,closed,,,
10.1039/d1tc00186h,popov2025,J. Mater. Chem. C,not_oa,closed,,,
10.1039/d2tc03555c,popov2025,J. Mater. Chem. C,not_oa,closed,,,
10.1557/jmr.2007.0152,cremers2019,J. Mater. Res.,not_oa,closed,,,
10.1557/jmr.2016.303,popov2025,J. Mater. Res.,downloaded,hybrid,https://www.cambridge.org/core/services/aop-cambridge-core/content/view/2F3CCD9537F96FF81F9395460F7F0758/S0884291416003034a.pdf/div-class-title-atomic-layer-deposition-of-vanadium-oxide-thin-films-from-tetrakis-dimethylamino-vanadium-precursor-div.pdf,10.1557_jmr.2016.303.pdf,488166b
10.1557/jmr.2019.337,popov2025,J. Mater. Res.,downloaded,green,https://www.osti.gov/servlets/purl/1616742,10.1557_jmr.2019.337.pdf,3089250b
10.1007/s10853-012-6942-9,popov2025,J. Mater. Sci.,not_oa,closed,,,
10.1007/s10853-017-1293-1,popov2025,J. Mater. Sci.,not_oa,closed,,,
10.1007/s10853-018-2695-4,popov2025,J. Mater. Sci.,not_oa,closed,,,
10.1007/s10853-020-04380-5,popov2025,J. Mater. Sci.,not_oa,closed,,,
10.1007/s10854-012-0713-x,popov2025,J. Mater. Sci. Mater. Electron.,not_oa,closed,,,
10.1007/s10854-018-0351-z,popov2025,J. Mater. Sci. Mater. Electron.,not_oa,closed,,,
10.1016/j.memsci.2012.01.005,cremers2019,J. Membr. Sci.,not_oa,closed,,,
10.1155/jnm/2006/64501,cremers2019|popov2025,J. Nanomater.,http_error,hybrid,https://downloads.hindawi.com/journals/jnm/2006/064501.pdf,,http_403
10.1166/jnn.2006.018,cremers2019,J. Nanosci. Nanotechnol.,not_oa,closed,,,
10.1166/jnn.2016.12270,popov2025,J. Nanosci. Nanotechnol.,not_oa,closed,,,
10.1166/jnn.2017.14044,popov2025,J. Nanosci. Nanotechnol.,not_oa,closed,,,
10.1166/jnn.2013.7625,cremers2019,J. Nanosci. Nanotechnology,not_oa,closed,,,
10.1021/j100828a015,cremers2019,J. Phys. Chem.,not_oa,closed,,,
10.1021/jp063620g,cremers2019,J. Phys. Chem. A,not_oa,closed,,,
10.1021/jp9822081,popov2025,J. Phys. Chem. B,not_oa,closed,,,
10.1021/jp1030587,cremers2019,J. Phys. Chem. C,not_oa,closed,,,
10.1021/jp106945n,cremers2019,J. Phys. Chem. C,not_oa,closed,,,
10.1021/jp9120244,popov2025,J. Phys. Chem. C,not_oa,closed,,,
10.1021/jp111314b,cremers2019,J. Phys. Chem. C,not_oa,closed,,,
10.1021/jp110203x,cremers2019,J. Phys. Chem. C,not_oa,closed,,,
10.1021/jp207612r,popov2025,J. Phys. Chem. C,not_oa,closed,,,
10.1021/jp201873b,popov2025,J. Phys. Chem. C,downloaded,green,https://arxiv.org/pdf/1104.3518,10.1021_jp201873b.pdf,908122b
10.1021/jp202202x,popov2025,J. Phys. Chem. C,oa_no_pdf_url,green,,,http://nrs.harvard.edu/urn-3:HUL.InstRepos:8886764
10.1021/jp203604j,popov2025,J. Phys. Chem. C,not_oa,closed,,,
10.1021/jp205222g,popov2025,J. Phys. Chem. C,not_oa,closed,,,
10.1021/jp403455a,cremers2019,J. Phys. Chem. C,not_oa,closed,,,
10.1021/jp4080652,popov2025,J. Phys. Chem. C,not_oa,closed,,,
10.1021/jp4063302,popov2025,J. Phys. Chem. C,not_oa,closed,,,
10.1021/jp504067c,popov2025,J. Phys. Chem. C,not_oa,closed,,,
10.1021/jp409738f,popov2025,J. Phys. Chem. C,not_oa,closed,,,
10.1021/jp409399y,popov2025,J. Phys. Chem. C,not_oa,closed,,,
10.1021/jp5068318,popov2025,J. Phys. Chem. C,not_oa,closed,,,
10.1021/acs.jpcc.5b02625,popov2025,J. Phys. Chem. C,not_oa,closed,,,
10.1021/acs.jpcc.6b04461,popov2025,J. Phys. Chem. C,not_oa,closed,,,
10.1021/acs.jpcc.6b01803,popov2025,J. Phys. Chem. C,not_oa,closed,,,
10.1021/acs.jpcc.7b05240,popov2025,J. Phys. Chem. C,not_oa,closed,,,
10.1021/acs.jpcc.6b12629,popov2025,J. Phys. Chem. C,not_oa,closed,,,
10.1021/acs.jpcc.8b00796,popov2025,J. Phys. Chem. C,oa_no_pdf_url,green,,,https://www.ncbi.nlm.nih.gov/pmc/articles/7580015
10.1021/acs.jpcc.8b03027,popov2025,J. Phys. Chem. C,not_oa,closed,,,
10.1021/acs.jpcc.9b03039,popov2025,J. Phys. Chem. C,oa_no_pdf_url,hybrid,,,https://doi.org/10.1021/acs.jpcc.9b03039
10.1021/acs.jpcc.1c03518,popov2025,J. Phys. Chem. C,not_oa,closed,,,
10.1021/acs.jpcc.1c06149,popov2025,J. Phys. Chem. C,not_oa,closed,,,
10.1021/acs.jpcc.1c10412,popov2025,J. Phys. Chem. C,oa_no_pdf_url,green,,,https://www.osti.gov/biblio/1856956
10.1021/acs.jpcc.1c10382,popov2025,J. Phys. Chem. C,not_oa,closed,,,
10.1021/jp907266c,cremers2019,J. Phys. Chem. C Lett.,not_oa,closed,,,
10.1021/jz300125f,cremers2019,J. Phys. Chem. Lett.,not_oa,closed,,,
10.1021/jz502285f,popov2025,J. Phys. Chem. Lett.,not_oa,closed,,,
10.1088/0022-3727/30/12/006,cremers2019,J. Phys. D: Appl. Phys.,not_oa,closed,,,
10.1088/0022-3727/42/13/135206,cremers2019,J. Phys. D: Appl. Phys.,not_oa,closed,,,
10.1088/0953-8984/28/47/475801,popov2025,J. Phys.: Condens. Matter,oa_no_pdf_url,green,,,https://research.aalto.fi/en/publications/0a206e8a-f9ae-4744-8993-e61bc501e018
10.1016/j.jpowsour.2013.09.097,cremers2019,J. Power Sources,not_oa,closed,,,
10.1016/j.jpowsour.2019.227373,popov2025,J. Power Sources,not_oa,closed,,,
10.1134/s0022476623030083,popov2025,J. Struct. Chem.,not_oa,closed,,,
10.1116/1.577226,cremers2019,J. Vac. Sci. Technol. A,not_oa,closed,,,
10.1116/1.577508,cremers2019,J. Vac. Sci. Technol. A,not_oa,closed,,,
10.1116/1.582189,cremers2019,J. Vac. Sci. Technol. A,not_oa,closed,,,
10.1116/1.1600450,cremers2019,J. Vac. Sci. Technol. A,not_oa,closed,,,
10.1116/1.1524145,cremers2019,J. Vac. Sci. Technol. A,not_oa,closed,,,
10.1116/1.2191862,cremers2019,J. Vac. Sci. Technol. A,not_oa,closed,,,
10.1116/1.3609974,cremers2019|popov2025,J. Vac. Sci. Technol. A,downloaded,bronze,https://pubs.aip.org/avs/jva/article-pdf/doi/10.1116/1.3609974/13788542/050801_1_online.pdf,10.1116_1.3609974.pdf,3956208b
10.1116/1.4728205,cremers2019,J. Vac. Sci. Technol. A,downloaded,green,https://pure.tue.nl/ws/files/3705953/23336844537906.pdf,10.1116_1.4728205.pdf,3055235b
10.1116/1.3660699,cremers2019,J. Vac. Sci. Technol. A,http_error,bronze,https://avs.scitation.org/doi/pdf/10.1116/1.3660699,,not_a_pdf
10.1116/1.3670745,cremers2019,J. Vac. Sci. Technol. A,downloaded,green,https://pure.tue.nl/ws/files/3408801/887827873207042.pdf,10.1116_1.3670745.pdf,6563845b
10.1116/1.3659699,cremers2019,J. Vac. Sci. Technol. A,not_oa,closed,,,
10.1116/1.3666034,cremers2019,J. Vac. Sci. Technol. A,not_oa,closed,,,
10.1116/1.3670396,cremers2019,J. Vac. Sci. Technol. A,not_oa,closed,,,
10.1116/1.3664106,popov2025,J. Vac. Sci. Technol. A,not_oa,closed,,,
10.1116/1.3643349,popov2025,J. Vac. Sci. Technol. A,not_oa,closed,,,
10.1116/1.3662838,popov2025,J. Vac. Sci. Technol. A,not_oa,closed,,,
10.1116/1.3670876,popov2025,J. Vac. Sci. Technol. A,not_oa,closed,,,
10.1116/1.3664097,popov2025,J. Vac. Sci. Technol. A,not_oa,closed,,,
10.1116/1.3666030,popov2025,J. Vac. Sci. Technol. A,not_oa,closed,,,
10.1116/1.3669518,popov2025,J. Vac. Sci. Technol. A,not_oa,closed,,,
10.1116/1.3664758,popov2025,J. Vac. Sci. Technol. A,not_oa,closed,,,
10.1116/1.4772461,popov2025,J. Vac. Sci. Technol. A,not_oa,closed,,,
10.1116/1.4764473,popov2025,J. Vac. Sci. Technol. A,not_oa,closed,,,
10.1116/1.4769862,popov2025,J. Vac. Sci. Technol. A,not_oa,closed,,,
10.1116/1.4769451,popov2025,J. Vac. Sci. Technol. A,not_oa,closed,,,
10.1116/1.4893930,cremers2019,J. Vac. Sci. Technol. A,not_oa,closed,,,
10.1116/1.4840835,popov2025,J. Vac. Sci. Technol. A,not_oa,closed,,,
10.1116/1.4843535,popov2025,J. Vac. Sci. Technol. A,not_oa,closed,,,
10.1116/1.4843595,popov2025,J. Vac. Sci. Technol. A,not_oa,closed,,,
10.1116/1.4837915,popov2025,J. Vac. Sci. Technol. A,not_oa,closed,,,
10.1116/1.4903941,cremers2019,J. Vac. Sci. Technol. A,not_oa,closed,,,
10.1116/1.4904398,cremers2019,J. Vac. Sci. Technol. A,not_oa,closed,,,
10.1116/1.4892385,cremers2019,J. Vac. Sci. Technol. A,downloaded,hybrid,https://pubs.aip.org/avs/jva/article-pdf/doi/10.1116/1.4892385/13487903/01a104_1_online.pdf,10.1116_1.4892385.pdf,1415754b
10.1116/1.4903951,popov2025,J. Vac. Sci. Technol. A,not_oa,closed,,,
10.1116/1.4902079,popov2025,J. Vac. Sci. Technol. A,not_oa,closed,,,
10.1116/1.4901808,popov2025,J. Vac. Sci. Technol. A,not_oa,closed,,,
10.1116/1.4902560,popov2025,J. Vac. Sci. Technol. A,not_oa,closed,,,
10.1116/1.4907562,popov2025,J. Vac. Sci. Technol. A,oa_no_pdf_url,green,,,https://www.osti.gov/biblio/1420479
10.1116/1.4922577,popov2025,J. Vac. Sci. Technol. A,not_oa,closed,,,
10.1116/1.4938104,cremers2019,J. Vac. Sci. Technol. A,downloaded,bronze,https://pubs.aip.org/avs/jva/article-pdf/doi/10.1116/1.4938104/15992194/010801_1_online.pdf,10.1116_1.4938104.pdf,6710208b
10.1116/1.4937728,cremers2019,J. Vac. Sci. Technol. A,oa_no_pdf_url,green,,,https://www.osti.gov/biblio/1421141
10.1116/1.4943385,popov2025,J. Vac. Sci. Technol. A,not_oa,closed,,,
10.1116/1.4936390,popov2025,J. Vac. Sci. Technol. A,oa_no_pdf_url,green,,,http://hdl.handle.net/11858/00-001M-0000-002A-C4F9-3
10.1116/1.4961385,popov2025,J. Vac. Sci. Technol. A,http_error,bronze,https://avs.scitation.org/doi/pdf/10.1116/1.4961385,,not_a_pdf
10.1116/1.4935353,popov2025,J. Vac. Sci. Technol. A,not_oa,closed,,,
10.1116/1.4933089,popov2025,J. Vac. Sci. Technol. A,not_oa,closed,,,
10.1116/1.4936389,popov2025,J. Vac. Sci. Technol. A,not_oa,closed,,,
10.1116/1.4953406,popov2025,J. Vac. Sci. Technol. A,oa_no_pdf_url,green,,,http://hdl.handle.net/10852/55423
10.1116/1.4959532,popov2025,J. Vac. Sci. Technol. A,oa_no_pdf_url,green,,,https://www.osti.gov/biblio/1420558
10.1116/1.4938078,popov2025,J. Vac. Sci. Technol. A,not_oa,closed,,,
10.1116/1.4946755,popov2025,J. Vac. Sci. Technol. A,not_oa,closed,,,
10.1116/1.4935650,popov2025,J. Vac. Sci. Technol. A,oa_no_pdf_url,green,,,https://figshare.com/articles/journal_contribution/Atomic_layer_deposition_of_environmentally_benign_SnTiOx_as_a_potential_ferroelectric_material_/10958597
10.1116/1.4971389,cremers2019,J. Vac. Sci. Technol. A,http_error,hybrid,https://avs.scitation.org/doi/pdf/10.1116/1.4971389,,not_a_pdf
10.1116/1.4968201,cremers2019,J. Vac. Sci. Technol. A,http_error,bronze,https://avs.scitation.org/doi/pdf/10.1116/1.4968201,,not_a_pdf
10.1116/1.4971196,cremers2019,J. Vac. Sci. Technol. A,not_oa,closed,,,
10.1116/1.4973350,cremers2019,J. Vac. Sci. Technol. A,oa_no_pdf_url,green,,,https://research.tue.nl/en/publications/273554c9-dd8b-4ae2-afb4-7241a3077b1d
10.1116/1.4993597,cremers2019,J. Vac. Sci. Technol. A,http_error,bronze,https://avs.scitation.org/doi/pdf/10.1116/1.4993597,,not_a_pdf
10.1116/1.4968548,cremers2019,J. Vac. Sci. Technol. A,http_error,bronze,https://avs.scitation.org/doi/pdf/10.1116/1.4968548,,not_a_pdf
10.1116/1.4972469,popov2025,J. Vac. Sci. Technol. A,not_oa,closed,,,
10.1116/1.4968202,popov2025,J. Vac. Sci. Technol. A,oa_no_pdf_url,green,,,http://hdl.handle.net/10138/307031
10.1116/1.4968193,popov2025,J. Vac. Sci. Technol. A,not_oa,closed,,,
10.1116/1.4972776,popov2025,J. Vac. Sci. Technol. A,not_oa,closed,,,
10.1116/1.4972209,popov2025,J. Vac. Sci. Technol. A,not_oa,closed,,,
10.1116/1.4984279,popov2025,J. Vac. Sci. Technol. A,http_error,green,http://hdl.handle.net/10138/307766,,not_a_pdf
10.1116/1.4972554,popov2025,J. Vac. Sci. Technol. A,not_oa,closed,,,
10.1116/1.4971989,popov2025,J. Vac. Sci. Technol. A,not_oa,closed,,,
10.1116/1.5000587,cremers2019,J. Vac. Sci. Technol. A,http_error,hybrid,https://avs.scitation.org/doi/pdf/10.1116/1.5000587,,not_a_pdf
10.1116/1.5044396,popov2025,J. Vac. Sci. Technol. A,not_oa,closed,,,
10.1116/1.5026405,popov2025,J. Vac. Sci. Technol. A,oa_no_pdf_url,green,,,https://www.osti.gov/biblio/1460497
10.1116/1.5003423,popov2025,J. Vac. Sci. Technol. A,oa_no_pdf_url,green,,,https://www.osti.gov/biblio/1415157
10.1116/1.5006696,popov2025,J. Vac. Sci. Technol. A,not_oa,closed,,,
10.1116/1.5055212,popov2025,J. Vac. Sci. Technol. A,not_oa,closed,,,
10.1116/1.5002667,popov2025,J. Vac. Sci. Technol. A,not_oa,closed,,,
10.1116/1.5088582,popov2025,J. Vac. Sci. Technol. A,http_error,hybrid,https://avs.scitation.org/doi/pdf/10.1116/1.5088582,,not_a_pdf
10.1116/1.5093402,popov2025,J. Vac. Sci. Technol. A,http_error,bronze,https://avs.scitation.org/doi/pdf/10.1116/1.5093402,,not_a_pdf
10.1116/1.5111969,popov2025,J. Vac. Sci. Technol. A,not_oa,closed,,,
10.1116/1.5063669,popov2025,J. Vac. Sci. Technol. A,not_oa,closed,,,
10.1116/1.5066638,popov2025,J. Vac. Sci. Technol. A,oa_no_pdf_url,green,,,http://hdl.handle.net/10138/308509
10.1116/1.5079661,popov2025,J. Vac. Sci. Technol. A,not_oa,closed,,,
10.1116/1.5058171,popov2025,J. Vac. Sci. Technol. A,not_oa,closed,,,
10.1116/1.5059424,popov2025,J. Vac. Sci. Technol. A,oa_no_pdf_url,green,,,https://www.ncbi.nlm.nih.gov/pmc/articles/7713506
10.1116/1.5124100,popov2025,J. Vac. Sci. Technol. A,oa_no_pdf_url,green,,,https://research.aalto.fi/en/publications/09af0c77-fcec-4f5f-9c44-337823637947
10.1116/1.5082012,popov2025,J. Vac. Sci. Technol. A,oa_no_pdf_url,green,,,http://urn.nb.no/URN:NBN:no-81098
10.1116/1.5080226,popov2025,J. Vac. Sci. Technol. A,not_oa,closed,,,
10.1116/1.5059695,popov2025,J. Vac. Sci. Technol. A,not_oa,closed,,,
10.1116/1.5092877,popov2025,J. Vac. Sci. Technol. A,http_error,bronze,https://avs.scitation.org/doi/pdf/10.1116/1.5092877,,not_a_pdf
10.1116/1.5079583,popov2025,J. Vac. Sci. Technol. A,not_oa,closed,,,
10.1116/1.5074153,popov2025,J. Vac. Sci. Technol. A,http_error,green,http://hdl.handle.net/10138/301610,,not_a_pdf
10.1116/1.5079539,popov2025,J. Vac. Sci. Technol. A,oa_no_pdf_url,green,,,http://hdl.handle.net/10138/307675
10.1116/1.5135014,popov2025,J. Vac. Sci. Technol. A,not_oa,closed,,,
10.1116/6.0000327,popov2025,J. Vac. Sci. Technol. A,http_error,bronze,https://avs.scitation.org/doi/pdf/10.1116/6.0000327,,not_a_pdf
10.1116/6.0000589,popov2025,J. Vac. Sci. Technol. A,http_error,bronze,https://avs.scitation.org/doi/pdf/10.1116/6.0000589,,not_a_pdf
10.1116/6.0000212,popov2025,J. Vac. Sci. Technol. A,http_error,bronze,https://avs.scitation.org/doi/pdf/10.1116/6.0000212,,not_a_pdf
10.1116/6.0000053,popov2025,J. Vac. Sci. Technol. A,oa_no_pdf_url,green,,,https://www.osti.gov/biblio/1660750
10.1116/6.0000314,popov2025,J. Vac. Sci. Technol. A,http_error,bronze,https://avs.scitation.org/doi/pdf/10.1116/6.0000314,,not_a_pdf
10.1116/6.0000219,popov2025,J. Vac. Sci. Technol. A,http_error,bronze,https://avs.scitation.org/doi/pdf/10.1116/6.0000219,,not_a_pdf
10.1116/1.5130606,popov2025,J. Vac. Sci. Technol. A,not_oa,closed,,,
10.1116/6.0000166,popov2025,J. Vac. Sci. Technol. A,oa_no_pdf_url,green,,,https://research.aalto.fi/en/publications/0759bae0-8773-4e71-b59c-3f8f2c8bcfaa
10.1116/1.5125109,popov2025,J. Vac. Sci. Technol. A,not_oa,closed,,,
10.1116/1.5134136,popov2025,J. Vac. Sci. Technol. A,not_oa,closed,,,
10.1116/6.0000844,popov2025,J. Vac. Sci. Technol. A,http_error,hybrid,https://avs.scitation.org/doi/pdf/10.1116/6.0000844,,not_a_pdf
10.1116/6.0001033,popov2025,J. Vac. Sci. Technol. A,not_oa,closed,,,
10.1116/6.0000896,popov2025,J. Vac. Sci. Technol. A,not_oa,closed,,,
10.1116/6.0000847,popov2025,J. Vac. Sci. Technol. A,oa_no_pdf_url,green,,,https://www.osti.gov/biblio/1769987
10.1116/6.0000790,popov2025,J. Vac. Sci. Technol. A,http_error,green,http://hdl.handle.net/10138/330251,,not_a_pdf
10.1116/6.0001629,popov2025,J. Vac. Sci. Technol. A,http_error,bronze,https://avs.scitation.org/doi/pdf/10.1116/6.0001629,,not_a_pdf
10.1116/6.0001787,popov2025,J. Vac. Sci. Technol. A,not_oa,closed,,,
10.1116/6.0002079,popov2025,J. Vac. Sci. Technol. A,http_error,hybrid,https://avs.scitation.org/doi/pdf/10.1116/6.0002079,,not_a_pdf
10.1116/6.0002154,popov2025,J. Vac. Sci. Technol. A,downloaded,bronze,https://pubs.aip.org/avs/jva/article-pdf/doi/10.1116/6.0002154/16630192/062411_1_online.pdf,10.1116_6.0002154.pdf,3815841b
10.1116/6.0001519,popov2025,J. Vac. Sci. Technol. A,not_oa,closed,,,
10.1116/6.0001514,popov2025,J. Vac. Sci. Technol. A,not_oa,closed,,,
10.1116/6.0002563,popov2025,J. Vac. Sci. Technol. A,not_oa,closed,,,
10.1116/6.0003004,popov2025,J. Vac. Sci. Technol. A,not_oa,closed,,,
10.1116/6.0002863,popov2025,J. Vac. Sci. Technol. A,not_oa,closed,,,
10.1116/6.0002804,popov2025,J. Vac. Sci. Technol. A,downloaded,hybrid,https://pubs.aip.org/avs/jva/article-pdf/doi/10.1116/6.0002804/18100921/052402_1_6.0002804.pdf,10.1116_6.0002804.pdf,4212529b
10.1116/6.0002308,popov2025,J. Vac. Sci. Technol. A,not_oa,closed,,,
10.1116/6.0002436,popov2025,J. Vac. Sci. Technol. A,downloaded,bronze,https://pubs.aip.org/avs/jva/article-pdf/doi/10.1116/6.0002436/17048946/032409_1_6.0002436.pdf,10.1116_6.0002436.pdf,2715098b
10.1116/6.0002726,popov2025,J. Vac. Sci. Technol. A,not_oa,closed,,,
10.1116/1.584901,cremers2019,J. Vac. Sci. Technol. B,not_oa,closed,,,
10.1116/1.585691,cremers2019,J. Vac. Sci. Technol. B,not_oa,closed,,,
10.1116/1.1305809,cremers2019,J. Vac. Sci. Technol. B,not_oa,closed,,,
10.1116/1.1481754,cremers2019,J. Vac. Sci. Technol. B,not_oa,closed,,,
10.1116/1.3533763,popov2025,J. Vac. Sci. Technol. B,not_oa,closed,,,
10.1116/1.4964693,popov2025,J. Vac. Sci. Technol. B,not_oa,closed,,,
10.1116/1.5083692,popov2025,J. Vac. Sci. Technol. B,http_error,hybrid,https://avs.scitation.org/doi/pdf/10.1116/1.5083692,,not_a_pdf
10.1143/jjap.49.04da14,popov2025,Jpn. J. Appl. Phys.,not_oa,closed,,,
10.1143/jjap.50.05ea06,popov2025,Jpn. J. Appl. Phys.,not_oa,closed,,,
10.7567/jjap.57.04fc01,popov2025,Jpn. J. Appl. Phys.,not_oa,closed,,,
10.1143/jjap.47.2801,cremers2019,"Jpn. J. Appl. Phys., Part 1",not_oa,closed,,,
10.7567/jjap.57.06jb03,cremers2019,"Jpn. J. Appl. Phys., Part 1",not_oa,closed,,,
10.1143/jjap.35.l126,cremers2019,"Jpn. J. Appl. Phys., Part 2",not_oa,closed,,,
10.1007/s11814-016-0319-8,popov2025,Korean J. Chem. Eng.,not_oa,closed,,,
10.1021/la9916981,cremers2019,Langmuir,not_oa,closed,,,
10.1021/la300045z,cremers2019,Langmuir,not_oa,closed,,,
10.1021/la305027k,popov2025,Langmuir,not_oa,closed,,,
10.1021/la500893u,popov2025,Langmuir,not_oa,closed,,,
10.1021/acs.langmuir.6b03007,cremers2019,Langmuir,not_oa,closed,,,
10.1021/acs.langmuir.6b03119,cremers2019,Langmuir,downloaded,hybrid,https://pubs.acs.org/doi/pdf/10.1021/acs.langmuir.6b03119?ref=article_openPDF,10.1021_acs.langmuir.6b03119.pdf,7470615b
10.1021/acs.langmuir.7b00716,popov2025,Langmuir,not_oa,closed,,,
10.1557/mrs.2011.239,cremers2019,MRS Bull.,downloaded,bronze,https://link.springer.com/content/pdf/10.1557/mrs.2011.239.pdf,10.1557_mrs.2011.239.pdf,829346b
10.1039/c6qm00291a,popov2025,Mater. Chem. Front.,oa_no_pdf_url,green,,,https://www.osti.gov/biblio/1371527
10.1016/j.matchemphys.2013.03.038,popov2025,Mater. Chem. Phys.,not_oa,closed,,,
10.1016/j.matchemphys.2023.128037,popov2025,Mater. Chem. Phys.,not_oa,closed,,,
10.1039/c3mh00136a,cremers2019,Mater. Horiz.,downloaded,hybrid,https://pubs.rsc.org/en/content/articlepdf/2014/mh/c3mh00136a,10.1039_c3mh00136a.pdf,532184b
10.1016/j.matlet.2004.09.030,cremers2019,Mater. Lett.,not_oa,closed,,,
10.1016/j.matlet.2011.04.067,popov2025,Mater. Lett.,not_oa,closed,,,
10.1016/j.matlet.2012.07.081,cremers2019,Mater. Lett.,not_oa,closed,,,
10.1016/j.matlet.2020.129220,popov2025,Mater. Lett.,not_oa,closed,,,
10.1016/j.matlet.2021.131605,popov2025,Mater. Lett.,not_oa,closed,,,
10.1016/j.mssp.2016.06.015,popov2025,Mater. Sci. Semicond. Process.,not_oa,closed,,,
10.1016/j.mssp.2019.05.028,popov2025,Mater. Sci. Semicond. Process.,not_oa,closed,,,
10.1016/j.mssp.2022.107258,popov2025,Mater. Sci. Semicond. Process.,not_oa,closed,,,
10.1016/j.mattod.2014.04.026,cremers2019,Mater. Today,oa_no_pdf_url,hybrid,,,https://doi.org/10.1016/j.mattod.2014.04.026
10.1016/j.mtchem.2018.08.006,popov2025,Mater. Today Chem.,not_oa,closed,,,
10.1016/j.mtchem.2018.04.005,popov2025,Mater. Today Chem.,http_error,hybrid,https://ars.els-cdn.com/content/image/1-s2.0-S246851941830051X-fx1_lrg.jpg,,not_a_pdf
10.1016/j.mtchem.2023.101650,popov2025,Mater. Today Chem.,not_oa,closed,,,
10.3390/ma12091429,popov2025,Materials,http_error,gold,https://www.mdpi.com/1996-1944/12/9/1429/pdf?version=1557131869,,http_403
10.3390/ma13010024,popov2025,Materials,http_error,gold,https://www.mdpi.com/1996-1944/13/1/24/pdf?version=1576751550,,http_403
10.3390/ma13010093,popov2025,Materials,http_error,gold,https://www.mdpi.com/1996-1944/13/1/93/pdf?version=1577193846,,http_403
10.3390/ma14205966,popov2025,Materials,http_error,gold,https://www.mdpi.com/1996-1944/14/20/5966/pdf?version=1634029051,,http_403
10.1016/j.matt.2019.12.026,popov2025,Matter,downloaded,bronze,http://www.cell.com/article/S2590238519304175/pdf,10.1016_j.matt.2019.12.026.pdf,10301645b
10.1016/j.mee.2009.11.163,cremers2019,Microelectron. Eng.,not_oa,closed,,,
10.1016/j.mee.2010.06.043,popov2025,Microelectron. Eng.,not_oa,closed,,,
10.1016/j.mee.2011.03.135,popov2025,Microelectron. Eng.,not_oa,closed,,,
10.1016/j.mee.2013.01.031,cremers2019,Microelectron. Eng.,not_oa,closed,,,
10.1016/j.mee.2013.03.084,popov2025,Microelectron. Eng.,not_oa,closed,,,
10.1016/j.mee.2013.06.010,cremers2019,Microelectron. Eng.,not_oa,closed,,,
10.1016/j.mee.2015.02.026,popov2025,Microelectron. Eng.,not_oa,closed,,,
10.1016/j.mee.2018.01.027,cremers2019,Microelectron. Eng.,downloaded,green,https://arxiv.org/pdf/1810.12129,10.1016_j.mee.2018.01.027.pdf,738246b
10.1016/j.mee.2018.01.033,cremers2019,Microelectron. Eng.,downloaded,green,https://arxiv.org/pdf/1809.07251,10.1016_j.mee.2018.01.033.pdf,1986020b
10.1088/1361-651x/aa5f9d,cremers2019,Modell. Simul. Mater. Sci. Eng.,not_oa,closed,,,
10.1038/am.2016.182,popov2025,NPG Asia Mater.,downloaded,gold,https://www.nature.com/articles/am2016182.pdf,10.1038_am.2016.182.pdf,2367025b
10.1016/j.nanoen.2016.01.016,cremers2019,Nano Energy,http_error,bronze,https://www.sciencedirect.com/science/article/am/pii/S2211285516000276,,http_403
10.1016/j.nanoen.2017.02.015,popov2025,Nano Energy,not_oa,closed,,,
10.1021/nl303101n,popov2025,Nano Lett.,oa_no_pdf_url,green,,,http://infoscience.epfl.ch/record/181245
10.1021/nl4030038,popov2025,Nano Lett.,not_oa,closed,,,
10.1021/acs.nanolett.6b03638,popov2025,Nano Lett.,oa_no_pdf_url,green,,,http://nrs.harvard.edu/urn-3:HUL.InstRepos:29995335
10.1007/s12274-010-0066-9,cremers2019,Nano Res.,downloaded,hybrid,https://link.springer.com/content/pdf/10.1007/s12274-010-0066-9.pdf,10.1007_s12274-010-0066-9.pdf,1316828b
10.3390/nano12193381,popov2025,Nanomaterials,http_error,gold,https://www.mdpi.com/2079-4991/12/19/3381/pdf?version=1664527180,,http_403
10.3390/nano13192702,popov2025,Nanomaterials,http_error,gold,https://www.mdpi.com/2079-4991/13/19/2702/pdf?version=1696417820,,http_403
10.1039/c1nr10349k,cremers2019,Nanoscale,not_oa,closed,,,
10.1039/c4nr05049e,cremers2019,Nanoscale,downloaded,green,https://arxiv.org/pdf/1502.07231,10.1039_c4nr05049e.pdf,1460783b
10.1039/c4nr04816d,popov2025,Nanoscale,not_oa,closed,,,
10.1039/c4nr02451f,popov2025,Nanoscale,not_oa,closed,,,
10.1039/c6nr06021h,popov2025,Nanoscale,not_oa,closed,,,
10.1039/c8nr08040b,popov2025,Nanoscale,not_oa,closed,,,
10.1039/d0nr01092h,popov2025,Nanoscale,downloaded,hybrid,https://pubs.rsc.org/en/content/articlepdf/2020/nr/d0nr01092h,10.1039_d0nr01092h.pdf,2945046b
10.1007/s11671-010-9676-0,popov2025,Nanoscale Res. Lett.,downloaded,gold,https://link.springer.com/content/pdf/10.1007/s11671-010-9676-0.pdf,10.1007_s11671-010-9676-0.pdf,2487355b
10.1186/s11671-015-0872-9,cremers2019,Nanoscale Res. Lett.,downloaded,gold,https://link.springer.com/content/pdf/10.1186/s11671-015-0872-9.pdf,10.1186_s11671-015-0872-9.pdf,1606044b
10.1186/s11671-017-2414-0,popov2025,Nanoscale Res. Lett.,oa_no_pdf_url,gold,,,https://doi.org/10.1186/s11671-017-2414-0
10.1186/s11671-019-2989-8,popov2025,Nanoscale Res. Lett.,oa_no_pdf_url,gold,,,https://doi.org/10.1186/s11671-019-2989-8
10.1186/s11671-020-03382-1,popov2025,Nanoscale Res. Lett.,oa_no_pdf_url,gold,,,https://doi.org/10.1186/s11671-020-03382-1
10.1088/0957-4484/3/2/001,cremers2019,Nanotechnology,not_oa,closed,,,
10.1088/0957-4484/19/04/045302,cremers2019,Nanotechnology,not_oa,closed,,,
10.1088/0957-4484/21/40/405602,popov2025,Nanotechnology,not_oa,closed,,,
10.1088/0957-4484/24/37/375301,cremers2019,Nanotechnology,not_oa,closed,,,
10.1088/0957-4484/24/1/015602,cremers2019,Nanotechnology,oa_no_pdf_url,green,,,http://urn.kb.se/resolve?urn=urn:nbn:se:kth:diva-104073
10.1088/0957-4484/26/5/054001,popov2025,Nanotechnology,not_oa,closed,,,
10.1088/0957-4484/27/34/345709,cremers2019,Nanotechnology,not_oa,closed,,,
10.1088/1361-6528/aaad58,cremers2019,Nanotechnology,not_oa,closed,,,
10.1088/1361-6528/aacda0,popov2025,Nanotechnology,not_oa,closed,,,
10.1088/1361-6528/ab6fd6,popov2025,Nanotechnology,oa_no_pdf_url,green,,,http://uvadoc.uva.es/handle/10324/45172
10.1088/1361-6528/abc50b,popov2025,Nanotechnology,not_oa,closed,,,
10.1038/s41467-020-16654-2,popov2025,Nat. Commun.,downloaded,gold,https://www.nature.com/articles/s41467-020-16654-2.pdf,10.1038_s41467-020-16654-2.pdf,1664573b
10.1038/nmat1000,popov2025,Nat. Mater.,not_oa,closed,,,
10.1038/nnano.2014.247,cremers2019,Nat. Nanotechnol.,not_oa,closed,,,
10.1364/oe.19.026056,cremers2019,Opt. Express,oa_no_pdf_url,gold,,,https://doi.org/10.1364/oe.19.026056
10.1364/oe.26.009344,popov2025,Opt. Express,oa_no_pdf_url,gold,,,https://doi.org/10.1364/oe.26.009344
10.1098/rstl.1879.0067,cremers2019,"Philos. Trans. R. Soc. London, Sect. A",not_oa,closed,,,
10.1039/c2cp40355b,popov2025,Phys. Chem. Chem. Phys.,not_oa,closed,,,
10.1039/c5cp02184g,popov2025,Phys. Chem. Chem. Phys.,not_oa,closed,,,
10.1103/physrevlett.81.3014,cremers2019,Phys. Rev. Lett.,not_oa,closed,,,
10.1103/physrevmaterials.6.044411,popov2025,Phys. Rev. Mater.,not_oa,closed,,,
10.1002/pssr.201004462,popov2025,Phys. Status Solidi (RRL),not_oa,closed,,,
10.1002/pssr.201700076,popov2025,Phys. Status Solidi (RRL),not_oa,closed,,,
10.1002/pssr.201800023,popov2025,Phys. Status Solidi (RRL),oa_no_pdf_url,hybrid,,,https://doi.org/10.1002/pssr.201800023
10.1002/pssr.201900018,popov2025,Phys. Status Solidi (RRL),not_oa,closed,,,
10.1002/pssr.202000565,popov2025,Phys. Status Solidi (RRL),not_oa,closed,,,
10.1002/pssa.201330080,popov2025,Phys. Status Solidi A,not_oa,closed,,,
10.1002/pssa.201532305,popov2025,Phys. Status Solidi A,downloaded,green,https://ris.utwente.nl/ws/files/6518188/yang_pss_a.pdf,10.1002_pssa.201532305.pdf,686039b
10.1002/pssa.201900058,popov2025,Phys. Status Solidi A,http_error,green,http://hdl.handle.net/10138/322267,,not_a_pdf
10.1088/0963-0252/9/3/302,cremers2019,Plasma Sources Sci. Technol.,not_oa,closed,,,
10.1088/0963-0252/13/2/009,cremers2019,Plasma Sources Sci. Technol.,not_oa,closed,,,
10.1088/0963-0252/15/3/025,cremers2019,Plasma Sources Sci. Technol.,not_oa,closed,,,
10.1016/j.poly.2005.10.019,cremers2019,Polyhedron,not_oa,closed,,,
10.1002/pip.1039,popov2025,Prog. Photovoltaics Res. Appl.,not_oa,closed,,,
10.1002/pip.1153,popov2025,Prog. Photovoltaics Res. Appl.,not_oa,closed,,,
10.1351/pac199466081739,cremers2019,Pure Appl. Chem.,http_error,bronze,https://www.degruyter.com/document/doi/10.1351/pac199466081739/pdf,,http_202
10.1039/c2ra20731a,popov2025,RSC Adv.,not_oa,closed,,,
10.1039/c3ra23320k,popov2025,RSC Adv.,not_oa,closed,,,
10.1039/c3ra40745d,popov2025,RSC Adv.,downloaded,hybrid,https://pubs.rsc.org/en/content/articlepdf/2013/ra/c3ra40745d,10.1039_c3ra40745d.pdf,577355b
10.1039/c2ra22820c,popov2025,RSC Adv.,not_oa,closed,,,
10.1039/c3ra42928h,cremers2019,RSC Adv.,downloaded,bronze,https://pubs.rsc.org/en/content/articlepdf/2014/ra/c3ra42928h,10.1039_c3ra42928h.pdf,1506027b
10.1039/c3ra47469k,popov2025,RSC Adv.,downloaded,hybrid,https://pubs.rsc.org/en/content/articlepdf/2014/ra/c3ra47469k,10.1039_c3ra47469k.pdf,2645429b
10.1039/c4ra06308b,popov2025,RSC Adv.,not_oa,closed,,,
10.1039/c6ra00468g,popov2025,RSC Adv.,not_oa,closed,,,
10.1039/c6ra27644j,popov2025,RSC Adv.,downloaded,gold,https://pubs.rsc.org/en/content/articlepdf/2017/ra/c6ra27644j,10.1039_c6ra27644j.pdf,2103870b
10.1039/c7ra07722j,popov2025,RSC Adv.,downloaded,gold,https://pubs.rsc.org/en/content/articlepdf/2017/ra/c7ra07722j,10.1039_c7ra07722j.pdf,1275683b
10.1039/c7ra13417g,popov2025,RSC Adv.,downloaded,gold,https://pubs.rsc.org/en/content/articlepdf/2018/ra/c7ra13417g,10.1039_c7ra13417g.pdf,990697b
10.1039/d0ra01602k,popov2025,RSC Adv.,downloaded,gold,https://pubs.rsc.org/en/content/articlepdf/2020/ra/d0ra01602k,10.1039_d0ra01602k.pdf,1147212b
10.1039/d1ra00507c,popov2025,RSC Adv.,downloaded,gold,https://pubs.rsc.org/en/content/articlepdf/2021/ra/d1ra00507c,10.1039_d1ra00507c.pdf,1694912b
10.1039/d0ra10239c,popov2025,RSC Adv.,downloaded,gold,https://pubs.rsc.org/en/content/articlepdf/2021/ra/d0ra10239c,10.1039_d0ra10239c.pdf,1180600b
10.1039/d1ra03942c,popov2025,RSC Adv.,downloaded,gold,https://pubs.rsc.org/en/content/articlepdf/2021/ra/d1ra03942c,10.1039_d1ra03942c.pdf,1215227b
10.1039/d0ra09876k,popov2025,RSC Adv.,downloaded,gold,https://pubs.rsc.org/en/content/articlepdf/2021/ra/d0ra09876k,10.1039_d0ra09876k.pdf,1279898b
10.1039/d3ra05217f,popov2025,RSC Adv.,downloaded,gold,https://pubs.rsc.org/en/content/articlepdf/2023/ra/d3ra05217f,10.1039_d3ra05217f.pdf,1030578b
10.1016/j.radmeas.2009.10.028,cremers2019,Radiat. Meas.,not_oa,closed,,,
10.34133/2021/9862483,popov2025,Research,http_error,gold,https://downloads.spj.sciencemag.org/research/2021/9862483.pdf,,not_a_pdf
10.1016/j.rinma.2020.100088,popov2025,Results Mater.,oa_no_pdf_url,gold,,,https://doi.org/10.1016/j.rinma.2020.100088
10.1134/s1070427221070053,popov2025,Russ. J. Appl. Chem.,not_oa,closed,,,
10.1134/s1070363210060204,popov2025,Russ. J. Gen. Chem.,not_oa,closed,,,
10.1134/s1070363218080236,popov2025,Russ. J. Gen. Chem.,not_oa,closed,,,
10.1134/s0036024414090143,popov2025,Russ. J. Phys. Chem. A,not_oa,closed,,,
10.1134/s0036024422100181,popov2025,Russ. J. Phys. Chem. A,not_oa,closed,,,
10.1134/s1063739718020026,popov2025,Russ. Microlectron.,not_oa,closed,,,
10.1134/s1063739719010025,popov2025,Russ. Microlectron.,not_oa,closed,,,
10.1007/s11432-016-5566-0,cremers2019,Sci. China Inform. Sci.,not_oa,closed,,,
10.1038/srep18401,cremers2019,Sci. Rep.,downloaded,gold,https://www.nature.com/articles/srep18401.pdf,10.1038_srep18401.pdf,6338922b
10.1088/0268-1242/27/7/074002,cremers2019,Semicond. Sci. Technol.,not_oa,closed,,,
10.1088/0268-1242/27/7/074003,popov2025,Semicond. Sci. Technol.,not_oa,closed,,,
10.1088/0268-1242/27/7/074006,popov2025,Semicond. Sci. Technol.,not_oa,closed,,,
10.1088/0268-1242/31/9/095002,popov2025,Semicond. Sci. Technol.,not_oa,closed,,,
10.1088/1361-6641/aa7ade,cremers2019,Semicond. Sci. Technol..,http_error,bronze,https://iopscience.iop.org/article/10.1088/1361-6641/aa7ade/pdf,,not_a_pdf
10.1016/s0924-4247(02)00319-9,cremers2019,Sens. Actuator,not_oa,closed,,,
10.1016/j.snb.2007.09.077,cremers2019,Sens. Actuator B,not_oa,closed,,,
10.1002/smll.200700815,cremers2019,Small,not_oa,closed,,,
10.1002/smll.201800547,popov2025,Small,oa_no_pdf_url,green,,,http://hdl.handle.net/10138/301613
10.1002/smll.202102635,popov2025,Small,http_error,hybrid,https://onlinelibrary.wiley.com/doi/pdfdirect/10.1002/smll.202102635,,http_403
10.1088/0964-1726/10/6/302,cremers2019,Smart Mater. Struct.,not_oa,closed,,,
10.1016/j.solmat.2016.01.043,popov2025,Sol. Energy Mater. Sol. Cells,oa_no_pdf_url,green,,,https://www.osti.gov/biblio/1338850
10.1016/j.sse.2012.04.005,cremers2019,Solid-State Electron.,not_oa,closed,,,
10.1016/j.sse.2016.04.006,popov2025,Solid-State Electron.,not_oa,closed,,,
10.1016/s0167-2991(99)80570-9,cremers2019,Stud. Surf. Sci. Catal.,not_oa,closed,,,
10.1016/j.surfcoat.2007.04.079,cremers2019,Surf. Coat. Technol.,not_oa,closed,,,
10.1016/j.surfcoat.2009.11.039,popov2025,Surf. Coat. Technol.,not_oa,closed,,,
10.1016/j.surfcoat.2012.02.038,cremers2019,Surf. Coat. Technol.,not_oa,closed,,,
10.1016/j.surfcoat.2013.04.050,popov2025,Surf. Coat. Technol.,not_oa,closed,,,
10.1016/j.surfcoat.2016.08.074,popov2025,Surf. Coat. Technol.,not_oa,closed,,,
10.1016/j.surfcoat.2018.01.047,popov2025,Surf. Coat. Technol.,oa_no_pdf_url,green,,,https://scholarworks.unist.ac.kr/handle/201301/64089
10.1016/j.surfin.2023.103499,popov2025,Surf. Interfaces,not_oa,closed,,,
10.1016/0039-6028(89)90077-0,cremers2019,Surf. Sci.,not_oa,closed,,,
10.1109/iedm.2003.1269265,cremers2019,Tech. Dig.-Int Electron Devices. Meet.,not_oa,closed,,,
10.1007/s00214-014-1465-x,cremers2019,Theor. Chem. Acc.,not_oa,closed,,,
10.1016/s0040-6090(96)09428-x,cremers2019,Thin Solid Films,not_oa,closed,,,
10.1016/s0040-6090(02)00117-7,cremers2019,Thin Solid Films,not_oa,closed,,,
10.1016/s0040-6090(01)01678-9,cremers2019,Thin Solid Films,not_oa,closed,,,
10.1016/s0040-6090(02)00236-5,cremers2019,Thin Solid Films,not_oa,closed,,,
10.1016/j.tsf.2006.05.049,cremers2019,Thin Solid Films,not_oa,closed,,,
10.1016/j.tsf.2008.09.007,cremers2019,Thin Solid Films,not_oa,closed,,,
10.1016/j.tsf.2009.12.029,cremers2019,Thin Solid Films,not_oa,closed,,,
10.1016/j.tsf.2009.12.063,popov2025,Thin Solid Films,not_oa,closed,,,
10.1016/j.tsf.2010.07.115,popov2025,Thin Solid Films,not_oa,closed,,,
10.1016/j.tsf.2011.01.191,popov2025,Thin Solid Films,not_oa,closed,,,
10.1016/j.tsf.2011.10.186,popov2025,Thin Solid Films,not_oa,closed,,,
10.1016/j.tsf.2011.11.088,popov2025,Thin Solid Films,not_oa,closed,,,
10.1016/j.tsf.2013.03.074,cremers2019|popov2025,Thin Solid Films,not_oa,closed,,,
10.1016/j.tsf.2013.01.091,popov2025,Thin Solid Films,not_oa,closed,,,
10.1016/j.tsf.2013.06.074,popov2025,Thin Solid Films,not_oa,closed,,,
10.1016/j.tsf.2012.11.127,popov2025,Thin Solid Films,downloaded,green,https://arxiv.org/pdf/1206.2857,10.1016_j.tsf.2012.11.127.pdf,681384b
10.1016/j.tsf.2014.06.038,popov2025,Thin Solid Films,not_oa,closed,,,
10.1016/j.tsf.2014.01.034,popov2025,Thin Solid Films,not_oa,closed,,,
10.1016/j.tsf.2013.10.139,popov2025,Thin Solid Films,not_oa,closed,,,
10.1016/j.tsf.2015.07.003,popov2025,Thin Solid Films,not_oa,closed,,,
10.1016/j.tsf.2015.06.053,popov2025,Thin Solid Films,not_oa,closed,,,
10.1016/j.tsf.2015.06.014,popov2025,Thin Solid Films,not_oa,closed,,,
10.1016/j.tsf.2015.01.027,popov2025,Thin Solid Films,not_oa,closed,,,
10.1016/j.tsf.2015.01.045,popov2025,Thin Solid Films,not_oa,closed,,,
10.1016/j.tsf.2015.03.014,popov2025,Thin Solid Films,not_oa,closed,,,
10.1016/j.tsf.2015.07.037,popov2025,Thin Solid Films,not_oa,closed,,,
10.1016/j.tsf.2015.06.033,popov2025,Thin Solid Films,not_oa,closed,,,
10.1016/j.tsf.2016.03.018,popov2025,Thin Solid Films,not_oa,closed,,,
10.1016/j.tsf.2016.05.048,popov2025,Thin Solid Films,not_oa,closed,,,
10.1016/j.tsf.2016.01.024,popov2025,Thin Solid Films,not_oa,closed,,,
10.1016/j.tsf.2018.06.011,popov2025,Thin Solid Films,oa_no_pdf_url,hybrid,,,https://doi.org/10.1016/j.tsf.2018.06.011
10.1016/j.tsf.2021.138955,popov2025,Thin Solid Films,not_oa,closed,,,
10.1039/tf9585401323,cremers2019,Trans. Faraday Soc.,not_oa,closed,,,
10.1007/s11242-012-9966-3,cremers2019,Transp. Porous Med.,not_oa,closed,,,
10.1016/j.wear.2015.02.037,popov2025,Wear,not_oa,closed,,,
10.1002/zaac.19754140203,popov2025,Z. Anorg. Allg. Chem.,not_oa,closed,,,
