doi,cited_by,resolution_method,article_title,journal,year
10.1364/oic.2007.tuepdp2,cremers2019,crossref_deposited,,,
10.1109/bald.2016.7886526,cremers2019,bibliographic_search,Influence of ALD temperature on thin film conformality: Investigation with microscopic lateral high-aspect-ratio structures,,2016
10.1088/2053-1583/3/1/014004,popov2025,crossref_deposited,,2D Mater.,2016
10.1088/2053-1583/aa9ea5,popov2025,crossref_deposited,,2D Mater.,2017
10.1021/acsaelm.1c00030,popov2025,crossref_deposited,,ACS Appl. Electron. Mater.,2021
10.1021/acsaelm.1c00145,popov2025,crossref_deposited,,ACS Appl. Electron. Mater.,2021
10.1021/acsaelm.3c00245,popov2025,crossref_deposited,,ACS Appl. Electron. Mater.,2023
10.1021/acsaem.9b02507,popov2025,crossref_deposited,,ACS Appl. Energy Mater.,2020
10.1021/acsaem.3c00960,popov2025,crossref_deposited,,ACS Appl. Energy Mater.,2023
10.1021/am2013097,cremers2019,crossref_deposited,Spatial atomic layer deposition of zinc oxide thin films,ACS Appl. Mater. Interfaces,2012
10.1021/am401092z,popov2025,crossref_deposited,,ACS Appl. Mater. Interfaces,2013
10.1021/am401127s,popov2025,crossref_deposited,,ACS Appl. Mater. Interfaces,2013
10.1021/am505107s,cremers2019,crossref_deposited,"Conformal atomic layer deposition of alumina on millimeter tall, vertically-aligned carbon nanotube arrays",ACS Appl. Mater. Interfaces,2014
10.1021/am404498y,popov2025,crossref_deposited,,ACS Appl. Mater. Interfaces,2014
10.1021/am502085c,popov2025,crossref_deposited,,ACS Appl. Mater. Interfaces,2014
10.1021/am501331w,popov2025,crossref_deposited,,ACS Appl. Mater. Interfaces,2014
10.1021/am500285d,popov2025,crossref_deposited,,ACS Appl. Mater. Interfaces,2014
10.1021/am508590j,cremers2019,crossref_deposited,Surface engineered CuO nanowires with ZnO islands for CO2 photoreduction,ACS Appl. Mater. Interfaces,2015
10.1021/acsami.5b01531,cremers2019,crossref_deposited,Low-temperature conformal atomic layer deposition of SiNx films using Si2Cl6 and NH3 plasma,ACS Appl. Mater. Interfaces,2015
10.1021/am508071y,popov2025,crossref_deposited,,ACS Appl. Mater. Interfaces,2015
10.1021/acsami.6b06175,cremers2019,crossref_deposited,Plasma-enhanced atomic layer deposition of silicon nitride using a novel silylamine precursor,ACS Appl. Mater. Interfaces,2016
10.1021/acsami.5b11878,popov2025,crossref_deposited,,ACS Appl. Mater. Interfaces,2016
10.1021/acsami.6b04529,popov2025,crossref_deposited,,ACS Appl. Mater. Interfaces,2016
10.1021/acsami.7b02883,cremers2019,crossref_deposited,Boron nitride nanoporous membranes with high surface charge by atomic layer deposition,ACS Appl. Mater. Interfaces,2017
10.1021/acsami.7b08097,popov2025,crossref_deposited,,ACS Appl. Mater. Interfaces,2017
10.1021/acsami.6b13033,popov2025,crossref_deposited,,ACS Appl. Mater. Interfaces,2017
10.1021/acsami.7b04985,popov2025,crossref_deposited,,ACS Appl. Mater. Interfaces,2017
10.1021/acsami.7b07113,popov2025,crossref_deposited,,ACS Appl. Mater. Interfaces,2017
10.1021/acsami.7b12303,popov2025,crossref_deposited,,ACS Appl. Mater. Interfaces,2017
10.1021/acsami.8b17194,popov2025,crossref_deposited,,ACS Appl. Mater. Interfaces,2018
10.1021/acsami.8b04573,popov2025,crossref_deposited,,ACS Appl. Mater. Interfaces,2018
10.1021/acsami.7b13467,popov2025,crossref_deposited,,ACS Appl. Mater. Interfaces,2018
10.1021/acsami.8b03074,popov2025,crossref_deposited,,ACS Appl. Mater. Interfaces,2018
10.1021/acsami.8b00813,popov2025,crossref_deposited,,ACS Appl. Mater. Interfaces,2018
10.1021/acsami.8b12251,popov2025,crossref_deposited,,ACS Appl. Mater. Interfaces,2018
10.1021/acsami.9b07090,popov2025,crossref_deposited,,ACS Appl. Mater. Interfaces,2019
10.1021/acsami.9b08926,popov2025,crossref_deposited,,ACS Appl. Mater. Interfaces,2019
10.1021/acsami.9b15790,popov2025,crossref_deposited,,ACS Appl. Mater. Interfaces,2019
10.1021/acsami.9b16933,popov2025,crossref_deposited,,ACS Appl. Mater. Interfaces,2019
10.1021/acsami.0c03747,popov2025,crossref_deposited,,ACS Appl. Mater. Interfaces,2020
10.1021/acsami.0c03578,popov2025,crossref_deposited,,ACS Appl. Mater. Interfaces,2020
10.1021/acsami.9b18412,popov2025,crossref_deposited,,ACS Appl. Mater. Interfaces,2020
10.1021/acsami.1c23889,popov2025,crossref_deposited,,ACS Appl. Mater. Interfaces,2022
10.1021/acsanm.9b00808,popov2025,crossref_deposited,,ACS Appl. Nano Mater.,2019
10.1021/acsanm.9b02153,popov2025,crossref_deposited,,ACS Appl. Nano Mater.,2019
10.1021/acsanm.0c02820,popov2025,crossref_deposited,,ACS Appl. Nano Mater.,2021
10.1021/acsanm.3c03319,popov2025,crossref_deposited,,ACS Appl. Nano Mater.,2023
10.1021/cs501862h,cremers2019|popov2025,crossref_deposited,Catalyst design with atomic layer deposition,ACS Catal.,2015
10.1021/cs501532b,popov2025,crossref_deposited,,ACS Catal.,2015
10.1021/acsenergylett.7b01056,popov2025,crossref_deposited,,ACS Energy Lett.,2017
10.1021/acsmaterialsau.2c00075,popov2025,crossref_deposited,,ACS Mater. Au,2023
10.1021/acsmaterialsau.3c00002,popov2025,crossref_deposited,,ACS Mater. Au,2023
10.1021/nn505480w,popov2025,crossref_deposited,,ACS Nano,2014
10.1021/acsnano.5b02166,cremers2019,crossref_deposited,Next-generation lithium metal anode engineering via atomic layer deposition,ACS Nano,2015
10.1021/acsnano.5b03694,cremers2019,crossref_deposited,Low-temperature atomic layer deposition of crystalline and photoactive ultrathin hematite films for solar water splitting,ACS Nano,2015
10.1021/nn505731n,cremers2019,crossref_deposited,Size-tuned ZnO nanocrucible arrays for magnetic nanodot synthesis via atomic layer deposition-assisted block polymer lithography,ACS Nano,2015
10.1021/acsnano.5b03429,cremers2019|popov2025,crossref_deposited,Atomically precise growth of catalytically active cobalt sulfide on flat surfaces and within a metal-organic framework via atomic layer deposition,ACS Nano,2015
10.1021/acsnano.7b02561,popov2025,crossref_deposited,,ACS Nano,2017
10.1021/acsomega.9b03149,popov2025,crossref_deposited,,ACS Omega,2019
10.1021/acsomega.9b01351,popov2025,crossref_deposited,,ACS Omega,2019
10.1021/acsomega.9b01003,popov2025,crossref_deposited,,ACS Omega,2019
10.1021/acsomega.2c06240,popov2025,crossref_deposited,,ACS Omega,2022
10.1021/acsomega.3c05657,popov2025,crossref_deposited,,ACS Omega,2023
10.1002/aic.14397,popov2025,crossref_deposited,,AIChE J.,2014
10.1063/1.4975928,popov2025,crossref_deposited,,AIP Adv.,2017
10.1063/1.5081727,popov2025,crossref_deposited,,AIP Adv.,2019
10.1063/1.2926917,cremers2019,crossref_deposited,Atomic layer deposition of tungsten thin films on opals in the visible region,AIP Conf. Proc.,2008
10.1063/1.4946884,popov2025,crossref_deposited,,APL Mater.,2016
10.1021/ar500360d,cremers2019,crossref_deposited,Atomic layer deposition of metal sulfide materials,Acc. Chem. Res.,2015
10.1021/acs.accounts.8b00012,cremers2019,crossref_deposited,The chemistry of inorganic precursors during the chemical deposition of films on solid surfaces,Acc. Chem. Res.,2018
10.1002/aelm.201600491,popov2025,crossref_deposited,,Adv. Electron. Mater.,2017
10.1002/aelm.201600341,popov2025,crossref_deposited,,Adv. Electron. Mater.,2017
10.1002/aelm.202101334,popov2025,crossref_deposited,,Adv. Electron. Mater.,2022
10.1002/aenm.201100330,popov2025,crossref_deposited,,Adv. Energy Mater.,2011
10.1002/adem.202100446,popov2025,crossref_deposited,,Adv. Eng. Mater.,2021
10.1002/adfm.201000389,cremers2019,crossref_deposited,Tuning the composition and nanostructure of Pt/Ir films via anodized aluminum oxide templated atomic layer deposition,Adv. Funct. Mater.,2010
10.1002/adfm.201001572,popov2025,crossref_deposited,,Adv. Funct. Mater.,2011
10.1002/adfm.201600461,popov2025,crossref_deposited,,Adv. Funct. Mater.,2016
10.1002/adfm.202206667,popov2025,crossref_deposited,,Adv. Funct. Mater.,2022
10.1002/adma.200304452,cremers2019,crossref_deposited,Ruthenium oxide nanotube arrays fabricated by atomic layer deposition using a carbon nanotube template,Adv. Mater.,2003
10.1002/adma.200700079,cremers2019,crossref_deposited,Synthesis and surface engineering of complex nanostructures by atomic layer deposition,Adv. Mater.,2007
10.1002/adma.201200397,cremers2019,crossref_deposited,Emerging applications of atomic layer deposition for lithium-ion battery studies,Adv. Mater.,2012
10.1002/adma.201401805,popov2025,crossref_deposited,,Adv. Mater.,2014
10.1002/adma.201703031,popov2025,crossref_deposited,,Adv. Mater.,2017
10.1002/adma.201703622,popov2025,crossref_deposited,,Adv. Mater.,2018
10.1002/admi.201600564,cremers2019,crossref_deposited,Atomic layer deposition for lithium-based batteries,Adv. Mater. Interfaces,2016
10.1002/admi.201600254,cremers2019,crossref_deposited,High-aspect-ratio parallel-plate microchannels applicable to kinetic analysis of chemical vapor deposition,Adv. Mater. Interfaces,2016
10.1002/admi.201600369,popov2025,crossref_deposited,,Adv. Mater. Interfaces,2016
10.1002/admi.201600496,popov2025,crossref_deposited,,Adv. Mater. Interfaces,2016
10.1002/admi.201770122,popov2025,crossref_deposited,,Adv. Mater. Interfaces,2017
10.1002/admi.201700155,popov2025,crossref_deposited,,Adv. Mater. Interfaces,2017
10.1002/admi.201700123,popov2025,crossref_deposited,,Adv. Mater. Interfaces,2017
10.1002/admi.201701366,popov2025,crossref_deposited,,Adv. Mater. Interfaces,2018
10.1002/admi.201701146,popov2025,crossref_deposited,,Adv. Mater. Interfaces,2018
10.1002/admi.201800423,popov2025,crossref_deposited,,Adv. Mater. Interfaces,2018
10.1002/admi.201801291,popov2025,crossref_deposited,,Adv. Mater. Interfaces,2019
10.1002/admi.202000318,popov2025,crossref_deposited,,Adv. Mater. Interfaces,2020
10.1002/admi.202001493,popov2025,crossref_deposited,,Adv. Mater. Interfaces,2020
10.1002/admi.202001677,popov2025,crossref_deposited,,Adv. Mater. Interfaces,2021
10.1002/admi.202200097,popov2025,crossref_deposited,,Adv. Mater. Interfaces,2022
10.1002/admi.202102035,popov2025,crossref_deposited,,Adv. Mater. Interfaces,2022
10.1002/admi.202200643,popov2025,crossref_deposited,,Adv. Mater. Interfaces,2022
10.1002/admi.202101278,popov2025,crossref_deposited,,Adv. Mater. Interfaces,2022
10.1002/admi.202202166,popov2025,crossref_deposited,,Adv. Mater. Interfaces,2023
10.1002/admi.202202445,popov2025,crossref_deposited,,Adv. Mater. Interfaces,2023
10.1002/admi.202400579,popov2025,crossref_deposited,,Adv. Mater. Interfaces,2024
10.1002/adom.202201326,popov2025,crossref_deposited,,Adv. Opt. Mater.,2022
10.1002/advs.201500022,popov2025,crossref_deposited,,Adv. Sci.,2015
10.1002/anie.200301652,popov2025,crossref_deposited,,Angew. Chem. Int. Ed.,2003
10.1002/anie.200900414,popov2025,crossref_deposited,,Angew. Chem. Int. Ed.,2009
10.1002/anie.201004801,popov2025,crossref_deposited,,Angew. Chem. Int. Ed.,2011
10.1002/anie.201602406,popov2025,crossref_deposited,,Angew. Chem. Int. Ed.,2016
10.1002/anie.201700449,popov2025,crossref_deposited,,Angew. Chem. Int. Ed.,2017
10.1002/anie.201611838,popov2025,crossref_deposited,,Angew. Chem. Int. Ed.,2017
10.1002/anie.201806985,popov2025,crossref_deposited,,Angew. Chem. Int. Ed.,2018
10.1002/andp.19093330106,cremers2019,crossref_deposited,Die Gesetze der Molekularströmung und der inneren Reibungsströmung der Gase durch Röhren,Ann. Phys.,1909
10.1002/andp.19303990503,cremers2019,crossref_deposited,Uber eine Messung der molekularen Geschwindigkeit und eine Prüfung des Kosinusgesetzes,Ann. Phys.,1930
10.1002/andp.19324040804,cremers2019,crossref_deposited,Uber die Strömung sehr verdünnter Gase durch Röhren von beliebiger Länge,Ann. Phys.,1932
10.1146/annurev-chembioeng-060816-101547,cremers2019,crossref_deposited,Nanoengineering heterogeneous catalysts by atomic layer deposition,Annu. Rev. Chem. Biomol.,2017
10.1016/j.apmt.2021.101017,popov2025,crossref_deposited,,Appl. Mater. Today,2021
10.3390/applnano4010003,popov2025,crossref_deposited,,Appl. Nano,2023
10.1364/ao.49.001242,cremers2019,crossref_deposited,Optical coatings in microscale channels by atomic layer deposition,Appl. Opt.,2010
10.1063/1.118494,cremers2019,crossref_deposited,Atomic layer controlled growth of SiO2 films using binary reaction sequence chemistry,Appl. Phys. Lett.,1997
10.1063/1.1570926,cremers2019,crossref_deposited,Atomic-layer deposition of wear-resistant coatings for microelectromechanical devices,Appl. Phys. Lett.,2003
10.1063/1.1900957,cremers2019,crossref_deposited,Fabrication of inverted opal ZnO photonic crystals by atomic layer deposition,Appl. Phys. Lett.,2005
10.1063/1.2245216,cremers2019,crossref_deposited,Atomic layer deposition of W on nanoporous carbon aerogels,Appl. Phys. Lett.,2006
10.1063/1.2338776,cremers2019,crossref_deposited,Plasma-assisted atomic layer deposition of Al2O3 moisture permeation barriers on polymers,Appl. Phys. Lett.,2006
10.1063/1.2901880,cremers2019,crossref_deposited,Quantum chemical study of the initial surface reactions of atomic layer deposition GaAs for photonic crystal fabrication,Appl. Phys. Lett.,2008
10.1063/1.3525929,popov2025,crossref_deposited,,Appl. Phys. Lett.,2010
10.1063/1.3400213,popov2025,crossref_deposited,,Appl. Phys. Lett.,2010
10.1063/1.3579195,popov2025,crossref_deposited,,Appl. Phys. Lett.,2011
10.1063/1.4752727,popov2025,crossref_deposited,,Appl. Phys. Lett.,2012
10.1063/1.4829138,popov2025,crossref_deposited,,Appl. Phys. Lett.,2013
10.1063/1.4811788,popov2025,crossref_deposited,,Appl. Phys. Lett.,2013
10.1063/1.4867469,popov2025,crossref_deposited,,Appl. Phys. Lett.,2014
10.1063/1.4939654,cremers2019,crossref_deposited,What is limiting low-temperature atomic layer deposition of Al2O3? A vibrational sumfrequency generation study,Appl. Phys. Lett.,2016
10.1063/1.4998577,cremers2019,crossref_deposited,Atomic layer deposition of aluminum fluoride using Al(CH3)3 and SF6 plasma,Appl. Phys. Lett.,2017
10.1063/1.5056223,popov2025,crossref_deposited,,Appl. Phys. Lett.,2018
10.1063/1.5098766,popov2025,crossref_deposited,,Appl. Phys. Lett.,2019
10.1063/1.5060967,popov2025,crossref_deposited,,Appl. Phys. Rev.,2019
10.1016/s0169-4332(00)00007-6,cremers2019,crossref_deposited,Recombination of neutral oxygen atoms on stainless steel surface,Appl. Surf. Sci.,2000
10.1016/j.apsusc.2009.02.055,cremers2019,crossref_deposited,Applied surface science method to determine the sticking coefficient of precursor molecules in atomic layer deposition,Appl. Surf. Sci.,2009
10.1016/j.apsusc.2010.01.025,cremers2019,crossref_deposited,Temperature dependence of the sticking coefficient in atomic layer deposition,Appl. Surf. Sci.,2010
10.1016/j.apsusc.2010.03.049,popov2025,crossref_deposited,,Appl. Surf. Sci.,2010
10.1016/j.apsusc.2010.07.051,popov2025,crossref_deposited,,Appl. Surf. Sci.,2010
10.1016/j.apsusc.2012.05.019,popov2025,crossref_deposited,,Appl. Surf. Sci.,2012
10.1016/j.apsusc.2014.10.025,popov2025,crossref_deposited,,Appl. Surf. Sci.,2014
10.1016/j.apsusc.2014.05.092,popov2025,crossref_deposited,,Appl. Surf. Sci.,2014
10.1016/j.apsusc.2014.09.054,popov2025,crossref_deposited,,Appl. Surf. Sci.,2014
10.1016/j.apsusc.2014.09.131,popov2025,crossref_deposited,,Appl. Surf. Sci.,2014
10.1016/j.apsusc.2015.05.062,popov2025,crossref_deposited,,Appl. Surf. Sci.,2015
10.1016/j.apsusc.2015.04.154,popov2025,crossref_deposited,,Appl. Surf. Sci.,2015
10.1016/j.apsusc.2016.04.096,popov2025,crossref_deposited,,Appl. Surf. Sci.,2016
10.1016/j.apsusc.2016.04.120,popov2025,crossref_deposited,,Appl. Surf. Sci.,2016
10.1016/j.apsusc.2017.06.016,cremers2019,crossref_deposited,A pressure tuned stop-flow atomic layer deposition process for MoS2 on high porous nanostructure and fabrication of TiO2/MoS2 core/shell inverse opal structure,Appl. Surf. Sci.,2017
10.1016/j.apsusc.2016.11.192,popov2025,crossref_deposited,,Appl. Surf. Sci.,2017
10.1016/j.apsusc.2017.05.066,popov2025,crossref_deposited,,Appl. Surf. Sci.,2017
10.1016/j.apsusc.2018.05.017,popov2025,crossref_deposited,,Appl. Surf. Sci.,2018
10.1016/j.apsusc.2018.07.153,popov2025,crossref_deposited,,Appl. Surf. Sci.,2018
10.1016/j.apsusc.2019.04.262,popov2025,crossref_deposited,,Appl. Surf. Sci.,2019
10.1016/j.apsusc.2019.03.071,popov2025,crossref_deposited,,Appl. Surf. Sci.,2019
10.1016/j.apsusc.2019.05.242,popov2025,crossref_deposited,,Appl. Surf. Sci.,2019
10.1016/j.apsusc.2019.144804,popov2025,crossref_deposited,,Appl. Surf. Sci.,2020
10.1016/j.apsusc.2021.150603,popov2025,crossref_deposited,,Appl. Surf. Sci.,2021
10.1016/j.apsusc.2020.148758,popov2025,crossref_deposited,,Appl. Surf. Sci.,2021
10.1016/j.apsusc.2021.150152,popov2025,crossref_deposited,,Appl. Surf. Sci.,2021
10.1016/j.apsusc.2021.150373,popov2025,crossref_deposited,,Appl. Surf. Sci.,2021
10.1016/j.apsusc.2021.152062,popov2025,crossref_deposited,,Appl. Surf. Sci.,2022
10.1016/j.apsusc.2023.156834,popov2025,crossref_deposited,,Appl. Surf. Sci.,2023
10.1016/j.apsusc.2023.156517,popov2025,crossref_deposited,,Appl. Surf. Sci.,2023
10.3762/bjnano.2.13,cremers2019,crossref_deposited,Pore structure and surface area of silica SBA-15: Influence of washing and scale-up,Beilstein J. Nanotechnol.,2011
10.3762/bjnano.5.25,cremers2019,crossref_deposited,Modeling and optimization of atomic layer deposition processes on vertically aligned carbon nanotubes,Beilstein J. Nanotechnol.,2014
10.3762/bjnano.14.89,popov2025,crossref_deposited,,Beilstein J. Nanotechnol.,2023
10.1088/1758-5090/aab981,popov2025,crossref_deposited,,Biofabrication,2018
10.1002/bkcs.10400,popov2025,crossref_deposited,,Bull. Korean Chem. Soc.,2015
10.1002/bkcs.11153,popov2025,crossref_deposited,,Bull. Korean Chem. Soc.,2017
10.1016/j.cattod.2003.11.022,cremers2019,crossref_deposited,Recombination of oxygen atomic excited states produced by non-equilibrium RF plasma on different semiconductor materials: Catalytic phenomena and modelling,Catal. Today,2004
10.1016/j.ceramint.2015.05.015,popov2025,crossref_deposited,,Ceram. Int.,2015
10.1016/j.ceramint.2015.12.109,popov2025,crossref_deposited,,Ceram. Int.,2016
10.1016/j.ceramint.2016.10.186,popov2025,crossref_deposited,,Ceram. Int.,2017
10.1016/j.ceramint.2017.03.087,popov2025,crossref_deposited,,Ceram. Int.,2017
10.1016/j.ceramint.2018.09.263,popov2025,crossref_deposited,,Ceram. Int.,2019
10.1016/j.ceramint.2019.10.018,popov2025,crossref_deposited,,Ceram. Int.,2020
10.1016/j.ceramint.2019.10.254,popov2025,crossref_deposited,,Ceram. Int.,2020
10.1016/j.ceramint.2022.10.047,popov2025,crossref_deposited,,Ceram. Int.,2023
10.1039/c6cc05568k,cremers2019,crossref_deposited,Atomic and molecular layer deposition: Off the beaten track,Chem. Commun.,2017
10.1039/c8cc04998j,popov2025,crossref_deposited,,Chem. Commun.,2018
10.1039/c8cc10175b,popov2025,crossref_deposited,,Chem. Commun.,2019
10.1016/j.cej.2022.136123,popov2025,crossref_deposited,,Chem. Eng. J.,2022
10.1002/chem.201702939,popov2025,crossref_deposited,,Chem. Eur. J.,2017
10.1002/chem.201802317,popov2025,crossref_deposited,,Chem. Eur. J.,2018
10.1002/chem.202005268,popov2025,crossref_deposited,,Chem. Eur. J.,2021
10.1002/chem.202101126,popov2025,crossref_deposited,,Chem. Eur. J.,2021
10.1021/cm020357x,cremers2019,crossref_deposited,Atomic layer deposition of hafnium and zirconium oxides using metal amide precursors,Chem. Mater.,2002
10.1021/cm011176i,cremers2019,crossref_deposited,Growth of aluminum nitride on porous alumina and silica through separate saturated gas-solid reactions of trimethylaluminum and ammonia,Chem. Mater.,2002
10.1021/cm0303080,cremers2019,crossref_deposited,Conformal coating on ultrahigh-aspect-ratio nanopores of anodic alumina by atomic layer deposition,Chem. Mater.,2003
10.1021/cm021772s,cremers2019,crossref_deposited,Highly conformal thin films of tungsten nitride prepared by atomic layer deposition from a novel precursor,Chem. Mater.,2003
10.1021/cm020607+,cremers2019,crossref_deposited,Growth of ZnO/Al2O3 alloy films using atomic layer deposition techniques,Chem. Mater.,2003
10.1021/cm021333t,popov2025,crossref_deposited,,Chem. Mater.,2003
10.1021/cm0605421,cremers2019,crossref_deposited,CVD growth kinetics of HfB2 thin films from the single-source precursor Hf(BH4)4,Chem. Mater.,2006
10.1021/cm0626482,cremers2019,crossref_deposited,Radical enhanced atomic layer deposition of tantalum oxide,Chem. Mater.,2007
10.1021/cm801187t,cremers2019,crossref_deposited,Atomic layer deposition of platinum oxide and metallic platinum thin films from pt(acac)2 and Ozone,Chem. Mater.,2008
10.1021/cm800948k,popov2025,crossref_deposited,,Chem. Mater.,2008
10.1021/cm901687w,cremers2019,crossref_deposited,Atomic layer deposition of iridium thin films by consecutive oxidation and reduction steps,Chem. Mater.,2009
10.1021/cm9031978,cremers2019,crossref_deposited,Atomic layer deposition of Ir-Pt alloy films,Chem. Mater.,2010
10.1021/cm101812k,popov2025,crossref_deposited,,Chem. Mater.,2010
10.1021/cm102600m,popov2025,crossref_deposited,,Chem. Mater.,2010
10.1021/cm902294e,popov2025,crossref_deposited,,Chem. Mater.,2010
10.1021/cm102003y,popov2025,crossref_deposited,,Chem. Mater.,2010
10.1021/cm100061n,popov2025,crossref_deposited,,Chem. Mater.,2010
10.1021/cm1011108,popov2025,crossref_deposited,,Chem. Mater.,2010
10.1021/cm100926r,popov2025,crossref_deposited,,Chem. Mater.,2010
10.1021/cm902180d,popov2025,crossref_deposited,,Chem. Mater.,2010
10.1021/cm2001144,cremers2019,crossref_deposited,Surface loss in ozone-based atomic layer deposition processes,Chem. Mater.,2011
10.1021/cm102904f,popov2025,crossref_deposited,,Chem. Mater.,2011
10.1021/cm202475e,popov2025,crossref_deposited,,Chem. Mater.,2011
10.1021/cm201412p,popov2025,crossref_deposited,,Chem. Mater.,2011
10.1021/cm103637t,popov2025,crossref_deposited,,Chem. Mater.,2011
10.1021/cm200899k,popov2025,crossref_deposited,,Chem. Mater.,2011
10.1021/cm103480d,popov2025,crossref_deposited,,Chem. Mater.,2011
10.1021/cm101673u,popov2025,crossref_deposited,,Chem. Mater.,2011
10.1021/cm2002572,popov2025,crossref_deposited,,Chem. Mater.,2011
10.1021/cm1026128,popov2025,crossref_deposited,,Chem. Mater.,2011
10.1021/cm301205p,cremers2019,crossref_deposited,Anisotropic atomic layer deposition profiles of TiO2 in hierarchical silica material with multiple porosity,Chem. Mater.,2012
10.1021/cm301658m,popov2025,crossref_deposited,,Chem. Mater.,2012
10.1021/cm2029189,popov2025,crossref_deposited,,Chem. Mater.,2012
10.1021/cm3015463,popov2025,crossref_deposited,,Chem. Mater.,2012
10.1021/cm2020862,popov2025,crossref_deposited,,Chem. Mater.,2012
10.1021/cm300712x,popov2025,crossref_deposited,,Chem. Mater.,2012
10.1021/cm300539a,popov2025,crossref_deposited,,Chem. Mater.,2012
10.1021/cm2026812,popov2025,crossref_deposited,,Chem. Mater.,2012
10.1021/cm201795s,popov2025,crossref_deposited,,Chem. Mater.,2012
10.1021/cm2030735,popov2025,crossref_deposited,,Chem. Mater.,2012
10.1021/cm301594p,popov2025,crossref_deposited,,Chem. Mater.,2012
10.1021/cm202901z,popov2025,crossref_deposited,,Chem. Mater.,2012
10.1021/cm400046w,popov2025,crossref_deposited,,Chem. Mater.,2013
10.1021/cm304125e,popov2025,crossref_deposited,,Chem. Mater.,2013
10.1021/cm303703r,popov2025,crossref_deposited,,Chem. Mater.,2013
10.1021/cm402974j,popov2025,crossref_deposited,,Chem. Mater.,2013
10.1021/cm401279v,popov2025,crossref_deposited,,Chem. Mater.,2013
10.1021/cm3027225,popov2025,crossref_deposited,,Chem. Mater.,2013
10.1021/cm501109r,popov2025,crossref_deposited,,Chem. Mater.,2014
10.1021/cm4031057,popov2025,crossref_deposited,,Chem. Mater.,2014
10.1021/cm403901y,popov2025,crossref_deposited,,Chem. Mater.,2014
10.1021/cm4034885,popov2025,crossref_deposited,,Chem. Mater.,2014
10.1021/cm5035485,popov2025,crossref_deposited,,Chem. Mater.,2014
10.1021/cm503112v,popov2025,crossref_deposited,,Chem. Mater.,2014
10.1021/cm402221y,popov2025,crossref_deposited,,Chem. Mater.,2014
10.1021/cm504238f,popov2025,crossref_deposited,,Chem. Mater.,2015
10.1021/acs.chemmater.5b00603,popov2025,crossref_deposited,,Chem. Mater.,2015
10.1021/acs.chemmater.5b02093,popov2025,crossref_deposited,,Chem. Mater.,2015
10.1021/acs.chemmater.5b00743,popov2025,crossref_deposited,,Chem. Mater.,2015
10.1021/acs.chemmater.5b01654,popov2025,crossref_deposited,,Chem. Mater.,2015
10.1021/acs.chemmater.5b02199,popov2025,crossref_deposited,,Chem. Mater.,2015
10.1021/acs.chemmater.5b00818,popov2025,crossref_deposited,,Chem. Mater.,2015
10.1021/acs.chemmater.5b00843,popov2025,crossref_deposited,,Chem. Mater.,2015
10.1021/acs.chemmater.5b01707,popov2025,crossref_deposited,,Chem. Mater.,2015
10.1021/acs.chemmater.6b00853,cremers2019,crossref_deposited,Plasma-enhanced atomic layer deposition of iron phosphate as a positive electrode for 3D lithium-ion microbatteries,Chem. Mater.,2016
10.1021/acs.chemmater.5b03504,popov2025,crossref_deposited,,Chem. Mater.,2016
10.1021/acs.chemmater.6b01869,popov2025,crossref_deposited,,Chem. Mater.,2016
10.1021/acs.chemmater.6b03704,popov2025,crossref_deposited,,Chem. Mater.,2016
10.1021/acs.chemmater.5b04360,popov2025,crossref_deposited,,Chem. Mater.,2016
10.1021/acs.chemmater.6b00248,popov2025,crossref_deposited,,Chem. Mater.,2016
10.1021/acs.chemmater.6b03423,popov2025,crossref_deposited,,Chem. Mater.,2016
10.1021/acs.chemmater.5b04645,popov2025,crossref_deposited,,Chem. Mater.,2016
10.1021/acs.chemmater.5b04402,popov2025,crossref_deposited,,Chem. Mater.,2016
10.1021/acs.chemmater.6b04029,popov2025,crossref_deposited,,Chem. Mater.,2017
10.1021/acs.chemmater.7b02175,popov2025,crossref_deposited,,Chem. Mater.,2017
10.1021/acs.chemmater.7b02167,popov2025,crossref_deposited,,Chem. Mater.,2017
10.1021/acs.chemmater.7b02456,popov2025,crossref_deposited,,Chem. Mater.,2017
10.1021/acs.chemmater.6b05346,popov2025,crossref_deposited,,Chem. Mater.,2017
10.1021/acs.chemmater.6b04597,popov2025,crossref_deposited,,Chem. Mater.,2017
10.1021/acs.chemmater.7b02098,popov2025,crossref_deposited,,Chem. Mater.,2017
10.1021/acs.chemmater.7b01236,popov2025,crossref_deposited,,Chem. Mater.,2017
10.1021/acs.chemmater.7b01358,popov2025,crossref_deposited,,Chem. Mater.,2017
10.1021/acs.chemmater.7b00944,popov2025,crossref_deposited,,Chem. Mater.,2017
10.1021/acs.chemmater.7b00805,popov2025,crossref_deposited,,Chem. Mater.,2017
10.1021/acs.chemmater.6b04251,popov2025,crossref_deposited,,Chem. Mater.,2017
10.1021/acs.chemmater.7b01856,popov2025,crossref_deposited,,Chem. Mater.,2017
10.1021/acs.chemmater.7b01130,popov2025,crossref_deposited,,Chem. Mater.,2017
10.1021/acs.chemmater.6b05084,popov2025,crossref_deposited,,Chem. Mater.,2017
10.1021/acs.chemmater.8b00445,popov2025,crossref_deposited,,Chem. Mater.,2018
10.1021/acs.chemmater.8b01271,popov2025,crossref_deposited,,Chem. Mater.,2018
10.1021/acs.chemmater.7b04371,popov2025,crossref_deposited,,Chem. Mater.,2018
10.1021/acs.chemmater.7b05005,popov2025,crossref_deposited,,Chem. Mater.,2018
10.1021/acs.chemmater.8b01171,popov2025,crossref_deposited,,Chem. Mater.,2018
10.1021/acs.chemmater.8b04129,popov2025,crossref_deposited,,Chem. Mater.,2018
10.1021/acs.chemmater.7b04790,popov2025,crossref_deposited,,Chem. Mater.,2018
10.1021/acs.chemmater.9b02533,popov2025,crossref_deposited,,Chem. Mater.,2019
10.1021/acs.chemmater.9b01937,popov2025,crossref_deposited,,Chem. Mater.,2019
10.1021/acs.chemmater.9b01688,popov2025,crossref_deposited,,Chem. Mater.,2019
10.1021/acs.chemmater.9b01877,popov2025,crossref_deposited,,Chem. Mater.,2019
10.1021/acs.chemmater.8b04969,popov2025,crossref_deposited,,Chem. Mater.,2019
10.1021/acs.chemmater.9b00675,popov2025,crossref_deposited,,Chem. Mater.,2019
10.1021/acs.chemmater.8b04456,popov2025,crossref_deposited,,Chem. Mater.,2019
10.1021/acs.chemmater.9b00193,popov2025,crossref_deposited,,Chem. Mater.,2019
10.1021/acs.chemmater.9b02085,popov2025,crossref_deposited,,Chem. Mater.,2019
10.1021/acs.chemmater.9b01107,popov2025,crossref_deposited,,Chem. Mater.,2019
10.1021/acs.chemmater.8b03921,popov2025,crossref_deposited,,Chem. Mater.,2019
10.1021/acs.chemmater.0c02306,popov2025,crossref_deposited,,Chem. Mater.,2020
10.1021/acs.chemmater.0c02505,popov2025,crossref_deposited,,Chem. Mater.,2020
10.1021/acs.chemmater.0c01887,popov2025,crossref_deposited,,Chem. Mater.,2020
10.1021/acs.chemmater.1c00877,popov2025,crossref_deposited,,Chem. Mater.,2021
10.1021/acs.chemmater.1c02982,popov2025,crossref_deposited,,Chem. Mater.,2021
10.1021/acs.chemmater.1c01054,popov2025,crossref_deposited,,Chem. Mater.,2021
10.1021/acs.chemmater.0c04496,popov2025,crossref_deposited,,Chem. Mater.,2021
10.1021/acs.chemmater.0c03928,popov2025,crossref_deposited,,Chem. Mater.,2021
10.1021/acs.chemmater.1c03394,popov2025,crossref_deposited,,Chem. Mater.,2021
10.1021/acs.chemmater.2c01202,popov2025,crossref_deposited,,Chem. Mater.,2022
10.1021/acs.chemmater.2c00907,popov2025,crossref_deposited,,Chem. Mater.,2022
10.1021/acs.chemmater.2c00753,popov2025,crossref_deposited,,Chem. Mater.,2022
10.1021/acs.chemmater.1c03142,popov2025,crossref_deposited,,Chem. Mater.,2022
10.1021/acs.chemmater.1c03093,popov2025,crossref_deposited,,Chem. Mater.,2022
10.1021/acs.chemmater.2c02292,popov2025,crossref_deposited,,Chem. Mater.,2022
10.1021/acs.chemmater.1c04411,popov2025,crossref_deposited,,Chem. Mater.,2022
10.1021/acs.chemmater.2c02341,popov2025,crossref_deposited,,Chem. Mater.,2022
10.1021/acs.chemmater.2c00954,popov2025,crossref_deposited,,Chem. Mater.,2022
10.1021/acs.chemmater.2c01154,popov2025,crossref_deposited,,Chem. Mater.,2022
10.1021/acs.chemmater.3c02059,popov2025,crossref_deposited,,Chem. Mater.,2023
10.1021/acs.chemmater.3c00013,popov2025,crossref_deposited,,Chem. Mater.,2023
10.1021/acs.chemmater.3c00143,popov2025,crossref_deposited,,Chem. Mater.,2023
10.1021/cr900056b,cremers2019,crossref_deposited,Atomic layer deposition: An overview,Chem. Rev.,2010
10.1021/acs.chemrev.8b00800,popov2025,crossref_deposited,,Chem. Rev.,2019
10.1039/c1cs15091j,cremers2019,crossref_deposited,Tailoring nanoporous materials by atomic layer deposition,Chem. Soc. Rev.,2011
10.1002/(sici)1521-3862(199901)5:1&lt;7::aid-cvde7&gt;3.0.co;2-j,cremers2019,crossref_deposited,Perfectly conformal TiN and Al2O3 films deposited by atomic layer deposition,Chem. Vap. Depos.,1999
10.1002/cvde.200390005,cremers2019,crossref_deposited,A kinetic model for step coverage by atomic layer deposition in narrow holes or trenches,Chem. Vap. Depos.,2003
10.1002/cvde.200606519,cremers2019,crossref_deposited,Radical-enhanced atomic layer deposition of silver thin films using phosphine-adducted silver carboxylates,Chem. Vap. Depos.,2007
10.1002/cvde.200606508,cremers2019,crossref_deposited,Plasma-enhanced atomic layer deposition of palladium on a polymer substrate,Chem. Vap. Depos.,2007
10.1002/cvde.200806713,cremers2019,crossref_deposited,Thin polymer films with high step coverage in microtrenches by initiated CVD,Chem. Vap. Depos.,2008
10.1002/cvde.201006891,cremers2019|popov2025,crossref_deposited,Thin films of cobalt oxide deposited on high aspect ratio supports by atomic layer deposition,Chem. Vap. Depos.,2011
10.1002/cvde.201106922,cremers2019,crossref_deposited,A ballistic transport and surface reaction model for simulating atomic layer deposition processes in high-aspect-ratio nanopores,Chem. Vap. Depos.,2011
10.1002/cvde.201106938,cremers2019,crossref_deposited,Self-limited reaction-diffusion in nanostructured substrates: Surface coverage dynamics and analytic approximations to ALD saturation times,Chem. Vap. Depos.,2012
10.1002/cvde.201402012,cremers2019|popov2025,crossref_deposited,A short history of atomic layer deposition: Tuomo Suntola's atomic layer epitaxy,Chem. Vap. Depos.,2014
10.1002/cvde.201502013,cremers2019,crossref_deposited,From V.B. Aleskovskii's ‘Framework’ hypothesis to the method of molecular layering/atomic layer deposition,Chem. Vap. Depos.,2015
10.1002/cvde.200306246,popov2025,crossref_deposited,,Chem. Vap. Deposition,2003
10.1002/cvde.200906833,popov2025,crossref_deposited,,Chem. Vap. Deposition,2010
10.1002/cvde.201106879,popov2025,crossref_deposited,,Chem. Vap. Deposition,2011
10.1002/cvde.201006890,popov2025,crossref_deposited,,Chem. Vap. Deposition,2011
10.1002/cvde.201106959,popov2025,crossref_deposited,,Chem. Vap. Deposition,2012
10.1002/cvde.201106934,popov2025,crossref_deposited,,Chem. Vap. Deposition,2012
10.1002/cvde.201106949,popov2025,crossref_deposited,,Chem. Vap. Deposition,2012
10.1002/cvde.201206986,popov2025,crossref_deposited,,Chem. Vap. Deposition,2012
10.1002/cvde.201207030,popov2025,crossref_deposited,,Chem. Vap. Deposition,2013
10.1002/cvde.201207026,popov2025,crossref_deposited,,Chem. Vap. Deposition,2013
10.1002/cvde.201207051,popov2025,crossref_deposited,,Chem. Vap. Deposition,2013
10.1002/cvde.201407116,popov2025,crossref_deposited,,Chem. Vap. Deposition,2014
10.1002/cvde.201407112,popov2025,crossref_deposited,,Chem. Vap. Deposition,2014
10.1002/cvde.201407115,popov2025,crossref_deposited,,Chem. Vap. Deposition,2014
10.1002/cvde.201507170,popov2025,crossref_deposited,,Chem. Vap. Deposition,2015
10.1002/cvde.201507196,popov2025,crossref_deposited,,Chem. Vap. Deposition,2015
10.1002/celc.201600139,popov2025,crossref_deposited,,ChemElectroChem,2016
10.1002/celc.201800152,popov2025,crossref_deposited,,ChemElectroChem,2018
10.1002/cnma.201700148,popov2025,crossref_deposited,,ChemNanoMat.,2017
10.1002/cphc.201700407,popov2025,crossref_deposited,,ChemPhysChem,2017
10.1002/cplu.202000108,popov2025,crossref_deposited,,ChemPlusChem,2020
10.1002/cssc.201600457,popov2025,crossref_deposited,,ChemSusChem,2016
10.3390/coatings8070237,popov2025,crossref_deposited,,Coatings,2018
10.3390/coatings8120431,popov2025,crossref_deposited,,Coatings,2018
10.3390/coatings10100954,popov2025,crossref_deposited,,Coatings,2020
10.3390/coatings12010101,popov2025,crossref_deposited,,Coatings,2022
10.3390/coatings13030605,popov2025,crossref_deposited,,Coatings,2023
10.3390/coatings13050870,popov2025,crossref_deposited,,Coatings,2023
10.3390/coatings13061070,popov2025,crossref_deposited,,Coatings,2023
10.3390/coatings13030641,popov2025,crossref_deposited,,Coatings,2023
10.3390/coatings13050960,popov2025,crossref_deposited,,Coatings,2023
10.1016/j.commatsci.2005.03.019,cremers2019,crossref_deposited,Simulation of surface relief effect on ALD process,Comput. Mater. Sci.,2006
10.1016/j.ccr.2013.08.007,cremers2019,crossref_deposited,Carbon-nanostructures coated/decorated by atomic layer deposition: Growth and applications,Coordin. Chem. Rev.,2013
10.1021/acs.cgd.0c00457,popov2025,crossref_deposited,,Cryst. Growth Des.,2020
10.1021/acs.cgd.3c00502,popov2025,crossref_deposited,,Cryst. Growth Des.,2023
10.1039/c1ce05923h,popov2025,crossref_deposited,,CrystEngComm,2011
10.1039/b918175j,popov2025,crossref_deposited,,Dalton Trans.,2010
10.1039/c3dt52746h,popov2025,crossref_deposited,,Dalton Trans.,2014
10.1039/c4dt01930j,popov2025,crossref_deposited,,Dalton Trans.,2014
10.1039/c5dt00436e,popov2025,crossref_deposited,,Dalton Trans.,2015
10.1039/c6dt03040h,popov2025,crossref_deposited,,Dalton Trans.,2016
10.1039/c6dt03571j,popov2025,crossref_deposited,,Dalton Trans.,2016
10.1039/c7dt02757e,popov2025,crossref_deposited,,Dalton Trans.,2017
10.1039/c6dt02572b,popov2025,crossref_deposited,,Dalton Trans.,2017
10.1039/c6dt03952a,popov2025,crossref_deposited,,Dalton Trans.,2017
10.1039/c7dt00512a,popov2025,crossref_deposited,,Dalton Trans.,2017
10.1039/c7dt03753h,popov2025,crossref_deposited,,Dalton Trans.,2017
10.1039/c8dt02508h,popov2025,crossref_deposited,,Dalton Trans.,2018
10.1039/c9dt04644e,popov2025,crossref_deposited,,Dalton Trans.,2020
10.1039/d1dt02529e,popov2025,crossref_deposited,,Dalton Trans.,2021
10.1039/d1dt02315b,popov2025,crossref_deposited,,Dalton Trans.,2021
10.1039/d1dt03465k,popov2025,crossref_deposited,,Dalton Trans.,2021
10.1039/d1dt03479k,popov2025,crossref_deposited,,Dalton Trans.,2021
10.1039/d1dt03454e,popov2025,crossref_deposited,,Dalton Trans.,2021
10.1039/d1dt01634b,popov2025,crossref_deposited,,Dalton Trans.,2021
10.1039/d1dt03748j,popov2025,crossref_deposited,,Dalton Trans.,2022
10.1039/d1dt03960a,popov2025,crossref_deposited,,Dalton Trans.,2022
10.1039/d1dt03736f,popov2025,crossref_deposited,,Dalton Trans.,2022
10.1039/d1dt03600a,popov2025,crossref_deposited,,Dalton Trans.,2022
10.1039/d2dt01347a,popov2025,crossref_deposited,,Dalton Trans.,2022
10.1039/d2dt02216h,popov2025,crossref_deposited,,Dalton Trans.,2022
10.1039/d1dt03543f,popov2025,crossref_deposited,,Dalton Trans.,2022
10.1039/d2dt02562k,popov2025,crossref_deposited,,Dalton Trans.,2022
10.1039/d2dt01427k,popov2025,crossref_deposited,,Dalton Trans.,2022
10.1039/d1dt03487a,popov2025,crossref_deposited,,Dalton Trans.,2022
10.1039/d3dt01717f,popov2025,crossref_deposited,,Dalton Trans.,2023
10.1039/d3dt01824e,popov2025,crossref_deposited,,Dalton Trans.,2023
10.1149/2.001303jss,cremers2019|popov2025,crossref_deposited,Atomic layer deposition of Ru thin films using a Ru(0) metallorganic precursor and O2,ECS J. Solid State Sci.,2012
10.1149/1.009206jss,cremers2019,crossref_deposited,"Plasma-enhanced ALD of platinum with O2, N2 and NH3 plasmas",ECS J. Solid State Sci. Technol.,2012
10.1149/2.013206jss,popov2025,crossref_deposited,,ECS J. Solid State Sci. Technol.,2012
10.1149/2.023201jss,popov2025,crossref_deposited,,ECS J. Solid State Sci. Technol.,2012
10.1149/2.011201jss,popov2025,crossref_deposited,,ECS J. Solid State Sci. Technol.,2012
10.1149/2.004303jss,popov2025,crossref_deposited,,ECS J. Solid State Sci. Technol.,2013
10.1149/2.0021411jss,popov2025,crossref_deposited,,ECS J. Solid State Sci. Technol.,2014
10.1149/2.014406jss,popov2025,crossref_deposited,,ECS J. Solid State Sci. Technol.,2014
10.1149/2.0231512jss,popov2025,crossref_deposited,,ECS J. Solid State Sci. Technol.,2015
10.1149/2.0241509jss,popov2025,crossref_deposited,,ECS J. Solid State Sci. Technol.,2015
10.1149/2.0291605jss,popov2025,crossref_deposited,,ECS J. Solid State Sci. Technol.,2016
10.1149/2.0021806jss,popov2025,crossref_deposited,,ECS J. Solid State Sci. Technol.,2018
10.1149/2.0041802jss,popov2025,crossref_deposited,,ECS J. Solid State Sci. Technol.,2018
10.1149/2162-8777/ac6d74,popov2025,crossref_deposited,,ECS J. Solid State Sci. Technol.,2022
10.1149/1.3207582,cremers2019,crossref_deposited,Multiscale simulation and optimization of an atomic layer deposition process in a nanoporous material,ECS Trans.,2009
10.1149/1.3207651,popov2025,crossref_deposited,,ECS Trans.,2009
10.1149/1.3481630,popov2025,crossref_deposited,,ECS Trans.,2010
10.1149/1.3360697,popov2025,crossref_deposited,,ECS Trans.,2010
10.1149/1.3567622,popov2025,crossref_deposited,,ECS Trans.,2011
10.1149/1.3633673,popov2025,crossref_deposited,,ECS Trans.,2011
10.1149/1.3633675,popov2025,crossref_deposited,,ECS Trans.,2011
10.1149/05013.0107ecst,popov2025,crossref_deposited,,ECS Trans.,2013
10.1149/05051.0045ecst,popov2025,crossref_deposited,,ECS Trans.,2013
10.1149/06001.0513ecst,cremers2019,crossref_deposited,(Keynote) atomic layer deposition trends and challenges in high-k/metal gate and alternative channel CMOS processing,ECS Trans.,2014
10.1149/06409.0147ecst,popov2025,crossref_deposited,,ECS Trans.,2014
10.1149/08606.0041ecst,popov2025,crossref_deposited,,ECS Trans.,2018
10.1149/09203.0003ecst,popov2025,crossref_deposited,,ECS Trans.,2019
10.1149/1.1475199,cremers2019,crossref_deposited,Atomic layer deposition of nickel by the reduction of preformed nickel oxide,Electrochem. Solid State,2002
10.1149/1.1587071,cremers2019,crossref_deposited,Highly conformal Cu thin-film growth by low-temperature pulsed MOCVD,Electrochem. Solid State,2003
10.1149/1.2813881,cremers2019,crossref_deposited,TiO2/Al2O3/TiO2 nanolaminated thin films for DRAM capacitor deposited by plasma-enhanced atomic layer deposition,Electrochem. Solid State,2008
10.1149/1.2901542,cremers2019,crossref_deposited,Formation of Ru nanotubes by atomic layer deposition onto an anodized aluminum oxide template,Electrochem. Solid State,2008
10.1149/1.3207867,cremers2019,crossref_deposited,Low temperature atomic layer deposition of ruthenium thin films using isopropylmethylbenzene-cyclohexadiene-ruthenium and O2,Electrochem. Solid State,2009
10.1149/1.3355207,cremers2019,crossref_deposited,Ozone-based metal oxide atomic layer deposition: Impact of N2/O2 supply ratio in ozone generation,Electrochem. Solid State,2010
10.1149/1.1391185,popov2025,crossref_deposited,,Electrochem. Solid-State Lett.,1999
10.1149/1.1595312,popov2025,crossref_deposited,,Electrochem. Solid-State Lett.,2003
10.1149/1.3266877,popov2025,crossref_deposited,,Electrochem. Solid-State Lett.,2010
10.1149/1.3490413,popov2025,crossref_deposited,,Electrochem. Solid-State Lett.,2010
10.1149/2.008202esl,popov2025,crossref_deposited,,Electrochem. Solid-State Lett.,2011
10.1149/1.3556980,popov2025,crossref_deposited,,Electrochem. Solid-State Lett.,2011
10.1149/1.3537326,popov2025,crossref_deposited,,Electrochem. Solid-State Lett.,2011
10.1016/j.electacta.2014.09.077,popov2025,crossref_deposited,,Electrochim. Acta,2014
10.1016/j.electacta.2015.07.016,cremers2019,crossref_deposited,"Engineering a three-dimensional, photoelectrochemically active p-NiO/i-Sb2S3 junction by atomic layer deposition",Electrochim. Acta,2015
10.3390/electronics6020027,popov2025,crossref_deposited,,Electronics,2017
10.1039/c2ee21110f,cremers2019,crossref_deposited,Atomic layer deposition of vanadium oxide on carbon nanotubes for high-power supercapacitor electrodes,Energ. Environ. Sci.,2012
10.1039/c2ee23620f,popov2025,crossref_deposited,,Energy Env. Sci.,2013
10.1039/c0ee00086h,cremers2019,crossref_deposited,TiO2 inverse-opal electrode fabricated by atomic layer deposition for dye-sensitized solar cell applications,Energy Environ. Sci.,2011
10.1016/j.flatc.2019.100130,popov2025,crossref_deposited,,FlatChem,2019
10.1016/j.flatc.2020.100166,popov2025,crossref_deposited,,FlatChem,2020
10.1109/led.2023.3239379,popov2025,crossref_deposited,,IEEE Electron Device Lett.,2023
10.1109/ted.2016.2570221,popov2025,crossref_deposited,,IEEE Trans. Electron Devices,2016
10.1109/tps.2005.845286,cremers2019,crossref_deposited,Characterization of Oxygen Plasma With A Fiber Optic Catalytic Probe And Determination Of Recombination Coefficients,IEEE Trans. Plasma Sci.,2005
10.1021/ic902411h,popov2025,crossref_deposited,,Inorg. Chem.,2010
10.1021/acs.inorgchem.1c00731,popov2025,crossref_deposited,,Inorg. Chem.,2021
10.1021/acs.inorgchem.1c02339,popov2025,crossref_deposited,,Inorg. Chem.,2021
10.1016/j.inoche.2022.109235,popov2025,crossref_deposited,,Inorg. Chem. Commun.,2022
10.1134/s0020168510010097,popov2025,crossref_deposited,,Inorg. Mater.,2010
10.1134/s0020168523040052,popov2025,crossref_deposited,,Inorg. Mater.,2023
10.3390/inorganics6010034,cremers2019,crossref_deposited,Atomic layer deposition on porous materials: Problems with conventional approaches to catalyst and fuel cell electrode preparation,Inorganics,2018
10.3390/inorganics6020046,popov2025,crossref_deposited,,Inorganics,2018
10.1016/j.ijhydene.2010.01.140,popov2025,crossref_deposited,,Int. J. Hydrogen Energy,2010
10.1016/j.ijpharm.2017.04.031,cremers2019,crossref_deposited,Surface modification of acetaminophen particles by atomic layer deposition,Int. J. Pharm.,2017
10.1016/j.jallcom.2014.04.186,popov2025,crossref_deposited,,J. Alloys Compd.,2014
10.1016/j.jallcom.2015.07.150,popov2025,crossref_deposited,,J. Alloys Compd.,2015
10.1016/j.jallcom.2015.12.148,cremers2019,crossref_deposited,Highly-conformal nanocrystalline molybdenum nitride thin films by atomic layer deposition as a diffusion barrier against Cu,J. Alloys Compd.,2016
10.1016/j.jallcom.2017.12.023,popov2025,crossref_deposited,,J. Alloys Compd.,2018
10.1016/j.jallcom.2021.159100,popov2025,crossref_deposited,,J. Alloys Compd.,2021
10.1016/j.jallcom.2022.168045,popov2025,crossref_deposited,,J. Alloys Compd.,2023
10.1016/j.jallcom.2023.172284,popov2025,crossref_deposited,,J. Alloys Compd.,2023
10.1111/jace.17521,popov2025,crossref_deposited,,J. Am. Ceram. Soc.,2021
10.1021/ja01239a053,popov2025,crossref_deposited,,J. Am. Chem. Soc.,1944
10.1021/ja072465w,cremers2019,crossref_deposited,Ordered iron oxide nanotube arrays of controlled geometry and tunable magnetism by atomic layer deposition,J. Am. Chem. Soc.,2007
10.1021/ja807802r,cremers2019,crossref_deposited,Growth inhibition to enhanced conformal coverage in thin film chemical vapor deposition,J. Am. Chem. Soc.,2008
10.1021/ja8090388,popov2025,crossref_deposited,,J. Am. Chem. Soc.,2009
10.1021/ja300319g,popov2025,crossref_deposited,,J. Am. Chem. Soc.,2012
10.1021/ja4050828,cremers2019,crossref_deposited,Vapor-phase metalation by atomic layer deposition in a metal-organic framework,J. Am. Chem. Soc.,2013
10.1021/ja407014w,popov2025,crossref_deposited,,J. Am. Chem. Soc.,2013
10.1063/1.1722872,cremers2019,crossref_deposited,Studies of molecular scattering at the solid surface,J. Appl. Phys.,1957
10.1063/1.356680,cremers2019,crossref_deposited,Two-photon absorption laser-induced fluorescence of H atoms: A probe for heterogeneous processes in hydrogen plasmas,J. Appl. Phys.,1994
10.1063/1.1940727,cremers2019,crossref_deposited,Surface chemistry of atomic layer deposition: A case study for the trimethylaluminum/water process,J. Appl. Phys.,2005
10.1063/1.1937476,cremers2019,crossref_deposited,Enhanced step coverage by oblique angle physical vapor deposition,J. Appl. Phys.,2005
10.1063/1.1935761,cremers2019,crossref_deposited,Robust TaNx diffusion barrier for Cu-interconnect technology with subnanometer thickness by metal-organic plasma-enhanced atomic layer deposition,J. Appl. Phys.,2005
10.1063/1.2714685,cremers2019,crossref_deposited,Step coverage modeling of thin films in atomic layer deposition,J. Appl. Phys.,2007
10.1063/1.3553872,popov2025,crossref_deposited,,J. Appl. Phys.,2011
10.1063/1.3596574,popov2025,crossref_deposited,,J. Appl. Phys.,2011
10.1063/1.3573513,popov2025,crossref_deposited,,J. Appl. Phys.,2011
10.1063/1.4766747,popov2025,crossref_deposited,,J. Appl. Phys.,2012
10.1063/1.4757907,cremers2019|popov2025,crossref_deposited,Crystallinity of inorganic films grown by atomic layer deposition: Overview and general trends,J. Appl. Phys.,2013
10.1063/1.4883767,popov2025,crossref_deposited,,J. Appl. Phys.,2014
10.1063/1.5028178,cremers2019,crossref_deposited,Modeling growth kinetics of thin films made by atomic layer deposition in lateral high-aspect-ratio structures,J. Appl. Phys.,2018
10.1063/1.5026790,popov2025,crossref_deposited,,J. Appl. Phys.,2018
10.1063/5.0028991,popov2025,crossref_deposited,,J. Appl. Phys.,2021
10.1063/5.0143013,popov2025,crossref_deposited,,J. Appl. Phys.,2023
10.1006/jcat.1996.0276,cremers2019,crossref_deposited,Surface characteristics and activity of chromia/alumina catalysts prepared by atomic layer epitaxy,J. Catal.,1996
10.1016/j.jcat.2018.01.018,cremers2019,crossref_deposited,"Catalytic carpets: Pt@MIL-101@electrospun PCL, a surprisingly active and robust hydrogenation catalyst",J. Catal.,2018
10.1016/j.jcat.2020.09.035,popov2025,crossref_deposited,,J. Catal.,2021
10.1063/1.4972120,cremers2019,crossref_deposited,Plasma-assisted atomic layer deposition of conformal Pt films in high aspect ratio trenches,J. Chem. Phys.,2017
10.1016/s0022-0248(03)00967-9,cremers2019,crossref_deposited,Al2O3 coating of ZnO nanorods by atomic layer deposition,J. Cryst. Growth,2003
10.1016/j.jcrysgro.2009.12.041,cremers2019,crossref_deposited,Development of a multiscale model for an atomic layer deposition process,J. Cryst. Growth,2010
10.1016/j.jcrysgro.2009.10.028,popov2025,crossref_deposited,,J. Cryst. Growth,2010
10.1016/j.jcrysgro.2010.03.033,popov2025,crossref_deposited,,J. Cryst. Growth,2010
10.1016/j.jcrysgro.2011.02.039,popov2025,crossref_deposited,,J. Cryst. Growth,2011
10.1016/j.jcrysgro.2017.04.019,popov2025,crossref_deposited,,J. Cryst. Growth,2017
10.1149/1.2086413,cremers2019,crossref_deposited,Prediction of step coverage during blanket CVD tungsten deposition in cylindrical pores,J. Electrochem. Soc.,1990
10.1149/1.2085881,cremers2019,crossref_deposited,Simulation of mass transport for deposition in via holes and trenches,J. Electrochem. Soc.,1991
10.1149/1.2054910,popov2025,crossref_deposited,,J. Electrochem. Soc.,1994
10.1149/1.1836500,cremers2019,crossref_deposited,Deposition of tin oxide into porous silicon by atomic layer epitaxy,J. Electrochem. Soc.,1996
10.1149/1.1430230,cremers2019,crossref_deposited,Bottom-up filling of submicrometer features in catalyst-enhanced chemical vapor deposition of copper,J. Electrochem. Soc.,2002
10.1149/1.1423642,cremers2019,crossref_deposited,Plasma-enhanced atomic layer deposition of Ta-N thin films,J. Electrochem. Soc.,2002
10.1149/1.1566960,cremers2019,crossref_deposited,Interconnect fabrication by superconformal iodine-catalyzed chemical vapor deposition of copper,J. Electrochem. Soc.,2003
10.1149/1.1603254,cremers2019,crossref_deposited,Etching high aspect ratio silicon trenches,J. Electrochem. Soc.,2003
10.1149/1.1640633,cremers2019,crossref_deposited,Atomic layer deposition of ruthenium thin films for copper glue layer,J. Electrochem. Soc.,2004
10.1149/1.1825913,cremers2019,crossref_deposited,Characteristics and compositional variation of TiN films deposited by remote PEALD on contact holes,J. Electrochem. Soc.,2005
10.1149/1.1931471,cremers2019,crossref_deposited,Low-temperature deposition of aluminum oxide by radical enhanced atomic layer deposition,J. Electrochem. Soc.,2005
10.1149/1.2403081,cremers2019,crossref_deposited,"Atomic layer deposition of Ru thin films using 2,4-(dimethylpentadienyl)(ethylcyclopentadienyl)Ru by a liquid injection system",J. Electrochem. Soc.,2007
10.1149/1.2737629,cremers2019,crossref_deposited,Plasma and thermal ALD of Al2O3 in a commercial 200 mm ALD reactor,J. Electrochem. Soc.,2007
10.1149/1.2789802,cremers2019,crossref_deposited,Applicability of step-coverage modeling to TiO2 thin films in atomic layer deposition,J. Electrochem. Soc.,2007
10.1149/1.2789294,popov2025,crossref_deposited,,J. Electrochem. Soc.,2007
10.1149/1.3072694,cremers2019,crossref_deposited,Modeling the conformality of atomic layer deposition: The effect of sticking probability,J. Electrochem. Soc.,2009
10.1149/1.3166184,cremers2019,crossref_deposited,Integration of atomic layer deposition-grown copper seed layers for Cu electroplating applications,J. Electrochem. Soc.,2009
10.1149/1.3076143,cremers2019,crossref_deposited,Thermal and plasma enhanced atomic layer deposition of Al2O3 on GaAs substrates,J. Electrochem. Soc.,2009
10.1149/1.3002372,popov2025,crossref_deposited,,J. Electrochem. Soc.,2009
10.1149/1.3491381,cremers2019,crossref_deposited,Conformality of plasma-assisted ALD: Physical processes and modeling,J. Electrochem. Soc.,2010
10.1149/1.3301664,cremers2019,crossref_deposited,Conformality of Al2O3 and AlN deposited by plasma-enhanced atomic layer deposition,J. Electrochem. Soc.,2010
10.1149/1.3248002,popov2025,crossref_deposited,,J. Electrochem. Soc.,2010
10.1149/1.3301663,popov2025,crossref_deposited,,J. Electrochem. Soc.,2010
10.1149/1.3251285,popov2025,crossref_deposited,,J. Electrochem. Soc.,2010
10.1149/1.3244213,popov2025,crossref_deposited,,J. Electrochem. Soc.,2010
10.1149/1.3353230,popov2025,crossref_deposited,,J. Electrochem. Soc.,2010
10.1149/1.3377003,popov2025,crossref_deposited,,J. Electrochem. Soc.,2010
10.1149/1.3575163,cremers2019|popov2025,crossref_deposited,Thermal atomic layer deposition (ALD) of Ru films for Cu direct plating,J. Electrochem. Soc.,2011
10.1149/1.3533387,cremers2019|popov2025,crossref_deposited,Atomic layer deposition of ruthenium films from (ethylcyclopentadienyl)(pyrrolyl)ruthenium and oxygen,J. Electrochem. Soc.,2011
10.1149/1.3519497,popov2025,crossref_deposited,,J. Electrochem. Soc.,2011
10.1149/1.3504196,popov2025,crossref_deposited,,J. Electrochem. Soc.,2011
10.1149/1.3582765,popov2025,crossref_deposited,,J. Electrochem. Soc.,2011
10.1149/1.3575161,popov2025,crossref_deposited,,J. Electrochem. Soc.,2011
10.1149/2.069206jes,cremers2019|popov2025,crossref_deposited,Ru Films from Bis(ethylcyclopentadienyl)ruthenium using ozone as a reactant by atomic layer deposition for capacitor electrodes,J. Electrochem. Soc.,2012
10.1149/2.067203jes,cremers2019,crossref_deposited,"Plasma-assisted ALD for the conformal deposition of SiO2: Process, material and electronic properties",J. Electrochem. Soc.,2012
10.1149/2.034203jes,popov2025,crossref_deposited,,J. Electrochem. Soc.,2012
10.1149/2.052203jes,popov2025,crossref_deposited,,J. Electrochem. Soc.,2012
10.1149/2.056311jes,popov2025,crossref_deposited,,J. Electrochem. Soc.,2013
10.1149/2.0371613jes,popov2025,crossref_deposited,,J. Electrochem. Soc.,2016
10.1007/s11664-012-1960-6,popov2025,crossref_deposited,,J. Electron. Mater.,2012
10.1007/s11664-013-2754-1,popov2025,crossref_deposited,,J. Electron. Mater.,2014
10.1007/s11664-019-07899-9,popov2025,crossref_deposited,,J. Electron. Mater.,2020
10.1080/10934529809376813,cremers2019,crossref_deposited,Catalytic decomposition of ozone in the presence of water vapor,J. Environ. Sci. Heal. A,1998
10.1016/j.jeurceramsoc.2023.04.026,popov2025,crossref_deposited,,J. Eur. Ceram. Soc.,2023
10.1016/j.jlumin.2021.118544,popov2025,crossref_deposited,,J. Lumin.,2022
10.1016/j.jmmm.2019.166167,popov2025,crossref_deposited,,J. Magn. Magn. Mater.,2020
10.1039/c0jm02786c,popov2025,crossref_deposited,,"J. Mater, Chem",2011
10.1039/b516499k,cremers2019,crossref_deposited,Nanostructured TiO2 membranes by atomic layer deposition,J. Mater. Chem.,2006
10.1039/b710903b,popov2025,crossref_deposited,,J. Mater. Chem.,2007
10.1039/b908615c,cremers2019,crossref_deposited,A novel approach for fabrication of bismuth-silicon dioxide core-shell structures by atomic layer deposition,J. Mater. Chem.,2009
10.1039/c0jm02280b,popov2025,crossref_deposited,,J. Mater. Chem.,2010
10.1039/c0jm00363h,popov2025,crossref_deposited,,J. Mater. Chem.,2010
10.1039/c0jm00486c,popov2025,crossref_deposited,,J. Mater. Chem.,2010
10.1039/b923490j,popov2025,crossref_deposited,,J. Mater. Chem.,2010
10.1039/c0jm00696c,popov2025,crossref_deposited,,J. Mater. Chem.,2010
10.1039/c1jm11825k,popov2025,crossref_deposited,,J. Mater. Chem.,2011
10.1039/c1jm12245b,popov2025,crossref_deposited,,J. Mater. Chem.,2011
10.1039/c0jm01099e,popov2025,crossref_deposited,,J. Mater. Chem.,2011
10.1039/c2jm35332f,popov2025,crossref_deposited,,J. Mater. Chem.,2012
10.1039/c2jm16557k,popov2025,crossref_deposited,,J. Mater. Chem.,2012
10.1039/c2jm31391j,popov2025,crossref_deposited,,J. Mater. Chem.,2012
10.1039/c3ta11550j,popov2025,crossref_deposited,,J. Mater. Chem. A,2013
10.1039/c3ta01665j,popov2025,crossref_deposited,,J. Mater. Chem. A,2013
10.1039/c4ta03359k,popov2025,crossref_deposited,,J. Mater. Chem. A,2014
10.1039/c3ta14928e,popov2025,crossref_deposited,,J. Mater. Chem. A,2014
10.1039/c5ta08435k,cremers2019|popov2025,crossref_deposited,Atomically precise growth of sodium titanates as anode materials for high-rate and ultralong cycle-life sodium-ion batteries,J. Mater. Chem. A,2015
10.1039/c5ta00205b,cremers2019,crossref_deposited,Systematic increase of electrocatalytic turnover at nanoporous platinum surfaces prepared by atomic layer deposition,J. Mater. Chem. A,2015
10.1039/c5ta06899a,popov2025,crossref_deposited,,J. Mater. Chem. A,2016
10.1039/c7ta03257a,cremers2019,crossref_deposited,3D porous nanostructured platinum prepared using atomic layer deposition,J. Mater. Chem. A,2017
10.1039/c6ta04179e,cremers2019,crossref_deposited,Plasma-enhanced atomic layer deposition of titanium phosphate as an electrode for lithium-ion batteries,J. Mater. Chem. A,2017
10.1039/c6ta09485f,popov2025,crossref_deposited,,J. Mater. Chem. A,2017
10.1039/c8ta08761j,popov2025,crossref_deposited,,J. Mater. Chem. A,2018
10.1039/d1ta09500e,popov2025,crossref_deposited,,J. Mater. Chem. A,2022
10.1039/c3tc30401a,popov2025,crossref_deposited,,J. Mater. Chem. C,2013
10.1039/c3tc30271g,popov2025,crossref_deposited,,J. Mater. Chem. C,2013
10.1039/c4tc00648h,popov2025,crossref_deposited,,J. Mater. Chem. C,2014
10.1039/c4tc01418a,popov2025,crossref_deposited,,J. Mater. Chem. C,2014
10.1039/c4tc01405g,popov2025,crossref_deposited,,J. Mater. Chem. C,2014
10.1039/c3tc31478b,popov2025,crossref_deposited,,J. Mater. Chem. C,2014
10.1039/c4tc01961j,cremers2019,crossref_deposited,Atomic layer deposition of ruthenium at 100 °C using the RuO4-precursor and H2,J. Mater. Chem. C,2015
10.1039/c4tc02707h,popov2025,crossref_deposited,,J. Mater. Chem. C,2015
10.1039/c5tc03561a,popov2025,crossref_deposited,,J. Mater. Chem. C,2016
10.1039/c5tc03079j,popov2025,crossref_deposited,,J. Mater. Chem. C,2016
10.1039/c7tc02135f,popov2025,crossref_deposited,,J. Mater. Chem. C,2017
10.1039/c8tc01041b,popov2025,crossref_deposited,,J. Mater. Chem. C,2018
10.1039/d0tc01489c,popov2025,crossref_deposited,,J. Mater. Chem. C,2020
10.1039/d1tc04223h,popov2025,crossref_deposited,,J. Mater. Chem. C,2021
10.1039/d0tc05682k,popov2025,crossref_deposited,,J. Mater. Chem. C,2021
10.1039/d1tc00186h,popov2025,crossref_deposited,,J. Mater. Chem. C,2021
10.1039/d2tc03555c,popov2025,crossref_deposited,,J. Mater. Chem. C,2022
10.1557/jmr.2007.0152,cremers2019,crossref_deposited,Properties of ultrathin platinum deposited by atomic layer deposition for nanoscale copper-metallization schemes,J. Mater. Res.,2007
10.1557/jmr.2016.303,popov2025,crossref_deposited,,J. Mater. Res.,2017
10.1557/jmr.2019.337,popov2025,crossref_deposited,,J. Mater. Res.,2020
10.1007/s10853-012-6942-9,popov2025,crossref_deposited,,J. Mater. Sci.,2013
10.1007/s10853-017-1293-1,popov2025,crossref_deposited,,J. Mater. Sci.,2017
10.1007/s10853-018-2695-4,popov2025,crossref_deposited,,J. Mater. Sci.,2018
10.1007/s10853-020-04380-5,popov2025,crossref_deposited,,J. Mater. Sci.,2020
10.1007/s10854-012-0713-x,popov2025,crossref_deposited,,J. Mater. Sci. Mater. Electron.,2012
10.1007/s10854-018-0351-z,popov2025,crossref_deposited,,J. Mater. Sci. Mater. Electron.,2019
10.1016/j.memsci.2012.01.005,cremers2019,crossref_deposited,Modification of ceramic membranes for pore structure tailoring: The atomic layer deposition route,J. Membr. Sci.,2012
10.1155/jnm/2006/64501,cremers2019|popov2025,crossref_deposited,Atomic layer deposition for the conformal coating of nanoporous materials,J. Nanomater.,2006
10.1166/jnn.2006.018,cremers2019,crossref_deposited,Preparation of TaN thin film by H2 plasma assisted atomic layer deposition using tert-butylimino-tris-ethylmethylamino tantalum,J. Nanosci. Nanotechnol.,2006
10.1166/jnn.2016.12270,popov2025,crossref_deposited,,J. Nanosci. Nanotechnol.,2016
10.1166/jnn.2017.14044,popov2025,crossref_deposited,,J. Nanosci. Nanotechnol.,2017
10.1166/jnn.2013.7625,cremers2019,crossref_deposited,Characteristics of junctionless charge trap flash memory for 3D stacked NAND flash,J. Nanosci. Nanotechnology,2013
10.1021/j100828a015,cremers2019,crossref_deposited,Kinetics of hydrogen recombination on surfaces,J. Phys. Chem.,1961
10.1021/jp063620g,cremers2019,crossref_deposited,Heterogeneous uptake of ozone on reactive components of mineral dust aerosol: An environmental aerosol reaction chamber study,J. Phys. Chem. A,2006
10.1021/jp9822081,popov2025,crossref_deposited,,J. Phys. Chem. B,1998
10.1021/jp1030587,cremers2019,crossref_deposited,Atomic layer deposition of aluminum oxide in mesoporous silica gel,J. Phys. Chem. C,2010
10.1021/jp106945n,cremers2019,crossref_deposited,Shrinking core model for Knudsen diffusion-limited atomic layer deposition on a nanoporous monolith with an ultrahigh aspect ratio,J. Phys. Chem. C,2010
10.1021/jp9120244,popov2025,crossref_deposited,,J. Phys. Chem. C,2010
10.1021/jp111314b,cremers2019,crossref_deposited,In situ X-ray fluorescence measurements during atomic layer deposition: nucleation and growth of TiO2,J. Phys. Chem. C,2011
10.1021/jp110203x,cremers2019,crossref_deposited,Atomic layer deposition of Fe2O3 using ferrocene and ozone,J. Phys. Chem. C,2011
10.1021/jp207612r,popov2025,crossref_deposited,,J. Phys. Chem. C,2011
10.1021/jp201873b,popov2025,crossref_deposited,,J. Phys. Chem. C,2011
10.1021/jp202202x,popov2025,crossref_deposited,,J. Phys. Chem. C,2011
10.1021/jp203604j,popov2025,crossref_deposited,,J. Phys. Chem. C,2011
10.1021/jp205222g,popov2025,crossref_deposited,,J. Phys. Chem. C,2012
10.1021/jp403455a,cremers2019,crossref_deposited,Low-temperature atomic layer deposition of platinum using (methylcyclopentadienyl)trimethylplatinum and ozone,J. Phys. Chem. C,2013
10.1021/jp4080652,popov2025,crossref_deposited,,J. Phys. Chem. C,2013
10.1021/jp4063302,popov2025,crossref_deposited,,J. Phys. Chem. C,2013
10.1021/jp504067c,popov2025,crossref_deposited,,J. Phys. Chem. C,2014
10.1021/jp409738f,popov2025,crossref_deposited,,J. Phys. Chem. C,2014
10.1021/jp409399y,popov2025,crossref_deposited,,J. Phys. Chem. C,2014
10.1021/jp5068318,popov2025,crossref_deposited,,J. Phys. Chem. C,2014
10.1021/acs.jpcc.5b02625,popov2025,crossref_deposited,,J. Phys. Chem. C,2015
10.1021/acs.jpcc.6b04461,popov2025,crossref_deposited,,J. Phys. Chem. C,2016
10.1021/acs.jpcc.6b01803,popov2025,crossref_deposited,,J. Phys. Chem. C,2016
10.1021/acs.jpcc.7b05240,popov2025,crossref_deposited,,J. Phys. Chem. C,2017
10.1021/acs.jpcc.6b12629,popov2025,crossref_deposited,,J. Phys. Chem. C,2017
10.1021/acs.jpcc.8b00796,popov2025,crossref_deposited,,J. Phys. Chem. C,2018
10.1021/acs.jpcc.8b03027,popov2025,crossref_deposited,,J. Phys. Chem. C,2018
10.1021/acs.jpcc.9b03039,popov2025,crossref_deposited,,J. Phys. Chem. C,2019
10.1021/acs.jpcc.1c03518,popov2025,crossref_deposited,,J. Phys. Chem. C,2021
10.1021/acs.jpcc.1c06149,popov2025,crossref_deposited,,J. Phys. Chem. C,2021
10.1021/acs.jpcc.1c10412,popov2025,crossref_deposited,,J. Phys. Chem. C,2022
10.1021/acs.jpcc.1c10382,popov2025,crossref_deposited,,J. Phys. Chem. C,2022
10.1021/jp907266c,cremers2019,crossref_deposited,Plasma-Enhanced Atomic Layer Deposition of Anatase TiO2 Using TiCl4,J. Phys. Chem. C Lett.,2009
10.1021/jz300125f,cremers2019,crossref_deposited,The surface chemistry of atomic layer depositions of solid,J. Phys. Chem. Lett.,2012
10.1021/jz502285f,popov2025,crossref_deposited,,J. Phys. Chem. Lett.,2014
10.1088/0022-3727/30/12/006,cremers2019,crossref_deposited,Thickness profiles of thin films caused by secondary reactions in flow-type atomic layer deposition reactors,J. Phys. D: Appl. Phys.,1997
10.1088/0022-3727/42/13/135206,cremers2019,crossref_deposited,Characterization of an N2 flowing microwave post-discharge by OES spectroscopy and determination of absolute ground-state nitrogen atom densities by TALIF,J. Phys. D: Appl. Phys.,2009
10.1088/0953-8984/28/47/475801,popov2025,crossref_deposited,,J. Phys.: Condens. Matter,2016
10.1016/j.jpowsour.2013.09.097,cremers2019,crossref_deposited,Enhanced lithiation and fracture behavior of silicon mesoscale pillars via atomic layer coatings and geometry design,J. Power Sources,2014
10.1016/j.jpowsour.2019.227373,popov2025,crossref_deposited,,J. Power Sources,2020
10.1134/s0022476623030083,popov2025,crossref_deposited,,J. Struct. Chem.,2023
10.1116/1.577226,cremers2019,crossref_deposited,The reaction pathway for the growth of alumina on high surface area alumina and in ultrahigh vacuum by a reaction between trimethyl aluminum and water,J. Vac. Sci. Technol. A,1991
10.1116/1.577508,cremers2019,crossref_deposited,Study of volume and surface processes in low pressure radio frequency plasma reactors by pulsed excitation methods. I. Hydrogen-argon plasma,J. Vac. Sci. Technol. A,1991
10.1116/1.582189,cremers2019,crossref_deposited,Determination of atomic oxygen density with a nickel catalytic probe,J. Vac. Sci. Technol. A,2000
10.1116/1.1600450,cremers2019,crossref_deposited,Thin film deposition with physical vapor deposition and related technologies,J. Vac. Sci. Technol. A,2003
10.1116/1.1524145,cremers2019,crossref_deposited,Fundamental beam studies of radical enhanced atomic layer deposition of TiN,J. Vac. Sci. Technol. A,2003
10.1116/1.2191862,cremers2019,crossref_deposited,Attenuation of hydrogen radicals traveling under flowing gas conditions through tubes of different materials,J. Vac. Sci. Technol. A,2006
10.1116/1.3609974,cremers2019|popov2025,crossref_deposited,"Plasma-assisted atomic layer deposition: Basics, opportunities, and challenges",J. Vac. Sci. Technol. A,2011
10.1116/1.4728205,cremers2019,crossref_deposited,Status and prospects of Al2O3-based surface passivation schemes for silicon solar cells,J. Vac. Sci. Technol. A,2012
10.1116/1.3660699,cremers2019,crossref_deposited,Atomic layer deposition for nanostructured Li-ion batteries,J. Vac. Sci. Technol. A,2012
10.1116/1.3670745,cremers2019,crossref_deposited,Spatial atomic layer deposition: A route towards further industrialization of atomic layer deposition,J. Vac. Sci. Technol. A,2012
10.1116/1.3659699,cremers2019,crossref_deposited,Conformality of remote plasma-enhanced atomic layer deposition processes: An experimental study,J. Vac. Sci. Technol. A,2012
10.1116/1.3666034,cremers2019,crossref_deposited,Hot-wire-assisted atomic layer deposition of a high quality cobalt film using cobaltocene: Elementary reaction analysis on NHx radical formation,J. Vac. Sci. Technol. A,2012
10.1116/1.3670396,cremers2019,crossref_deposited,Simple model for atomic layer deposition precursor reaction and transport in a viscous-flow tubular reactor,J. Vac. Sci. Technol. A,2012
10.1116/1.3664106,popov2025,crossref_deposited,,J. Vac. Sci. Technol. A,2012
10.1116/1.3643349,popov2025,crossref_deposited,,J. Vac. Sci. Technol. A,2012
10.1116/1.3662838,popov2025,crossref_deposited,,J. Vac. Sci. Technol. A,2012
10.1116/1.3670876,popov2025,crossref_deposited,,J. Vac. Sci. Technol. A,2012
10.1116/1.3664097,popov2025,crossref_deposited,,J. Vac. Sci. Technol. A,2012
10.1116/1.3666030,popov2025,crossref_deposited,,J. Vac. Sci. Technol. A,2012
10.1116/1.3669518,popov2025,crossref_deposited,,J. Vac. Sci. Technol. A,2012
10.1116/1.3664758,popov2025,crossref_deposited,,J. Vac. Sci. Technol. A,2012
10.1116/1.4772461,popov2025,crossref_deposited,,J. Vac. Sci. Technol. A,2013
10.1116/1.4764473,popov2025,crossref_deposited,,J. Vac. Sci. Technol. A,2013
10.1116/1.4769862,popov2025,crossref_deposited,,J. Vac. Sci. Technol. A,2013
10.1116/1.4769451,popov2025,crossref_deposited,,J. Vac. Sci. Technol. A,2013
10.1116/1.4893930,cremers2019,crossref_deposited,Superconformal chemical vapor deposition of thin films in deep features,J. Vac. Sci. Technol. A,2014
10.1116/1.4840835,popov2025,crossref_deposited,,J. Vac. Sci. Technol. A,2014
10.1116/1.4843535,popov2025,crossref_deposited,,J. Vac. Sci. Technol. A,2014
10.1116/1.4843595,popov2025,crossref_deposited,,J. Vac. Sci. Technol. A,2014
10.1116/1.4837915,popov2025,crossref_deposited,,J. Vac. Sci. Technol. A,2014
10.1116/1.4903941,cremers2019,crossref_deposited,Microscopic silicon-based lateral high-aspect-ratio structures for thin film conformality analysis,J. Vac. Sci. Technol. A,2015
10.1116/1.4904398,cremers2019,crossref_deposited,Enhancing the platinum atomic layer deposition infiltration depth inside anodic alumina nanoporous membrane,J. Vac. Sci. Technol. A,2015
10.1116/1.4892385,cremers2019,crossref_deposited,Modeling precursor diffusion and reaction of atomic layer deposition in porous structures,J. Vac. Sci. Technol. A,2015
10.1116/1.4903951,popov2025,crossref_deposited,,J. Vac. Sci. Technol. A,2015
10.1116/1.4902079,popov2025,crossref_deposited,,J. Vac. Sci. Technol. A,2015
10.1116/1.4901808,popov2025,crossref_deposited,,J. Vac. Sci. Technol. A,2015
10.1116/1.4902560,popov2025,crossref_deposited,,J. Vac. Sci. Technol. A,2015
10.1116/1.4907562,popov2025,crossref_deposited,,J. Vac. Sci. Technol. A,2015
10.1116/1.4922577,popov2025,crossref_deposited,,J. Vac. Sci. Technol. A,2015
10.1116/1.4938104,cremers2019,crossref_deposited,Atomic layer deposition on polymer fibers and fabrics for multifunctional and electronic textiles,J. Vac. Sci. Technol. A,2016
10.1116/1.4937728,cremers2019,crossref_deposited,Spatial atomic layer deposition on flexible porous substrates: ZnO on anodic aluminum oxide films and Al2O3 on Li ion battery electrodes,J. Vac. Sci. Technol. A,2016
10.1116/1.4943385,popov2025,crossref_deposited,,J. Vac. Sci. Technol. A,2016
10.1116/1.4936390,popov2025,crossref_deposited,,J. Vac. Sci. Technol. A,2016
10.1116/1.4961385,popov2025,crossref_deposited,,J. Vac. Sci. Technol. A,2016
10.1116/1.4935353,popov2025,crossref_deposited,,J. Vac. Sci. Technol. A,2016
10.1116/1.4933089,popov2025,crossref_deposited,,J. Vac. Sci. Technol. A,2016
10.1116/1.4936389,popov2025,crossref_deposited,,J. Vac. Sci. Technol. A,2016
10.1116/1.4953406,popov2025,crossref_deposited,,J. Vac. Sci. Technol. A,2016
10.1116/1.4959532,popov2025,crossref_deposited,,J. Vac. Sci. Technol. A,2016
10.1116/1.4938078,popov2025,crossref_deposited,,J. Vac. Sci. Technol. A,2016
10.1116/1.4946755,popov2025,crossref_deposited,,J. Vac. Sci. Technol. A,2016
10.1116/1.4935650,popov2025,crossref_deposited,,J. Vac. Sci. Technol. A,2016
10.1116/1.4971389,cremers2019,crossref_deposited,Review Article: Recommended reading list of early publications on atomic layer deposition-Outcome of the ‘Virtual Project on the History of ALD’,J. Vac. Sci. Technol. A,2017
10.1116/1.4968201,cremers2019,crossref_deposited,Monte Carlo simulations of atomic layer deposition on 3D large surface area structures: Required precursor exposure for pillar- versus hole-type structures,J. Vac. Sci. Technol. A,2017
10.1116/1.4971196,cremers2019,crossref_deposited,Experimental and simulation approach for process optimization of atomic layer deposited thin films in high aspect ratio 3D structures,J. Vac. Sci. Technol. A,2017
10.1116/1.4973350,cremers2019,crossref_deposited,Effect of reactor pressure on the conformal coating inside porous substrates by atomic layer deposition,J. Vac. Sci. Technol. A,2017
10.1116/1.4993597,cremers2019,crossref_deposited,Revisiting the growth mechanism for atomic layer deposition of al2o3: A vibrational sum-frequency generation study,J. Vac. Sci. Technol. A,2017
10.1116/1.4968548,cremers2019,crossref_deposited,Simulation of atomic layer deposition on nanoparticle agglomerates,J. Vac. Sci. Technol. A,2017
10.1116/1.4972469,popov2025,crossref_deposited,,J. Vac. Sci. Technol. A,2017
10.1116/1.4968202,popov2025,crossref_deposited,,J. Vac. Sci. Technol. A,2017
10.1116/1.4968193,popov2025,crossref_deposited,,J. Vac. Sci. Technol. A,2017
10.1116/1.4972776,popov2025,crossref_deposited,,J. Vac. Sci. Technol. A,2017
10.1116/1.4972209,popov2025,crossref_deposited,,J. Vac. Sci. Technol. A,2017
10.1116/1.4984279,popov2025,crossref_deposited,,J. Vac. Sci. Technol. A,2017
10.1116/1.4972554,popov2025,crossref_deposited,,J. Vac. Sci. Technol. A,2017
10.1116/1.4971989,popov2025,crossref_deposited,,J. Vac. Sci. Technol. A,2017
10.1116/1.5000587,cremers2019,crossref_deposited,Review article: Catalysts design and synthesis via selective atomic layer deposition,J. Vac. Sci. Technol. A,2018
10.1116/1.5044396,popov2025,crossref_deposited,,J. Vac. Sci. Technol. A,2018
10.1116/1.5026405,popov2025,crossref_deposited,,J. Vac. Sci. Technol. A,2018
10.1116/1.5003423,popov2025,crossref_deposited,,J. Vac. Sci. Technol. A,2018
10.1116/1.5006696,popov2025,crossref_deposited,,J. Vac. Sci. Technol. A,2018
10.1116/1.5055212,popov2025,crossref_deposited,,J. Vac. Sci. Technol. A,2018
10.1116/1.5002667,popov2025,crossref_deposited,,J. Vac. Sci. Technol. A,2018
10.1116/1.5088582,popov2025,crossref_deposited,,J. Vac. Sci. Technol. A,2019
10.1116/1.5093402,popov2025,crossref_deposited,,J. Vac. Sci. Technol. A,2019
10.1116/1.5111969,popov2025,crossref_deposited,,J. Vac. Sci. Technol. A,2019
10.1116/1.5063669,popov2025,crossref_deposited,,J. Vac. Sci. Technol. A,2019
10.1116/1.5066638,popov2025,crossref_deposited,,J. Vac. Sci. Technol. A,2019
10.1116/1.5079661,popov2025,crossref_deposited,,J. Vac. Sci. Technol. A,2019
10.1116/1.5058171,popov2025,crossref_deposited,,J. Vac. Sci. Technol. A,2019
10.1116/1.5059424,popov2025,crossref_deposited,,J. Vac. Sci. Technol. A,2019
10.1116/1.5124100,popov2025,crossref_deposited,,J. Vac. Sci. Technol. A,2019
10.1116/1.5082012,popov2025,crossref_deposited,,J. Vac. Sci. Technol. A,2019
10.1116/1.5080226,popov2025,crossref_deposited,,J. Vac. Sci. Technol. A,2019
10.1116/1.5059695,popov2025,crossref_deposited,,J. Vac. Sci. Technol. A,2019
10.1116/1.5092877,popov2025,crossref_deposited,,J. Vac. Sci. Technol. A,2019
10.1116/1.5079583,popov2025,crossref_deposited,,J. Vac. Sci. Technol. A,2019
10.1116/1.5074153,popov2025,crossref_deposited,,J. Vac. Sci. Technol. A,2019
10.1116/1.5079539,popov2025,crossref_deposited,,J. Vac. Sci. Technol. A,2019
10.1116/1.5135014,popov2025,crossref_deposited,,J. Vac. Sci. Technol. A,2020
10.1116/6.0000327,popov2025,crossref_deposited,,J. Vac. Sci. Technol. A,2020
10.1116/6.0000589,popov2025,crossref_deposited,,J. Vac. Sci. Technol. A,2020
10.1116/6.0000212,popov2025,crossref_deposited,,J. Vac. Sci. Technol. A,2020
10.1116/6.0000053,popov2025,crossref_deposited,,J. Vac. Sci. Technol. A,2020
10.1116/6.0000314,popov2025,crossref_deposited,,J. Vac. Sci. Technol. A,2020
10.1116/6.0000219,popov2025,crossref_deposited,,J. Vac. Sci. Technol. A,2020
10.1116/1.5130606,popov2025,crossref_deposited,,J. Vac. Sci. Technol. A,2020
10.1116/6.0000166,popov2025,crossref_deposited,,J. Vac. Sci. Technol. A,2020
10.1116/1.5125109,popov2025,crossref_deposited,,J. Vac. Sci. Technol. A,2020
10.1116/1.5134136,popov2025,crossref_deposited,,J. Vac. Sci. Technol. A,2020
10.1116/6.0000844,popov2025,crossref_deposited,,J. Vac. Sci. Technol. A,2021
10.1116/6.0001033,popov2025,crossref_deposited,,J. Vac. Sci. Technol. A,2021
10.1116/6.0000896,popov2025,crossref_deposited,,J. Vac. Sci. Technol. A,2021
10.1116/6.0000847,popov2025,crossref_deposited,,J. Vac. Sci. Technol. A,2021
10.1116/6.0000790,popov2025,crossref_deposited,,J. Vac. Sci. Technol. A,2021
10.1116/6.0001629,popov2025,crossref_deposited,,J. Vac. Sci. Technol. A,2022
10.1116/6.0001787,popov2025,crossref_deposited,,J. Vac. Sci. Technol. A,2022
10.1116/6.0002079,popov2025,crossref_deposited,,J. Vac. Sci. Technol. A,2022
10.1116/6.0002154,popov2025,crossref_deposited,,J. Vac. Sci. Technol. A,2022
10.1116/6.0001519,popov2025,crossref_deposited,,J. Vac. Sci. Technol. A,2022
10.1116/6.0001514,popov2025,crossref_deposited,,J. Vac. Sci. Technol. A,2022
10.1116/6.0002563,popov2025,crossref_deposited,,J. Vac. Sci. Technol. A,2023
10.1116/6.0003004,popov2025,crossref_deposited,,J. Vac. Sci. Technol. A,2023
10.1116/6.0002863,popov2025,crossref_deposited,,J. Vac. Sci. Technol. A,2023
10.1116/6.0002804,popov2025,crossref_deposited,,J. Vac. Sci. Technol. A,2023
10.1116/6.0002308,popov2025,crossref_deposited,,J. Vac. Sci. Technol. A,2023
10.1116/6.0002436,popov2025,crossref_deposited,,J. Vac. Sci. Technol. A,2023
10.1116/6.0002726,popov2025,crossref_deposited,,J. Vac. Sci. Technol. A,2023
10.1116/1.584901,cremers2019,crossref_deposited,A unified line-of-sight model of deposition in rectangular trenches,J. Vac. Sci. Technol. B,1990
10.1116/1.585691,cremers2019,crossref_deposited,Flux distributions in low pressure deposition and etch models,J. Vac. Sci. Technol. B,1991
10.1116/1.1305809,cremers2019,crossref_deposited,Plasma-enhanced atomic layer deposition of Ta and Ti for interconnect diffusion barriers,J. Vac. Sci. Technol. B,2000
10.1116/1.1481754,cremers2019,crossref_deposited,Modeling and simulation of atomic layer deposition at the feature scale,J. Vac. Sci. Technol. B,2002
10.1116/1.3533763,popov2025,crossref_deposited,,J. Vac. Sci. Technol. B,2011
10.1116/1.4964693,popov2025,crossref_deposited,,J. Vac. Sci. Technol. B,2016
10.1116/1.5083692,popov2025,crossref_deposited,,J. Vac. Sci. Technol. B,2019
10.1143/jjap.49.04da14,popov2025,crossref_deposited,,Jpn. J. Appl. Phys.,2010
10.1143/jjap.50.05ea06,popov2025,crossref_deposited,,Jpn. J. Appl. Phys.,2011
10.7567/jjap.57.04fc01,popov2025,crossref_deposited,,Jpn. J. Appl. Phys.,2018
10.1143/jjap.47.2801,cremers2019,crossref_deposited,Tungsten through-silicon via technology for three-dimensional LSIs,"Jpn. J. Appl. Phys., Part 1",2008
10.7567/jjap.57.06jb03,cremers2019,crossref_deposited,Multiscale modeling for SiO2 atomic layer deposition for high-aspect-ratio hole patterns,"Jpn. J. Appl. Phys., Part 1",2018
10.1143/jjap.35.l126,cremers2019,crossref_deposited,Fabrication of gold nanodot array using anodic porous alumina as an evaporation mask,"Jpn. J. Appl. Phys., Part 2",1996
10.1007/s11814-016-0319-8,popov2025,crossref_deposited,,Korean J. Chem. Eng.,2016
10.1021/la9916981,cremers2019,crossref_deposited,Atomic layer deposition of SiO2 and TiO2 in alumina tubular membranes: Pore reduction and effect of surface species on gas transport,Langmuir,2000
10.1021/la300045z,cremers2019,crossref_deposited,In situ monitoring of atomic layer deposition in nanoporous thin films using ellipsometric porosimetry,Langmuir,2012
10.1021/la305027k,popov2025,crossref_deposited,,Langmuir,2013
10.1021/la500893u,popov2025,crossref_deposited,,Langmuir,2014
10.1021/acs.langmuir.6b03007,cremers2019,crossref_deposited,Nucleation and conformality of iridium and iridium oxide thin films grown by atomic layer deposition,Langmuir,2016
10.1021/acs.langmuir.6b03119,cremers2019,crossref_deposited,Atomic layer deposition for coating of high aspect ratio TiO2 nanotube layers,Langmuir,2016
10.1021/acs.langmuir.7b00716,popov2025,crossref_deposited,,Langmuir,2017
10.1557/mrs.2011.239,cremers2019,crossref_deposited,"Advanced process technologies: Plasma, direct-write, atmospheric pressure, and roll-to-roll ALD",MRS Bull.,2011
10.1039/c6qm00291a,popov2025,crossref_deposited,,Mater. Chem. Front.,2017
10.1016/j.matchemphys.2013.03.038,popov2025,crossref_deposited,,Mater. Chem. Phys.,2013
10.1016/j.matchemphys.2023.128037,popov2025,crossref_deposited,,Mater. Chem. Phys.,2023
10.1039/c3mh00136a,cremers2019,crossref_deposited,Spatial atmospheric atomic layer deposition: A new laboratory and industrial tool for low-cost photovoltaics,Mater. Horiz.,2014
10.1016/j.matlet.2004.09.030,cremers2019,crossref_deposited,"Low-impurity, highly conformal atomic layer deposition of titanium nitride using NH3-Ar-H2 plasma treatment for capacitor electrodes",Mater. Lett.,2005
10.1016/j.matlet.2011.04.067,popov2025,crossref_deposited,,Mater. Lett.,2011
10.1016/j.matlet.2012.07.081,cremers2019,crossref_deposited,Highly ordered and well aligned TiN nanotube arrays fabricated via template-assisted atomic layer deposition,Mater. Lett.,2012
10.1016/j.matlet.2020.129220,popov2025,crossref_deposited,,Mater. Lett.,2021
10.1016/j.matlet.2021.131605,popov2025,crossref_deposited,,Mater. Lett.,2022
10.1016/j.mssp.2016.06.015,popov2025,crossref_deposited,,Mater. Sci. Semicond. Process.,2016
10.1016/j.mssp.2019.05.028,popov2025,crossref_deposited,,Mater. Sci. Semicond. Process.,2019
10.1016/j.mssp.2022.107258,popov2025,crossref_deposited,,Mater. Sci. Semicond. Process.,2023
10.1016/j.mattod.2014.04.026,cremers2019,crossref_deposited,A brief review of atomic layer deposition: From fundamentals to applications,Mater. Today,2014
10.1016/j.mtchem.2018.08.006,popov2025,crossref_deposited,,Mater. Today Chem.,2018
10.1016/j.mtchem.2018.04.005,popov2025,crossref_deposited,,Mater. Today Chem.,2018
10.1016/j.mtchem.2023.101650,popov2025,crossref_deposited,,Mater. Today Chem.,2023
10.3390/ma12091429,popov2025,crossref_deposited,,Materials,2019
10.3390/ma13010024,popov2025,crossref_deposited,,Materials,2019
10.3390/ma13010093,popov2025,crossref_deposited,,Materials,2019
10.3390/ma14205966,popov2025,crossref_deposited,,Materials,2021
10.1016/j.matt.2019.12.026,popov2025,crossref_deposited,,Matter,2020
10.1016/j.mee.2009.11.163,cremers2019,crossref_deposited,Preparation of Ru thin film layer on Si and TaN/Si as diffusion barrier by plasma enhanced atomic layer deposition,Microelectron. Eng.,2010
10.1016/j.mee.2010.06.043,popov2025,crossref_deposited,,Microelectron. Eng.,2011
10.1016/j.mee.2011.03.135,popov2025,crossref_deposited,,Microelectron. Eng.,2011
10.1016/j.mee.2013.01.031,cremers2019,crossref_deposited,Atomic layer deposition for high aspect ratio through silicon vias,Microelectron. Eng.,2013
10.1016/j.mee.2013.03.084,popov2025,crossref_deposited,,Microelectron. Eng.,2013
10.1016/j.mee.2013.06.010,cremers2019,crossref_deposited,Deep reactive ion etching of sub-micrometer trenches with ultra high aspect ratio,Microelectron. Eng.,2014
10.1016/j.mee.2015.02.026,popov2025,crossref_deposited,,Microelectron. Eng.,2015
10.1016/j.mee.2018.01.027,cremers2019,crossref_deposited,Towards sub-micrometer high aspect ratio X-ray gratings by atomic layer deposition of iridium,Microelectron. Eng.,2018
10.1016/j.mee.2018.01.033,cremers2019,crossref_deposited,Exploiting atomic layer deposition for fabricating sub-10 nm X-ray lenses,Microelectron. Eng.,2018
10.1088/1361-651x/aa5f9d,cremers2019,crossref_deposited,Simulation approach of atomic layer deposition in large 3D structures,Modell. Simul. Mater. Sci. Eng.,2017
10.1038/am.2016.182,popov2025,crossref_deposited,,NPG Asia Mater.,2016
10.1016/j.nanoen.2016.01.016,cremers2019,crossref_deposited,Electrocatalysts by atomic layer deposition for fuel cell applications,Nano Energy,2016
10.1016/j.nanoen.2017.02.015,popov2025,crossref_deposited,,Nano Energy,2017
10.1021/nl303101n,popov2025,crossref_deposited,,Nano Lett.,2012
10.1021/nl4030038,popov2025,crossref_deposited,,Nano Lett.,2014
10.1021/acs.nanolett.6b03638,popov2025,crossref_deposited,,Nano Lett.,2016
10.1007/s12274-010-0066-9,cremers2019,crossref_deposited,Precise control of highly ordered arrays of nested semiconductor/metal nanotubes,Nano Res.,2011
10.3390/nano12193381,popov2025,crossref_deposited,,Nanomaterials,2022
10.3390/nano13192702,popov2025,crossref_deposited,,Nanomaterials,2023
10.1039/c1nr10349k,cremers2019,crossref_deposited,Nanoengineering and interfacial engineering of photovoltaics by atomic layer deposition,Nanoscale,2011
10.1039/c4nr05049e,cremers2019,crossref_deposited,Atomic layer deposition-based tuning of the pore size in mesoporous thin films studied by in situ grazing incidence small angle X-ray scattering,Nanoscale,2014
10.1039/c4nr04816d,popov2025,crossref_deposited,,Nanoscale,2014
10.1039/c4nr02451f,popov2025,crossref_deposited,,Nanoscale,2014
10.1039/c6nr06021h,popov2025,crossref_deposited,,Nanoscale,2017
10.1039/c8nr08040b,popov2025,crossref_deposited,,Nanoscale,2019
10.1039/d0nr01092h,popov2025,crossref_deposited,,Nanoscale,2020
10.1007/s11671-010-9676-0,popov2025,crossref_deposited,,Nanoscale Res. Lett.,2010
10.1186/s11671-015-0872-9,cremers2019,crossref_deposited,"AAO-assisted synthesis of highly ordered, large-scale TiO2 nanowire arrays via sputtering and atomic layer deposition",Nanoscale Res. Lett.,2015
10.1186/s11671-017-2414-0,popov2025,crossref_deposited,,Nanoscale Res. Lett.,2018
10.1186/s11671-019-2989-8,popov2025,crossref_deposited,,Nanoscale Res. Lett.,2019
10.1186/s11671-020-03382-1,popov2025,crossref_deposited,,Nanoscale Res. Lett.,2020
10.1088/0957-4484/3/2/001,cremers2019,crossref_deposited,Study of reactive ion etched nanometre size trenches using a combined scanning electron microscope and scanning tunnelling microscope,Nanotechnology,1992
10.1088/0957-4484/19/04/045302,cremers2019,crossref_deposited,Ru nanostructure fabrication using an anodic aluminum oxide nanotemplate and highly conformal Ru atomic layer deposition,Nanotechnology,2008
10.1088/0957-4484/21/40/405602,popov2025,crossref_deposited,,Nanotechnology,2010
10.1088/0957-4484/24/37/375301,cremers2019,crossref_deposited,Microfluidic hydrothermal growth of ZnO nanowires over high aspect ratio microstructures,Nanotechnology,2013
10.1088/0957-4484/24/1/015602,cremers2019,crossref_deposited,Pt-Al2O3 dual layer atomic layer deposition coating in high aspect ratio nanopores,Nanotechnology,2013
10.1088/0957-4484/26/5/054001,popov2025,crossref_deposited,,Nanotechnology,2015
10.1088/0957-4484/27/34/345709,cremers2019,crossref_deposited,Temperature-dependent magnetic properties of Ni nanotubes synthesized by atomic layer deposition,Nanotechnology,2016
10.1088/1361-6528/aaad58,cremers2019,crossref_deposited,Core-shell titanium dioxide-titanium nitride nanotube arrays with near-infrared plasmon resonances,Nanotechnology,2018
10.1088/1361-6528/aacda0,popov2025,crossref_deposited,,Nanotechnology,2018
10.1088/1361-6528/ab6fd6,popov2025,crossref_deposited,,Nanotechnology,2020
10.1088/1361-6528/abc50b,popov2025,crossref_deposited,,Nanotechnology,2021
10.1038/s41467-020-16654-2,popov2025,crossref_deposited,,Nat. Commun.,2020
10.1038/nmat1000,popov2025,crossref_deposited,,Nat. Mater.,2003
10.1038/nnano.2014.247,cremers2019,crossref_deposited,An all-in-one nanopore battery array,Nat. Nanotechnol.,2014
10.1364/oe.19.026056,cremers2019,crossref_deposited,Large-area plasmonic hot-spot arrays: Sub-2 nm interparticle separations with plasma-enhanced atomic layer deposition of Ag on periodic arrays of Si nanopillars,Opt. Express,2011
10.1364/oe.26.009344,popov2025,crossref_deposited,,Opt. Express,2018
10.1098/rstl.1879.0067,cremers2019,crossref_deposited,On stresses in rarified gases arising from inequalities in temperature,"Philos. Trans. R. Soc. London, Sect. A",1879
10.1039/c2cp40355b,popov2025,crossref_deposited,,Phys. Chem. Chem. Phys.,2012
10.1039/c5cp02184g,popov2025,crossref_deposited,,Phys. Chem. Chem. Phys.,2015
10.1103/physrevlett.81.3014,cremers2019,crossref_deposited,Crystalline oxides on silicon: The first five monolayers,Phys. Rev. Lett.,1998
10.1103/physrevmaterials.6.044411,popov2025,crossref_deposited,,Phys. Rev. Mater.,2022
10.1002/pssr.201004462,popov2025,crossref_deposited,,Phys. Status Solidi (RRL),2011
10.1002/pssr.201700076,popov2025,crossref_deposited,,Phys. Status Solidi (RRL),2017
10.1002/pssr.201800023,popov2025,crossref_deposited,,Phys. Status Solidi (RRL),2018
10.1002/pssr.201900018,popov2025,crossref_deposited,,Phys. Status Solidi (RRL),2019
10.1002/pssr.202000565,popov2025,crossref_deposited,,Phys. Status Solidi (RRL),2021
10.1002/pssa.201330080,popov2025,crossref_deposited,,Phys. Status Solidi A,2014
10.1002/pssa.201532305,popov2025,crossref_deposited,,Phys. Status Solidi A,2015
10.1002/pssa.201900058,popov2025,crossref_deposited,,Phys. Status Solidi A,2019
10.1088/0963-0252/9/3/302,cremers2019,crossref_deposited,Surface and volume loss of atomic nitrogen in a parallel plate rf discharge reactor,Plasma Sources Sci. Technol.,2000
10.1088/0963-0252/13/2/009,cremers2019,crossref_deposited,Study of oxygen atom recombination on a Pyrex surface at different wall temperatures by means of time-resolved actinometry in a double pulse discharge technique,Plasma Sources Sci. Technol.,2004
10.1088/0963-0252/15/3/025,cremers2019,crossref_deposited,Atomic oxygen surface loss probability on silica in microwave plasmas studied by a pulsed induced fluorescence technique,Plasma Sources Sci. Technol.,2006
10.1016/j.poly.2005.10.019,cremers2019,crossref_deposited,The crystal structure of tetrakis(dimethylamino)titanium(IV),Polyhedron,2006
10.1002/pip.1039,popov2025,crossref_deposited,,Prog. Photovoltaics Res. Appl.,2011
10.1002/pip.1153,popov2025,crossref_deposited,,Prog. Photovoltaics Res. Appl.,2012
10.1351/pac199466081739,cremers2019,crossref_deposited,Recommendations for the characterization of porous solids,Pure Appl. Chem.,1994
10.1039/c2ra20731a,popov2025,crossref_deposited,,RSC Adv.,2012
10.1039/c3ra23320k,popov2025,crossref_deposited,,RSC Adv.,2013
10.1039/c3ra40745d,popov2025,crossref_deposited,,RSC Adv.,2013
10.1039/c2ra22820c,popov2025,crossref_deposited,,RSC Adv.,2013
10.1039/c3ra42928h,cremers2019,crossref_deposited,Atomic layer deposition-based synthesis of photoactive TiO2 nanoparticle chains by using carbon nanotubes as sacrificial templates,RSC Adv.,2014
10.1039/c3ra47469k,popov2025,crossref_deposited,,RSC Adv.,2014
10.1039/c4ra06308b,popov2025,crossref_deposited,,RSC Adv.,2014
10.1039/c6ra00468g,popov2025,crossref_deposited,,RSC Adv.,2016
10.1039/c6ra27644j,popov2025,crossref_deposited,,RSC Adv.,2017
10.1039/c7ra07722j,popov2025,crossref_deposited,,RSC Adv.,2017
10.1039/c7ra13417g,popov2025,crossref_deposited,,RSC Adv.,2018
10.1039/d0ra01602k,popov2025,crossref_deposited,,RSC Adv.,2020
10.1039/d1ra00507c,popov2025,crossref_deposited,,RSC Adv.,2021
10.1039/d0ra10239c,popov2025,crossref_deposited,,RSC Adv.,2021
10.1039/d1ra03942c,popov2025,crossref_deposited,,RSC Adv.,2021
10.1039/d0ra09876k,popov2025,crossref_deposited,,RSC Adv.,2021
10.1039/d3ra05217f,popov2025,crossref_deposited,,RSC Adv.,2023
10.1016/j.radmeas.2009.10.028,cremers2019,crossref_deposited,Track-etch membranes enabled nano-/microtechnology: A review,Radiat. Meas.,2009
10.34133/2021/9862483,popov2025,crossref_deposited,,Research,
10.1016/j.rinma.2020.100088,popov2025,crossref_deposited,,Results Mater.,2020
10.1134/s1070427221070053,popov2025,crossref_deposited,,Russ. J. Appl. Chem.,2021
10.1134/s1070363210060204,popov2025,crossref_deposited,,Russ. J. Gen. Chem.,2010
10.1134/s1070363218080236,popov2025,crossref_deposited,,Russ. J. Gen. Chem.,2018
10.1134/s0036024414090143,popov2025,crossref_deposited,,Russ. J. Phys. Chem. A,2014
10.1134/s0036024422100181,popov2025,crossref_deposited,,Russ. J. Phys. Chem. A,2022
10.1134/s1063739718020026,popov2025,crossref_deposited,,Russ. Microlectron.,2018
10.1134/s1063739719010025,popov2025,crossref_deposited,,Russ. Microlectron.,2019
10.1007/s11432-016-5566-0,cremers2019,crossref_deposited,3D resistive RAM cell design for high-density storage class memory—A review,Sci. China Inform. Sci.,2016
10.1038/srep18401,cremers2019,crossref_deposited,Controlled phase and tunable magnetism in ordered iron oxide nanotube arrays prepared by atomic layer deposition,Sci. Rep.,2016
10.1088/0268-1242/27/7/074002,cremers2019,crossref_deposited,Atomic layer deposition for photovoltaics: Applications and prospects for solar cell manufacturing,Semicond. Sci. Technol.,2012
10.1088/0268-1242/27/7/074003,popov2025,crossref_deposited,,Semicond. Sci. Technol.,2012
10.1088/0268-1242/27/7/074006,popov2025,crossref_deposited,,Semicond. Sci. Technol.,2012
10.1088/0268-1242/31/9/095002,popov2025,crossref_deposited,,Semicond. Sci. Technol.,2016
10.1088/1361-6641/aa7ade,cremers2019,crossref_deposited,Atomic layer deposition of ZnO: A review atomic layer deposition: An enabling technology for the growth of functional nanoscale semiconductors,Semicond. Sci. Technol..,2017
10.1016/s0924-4247(02)00319-9,cremers2019,crossref_deposited,Atomic layer deposited protective coatings for micro-electromechanical systems,Sens. Actuator,2003
10.1016/j.snb.2007.09.077,cremers2019,crossref_deposited,Fabrication and fluidic characterization of silicon micropillar array electrospray ionization chip,Sens. Actuator B,2008
10.1002/smll.200700815,cremers2019,crossref_deposited,TEM-based metrology for HfO2 layers and nanotubes formed in anodic aluminum oxide nanopore structures,Small,2008
10.1002/smll.201800547,popov2025,crossref_deposited,,Small,2018
10.1002/smll.202102635,popov2025,crossref_deposited,,Small,2021
10.1088/0964-1726/10/6/302,cremers2019,crossref_deposited,Deep reactive ion etching: A promising technology for micro- and nanosatellites,Smart Mater. Struct.,2001
10.1016/j.solmat.2016.01.043,popov2025,crossref_deposited,,Sol. Energy Mater. Sol. Cells,2016
10.1016/j.sse.2012.04.005,cremers2019,crossref_deposited,Enhancement of FinFET performance using 25-nm-thin sidewall spacer grown by atomic layer deposition,Solid-State Electron.,2012
10.1016/j.sse.2016.04.006,popov2025,crossref_deposited,,Solid-State Electron.,2016
10.1016/s0167-2991(99)80570-9,cremers2019,crossref_deposited,Adsorption controlled preparation of heterogenous catalysts,Stud. Surf. Sci. Catal.,1999
10.1016/j.surfcoat.2007.04.079,cremers2019,crossref_deposited,Transient ALD simulations for a multi-wafer reactor with trenched wafers,Surf. Coat. Technol.,2007
10.1016/j.surfcoat.2009.11.039,popov2025,crossref_deposited,,Surf. Coat. Technol.,2010
10.1016/j.surfcoat.2012.02.038,cremers2019,crossref_deposited,Conformality of thermal and plasma enhanced atomic layer deposition on a non-woven fibrous substrate,Surf. Coat. Technol.,2012
10.1016/j.surfcoat.2013.04.050,popov2025,crossref_deposited,,Surf. Coat. Technol.,2013
10.1016/j.surfcoat.2016.08.074,popov2025,crossref_deposited,,Surf. Coat. Technol.,2016
10.1016/j.surfcoat.2018.01.047,popov2025,crossref_deposited,,Surf. Coat. Technol.,2018
10.1016/j.surfin.2023.103499,popov2025,crossref_deposited,,Surf. Interfaces,2023
10.1016/0039-6028(89)90077-0,cremers2019,crossref_deposited,Reaction of atomic hydrogen with crystalline silicon,Surf. Sci.,1989
10.1109/iedm.2003.1269265,cremers2019,bibliographic_search,A model for Al2O3 ALD conformity and deposition rate from oxygen precursor reactivity,Tech. Dig.-Int Electron Devices. Meet.,
10.1007/s00214-014-1465-x,cremers2019,crossref_deposited,A Markov chain approach to simulate atomic layer deposition chemistry and transport inside nanostructured substrates,Theor. Chem. Acc.,2014
10.1016/s0040-6090(96)09428-x,cremers2019,crossref_deposited,Porous silicon host matrix for deposition by atomic layer epitaxy,Thin Solid Films,1997
10.1016/s0040-6090(02)00117-7,cremers2019,crossref_deposited,Atomic layer deposition (ALD): From precursors to thin film structures,Thin Solid Films,2002
10.1016/s0040-6090(01)01678-9,cremers2019,crossref_deposited,Thin film atomic layer deposition equipment for semiconductor processing,Thin Solid Films,2002
10.1016/s0040-6090(02)00236-5,cremers2019,crossref_deposited,Predective modeling of atomic layer deposition on the feature scale,Thin Solid Films,2002
10.1016/j.tsf.2006.05.049,cremers2019,crossref_deposited,Atomic layer deposition of palladium films on Al2O3 surfaces,Thin Solid Films,2006
10.1016/j.tsf.2008.09.007,cremers2019,crossref_deposited,Applications of atomic layer deposition to nanofabrication and emerging nanodevices,Thin Solid Films,2009
10.1016/j.tsf.2009.12.029,cremers2019,crossref_deposited,TEM characterization of ALD layers in deep trenches using a dedicated FIB lamellae preparation method,Thin Solid Films,2010
10.1016/j.tsf.2009.12.063,popov2025,crossref_deposited,,Thin Solid Films,2010
10.1016/j.tsf.2010.07.115,popov2025,crossref_deposited,,Thin Solid Films,2010
10.1016/j.tsf.2011.01.191,popov2025,crossref_deposited,,Thin Solid Films,2011
10.1016/j.tsf.2011.10.186,popov2025,crossref_deposited,,Thin Solid Films,2012
10.1016/j.tsf.2011.11.088,popov2025,crossref_deposited,,Thin Solid Films,2012
10.1016/j.tsf.2013.03.074,cremers2019|popov2025,crossref_deposited,Atomic layer deposition of ruthenium (Ru) thin films using ethylbenzen-cyclohexadiene Ru(0) as a seed layer for copper metallization,Thin Solid Films,2013
10.1016/j.tsf.2013.01.091,popov2025,crossref_deposited,,Thin Solid Films,2013
10.1016/j.tsf.2013.06.074,popov2025,crossref_deposited,,Thin Solid Films,2013
10.1016/j.tsf.2012.11.127,popov2025,crossref_deposited,,Thin Solid Films,2013
10.1016/j.tsf.2014.06.038,popov2025,crossref_deposited,,Thin Solid Films,2014
10.1016/j.tsf.2014.01.034,popov2025,crossref_deposited,,Thin Solid Films,2014
10.1016/j.tsf.2013.10.139,popov2025,crossref_deposited,,Thin Solid Films,2014
10.1016/j.tsf.2015.07.003,popov2025,crossref_deposited,,Thin Solid Films,2015
10.1016/j.tsf.2015.06.053,popov2025,crossref_deposited,,Thin Solid Films,2015
10.1016/j.tsf.2015.06.014,popov2025,crossref_deposited,,Thin Solid Films,2015
10.1016/j.tsf.2015.01.027,popov2025,crossref_deposited,,Thin Solid Films,2015
10.1016/j.tsf.2015.01.045,popov2025,crossref_deposited,,Thin Solid Films,2015
10.1016/j.tsf.2015.03.014,popov2025,crossref_deposited,,Thin Solid Films,2015
10.1016/j.tsf.2015.07.037,popov2025,crossref_deposited,,Thin Solid Films,2015
10.1016/j.tsf.2015.06.033,popov2025,crossref_deposited,,Thin Solid Films,2015
10.1016/j.tsf.2016.03.018,popov2025,crossref_deposited,,Thin Solid Films,2016
10.1016/j.tsf.2016.05.048,popov2025,crossref_deposited,,Thin Solid Films,2016
10.1016/j.tsf.2016.01.024,popov2025,crossref_deposited,,Thin Solid Films,2016
10.1016/j.tsf.2018.06.011,popov2025,crossref_deposited,,Thin Solid Films,2018
10.1016/j.tsf.2021.138955,popov2025,crossref_deposited,,Thin Solid Films,2021
10.1039/tf9585401323,cremers2019,crossref_deposited,The recombination of oxygen atoms at surfaces,Trans. Faraday Soc.,1958
10.1007/s11242-012-9966-3,cremers2019,crossref_deposited,Knudsen diffusion through cylindrical tubes of varying radii: Theory and Monte Carlo simulations,Transp. Porous Med.,2012
10.1016/j.wear.2015.02.037,popov2025,crossref_deposited,,Wear,2015
10.1002/zaac.19754140203,popov2025,crossref_deposited,,Z. Anorg. Allg. Chem.,1975
