paper,location,label,unit,reason
Yim2020,Fig. 3,Regions I-IV; knee; nanostep; leading edge,,"Interpretations, regimes"
Yim2020,Fig. 5b,Intensity,a.u.,Signals without a quantity
Yim2020,Fig. 7,Magnification (spot size),µm,Instrument settings
Yim2020,Table 1,Sample; sample code,,Equipment details and sample codes
Yim2020,Table 1,Pillar layout,,Equipment details and sample codes
Yim2020,Table 1,Reflectometer magnification,,Instrument settings
Yim2020,Table 1,Slope dθ/dx̃,,No row applies: decision procedure step 5 (data in one paper only)
Yim2020,Table 1,Slope d(S/N)/dx̃,nm,No row applies: decision procedure step 5 (data in one paper only)
Yim2020,Table 1,Linear fitting residual R2,,Fit quality
Yim2020,Fig. 10,pB,Pa,Model internals not in Sec. 8
Yim2020,Fig. 10,MA; MB,kg mol-1,Molecule properties
Yim2020,Fig. 10,dA; dB,pm,Molecule properties
Yim2020,Fig. 10,bfilm; bTMA,,Model internals not in Sec. 8
Yim2020,Fig. 10,q,nm-2,Model internals not in Sec. 8
Yim2020,Fig. 10,Pd,s-1,Model internals not in Sec. 8
Yim2020,Sec. D,Mean free path of TMA,µm,Molecule properties
Yim2020,body text,Knudsen number,,Derived dimensionless groups
Yim2020,Sec. C.C,Accelerating voltage,keV,Instrument settings
Ylilammi2018,Fig. 2,xt; xs,µm,Model internals not in Sec. 8
Ylilammi2018,Figs. 2-5,MA; MB,kg/mol,Molecule properties
Ylilammi2018,Figs. 2-5,dA; dB,pm,Molecule properties
Ylilammi2018,Figs. 2-5,pB,Pa,Model internals not in Sec. 8
Ylilammi2018,Figs. 2-5,q,m-2,Model internals not in Sec. 8
Ylilammi2018,Table I,rms thickness error,nm,Fit quality
Ylilammi2018,Sec. II,Viscosity of gas,µPa s,Molecule properties
Ylilammi2018,Sec. VII,Spot size; objective lens,µm,Instrument settings
Ylilammi2018,Sec. VII,Precision of the film thickness measurement,nm,Fit quality
Werbrouck2021,Fig. 2,Closing of the gate valve,cm,Equipment details and sample codes
Werbrouck2021,Fig. 4,Counts/s vs Wavelength,counts/s; nm,Plasma internals
Werbrouck2021,Fig. 5,Counts/s vs Wavelength (infrared),counts/s; nm,Plasma internals
Werbrouck2021,Fig. 6,Itotal,,Plasma internals
Werbrouck2021,Fig. 6,IO2+/Itotal; IO/Itotal,,Plasma internals
Werbrouck2021,Fig. 7,Counts/s vs Energy; m/z = +16; m/z = +32,counts/s; eV,Plasma internals
Werbrouck2021,Fig. 8,Counts/s vs Energy; m/z = -16; m/z = -32,counts/s; eV,Plasma internals
Werbrouck2021,Fig. 13,Activated gas fraction,,No row applies: decision procedure step 5 (data in one paper only)
Werbrouck2021,Sec. III D,Fitted exposures (Ψ),,Model internals not in Sec. 8
Werbrouck2021,Sec. III D,Area per surface site s0,m2,Model internals not in Sec. 8
Werbrouck2021,Sec. III D,Mass of atomic O,amu,Molecule properties
Werbrouck2021,Sec. II B,OES integration time,s,Instrument settings
Werbrouck2021,Sec. II C,EQP energy step,eV,Instrument settings
Werbrouck2021,Sec. II D,Gas-only stabilization sub-steps of the oxygen pulse,s,Equipment details and sample codes
Werbrouck2021,Table I,Technique; Reactor (ALD or EQP chamber),,Equipment details and sample codes
Werbrouck2021,Fig. 10,Growth regimes (saturation spread out in space),,"Interpretations, regimes"
Yim2020,Fig. 10,rho (film density; model input),kg m-3,Model internals not in Sec. 8
Yim2020,Table 2,Alumina film density (footnote e; model input),kg m-3,Model internals not in Sec. 8
