assertion_uid,source_text_kind,c1_value_unit,c1_detail,evidence_span_relocated,c2_quantity,c2_detail,c3_applicability,c3_detail,c4_scope,c4_detail,c5_status,c5_detail,c6_species,c6_detail,c7_duplication,c7_detail,under_attributed,verdict,error_criteria,paper_id,entity_id,classification,printed_figure_number,panel,source_series,quantity,value,unit,species,assertion_status,source_kind,bound_at_scope,family,raw_evidence,evidence_locator
10.1002_admi.202000318::10.1002_admi.202000318-E000::1,figure body,pass,,True,pass,,pass,,pass,,pass,,pass,,pass,,False,correct,,10.1002_admi.202000318,10.1002_admi.202000318-E000,discrete_experimental_sweep,1,a,<single>,pulse_time,80,s,O3,direct,body,figure,pulse,exposures greater than 80 s,document.md near Fig 1
10.1002_admi.202000318::10.1002_admi.202000318-E002::1,figure body,pass,,True,pass,,pass,,pass,,pass,,pass,,pass,,False,correct,,10.1002_admi.202000318,10.1002_admi.202000318-E002,discrete_experimental_sweep,1,c,<single>,pulse_time,80,s,O3,direct,body,figure,pulse,exposures greater than 80 s,document.md near Fig 1
10.1002_admi.202000318::10.1002_admi.202000318-E010::0,methods section,pass,,True,pass,,pass,,pass,,pass,,pass,,pass,,False,correct,,10.1002_admi.202000318,10.1002_admi.202000318-E010,model_sweep,4,a,Single Layer Model,working_pressure,750,mtorr,,direct,methods,method,pressure,working pressure of 750mtorr,methods section
10.1002_admi.202000318::10.1002_admi.202000318-E011::3,methods section,pass,,True,pass,,pass,,pass,,pass,,pass,,pass,,False,correct,,10.1002_admi.202000318,10.1002_admi.202000318-E011,model_sweep,4,a,Bilayer Model,purge_time,30,s,,direct,methods,method,purge,purge times of 30 s,methods section
10.1002_admi.202000318::10.1002_admi.202000318-E013::0,series label,pass,,False,pass,,pass,,pass,,pass,,pass,,pass,,False,correct,,10.1002_admi.202000318,10.1002_admi.202000318-E013,discrete_experimental_sweep,6,a,100s Ozone,exposure,100,s,O3,direct,series_label,series,exposure,100s,series label '100s Ozone' (axis 'ozone exposure time')
10.1002_admi.202000318::10.1002_admi.202000318-E015::0,series label,pass,,False,pass,,pass,,pass,,pass,,pass,,pass,,False,correct,,10.1002_admi.202000318,10.1002_admi.202000318-E015,discrete_experimental_sweep,6,a,20s Ozone,exposure,20,s,O3,direct,series_label,series,exposure,20s,series label '20s Ozone' (axis 'ozone exposure time')
10.1002_admi.202000318::10.1002_admi.202000318-E016::1,methods section,pass,,True,pass,,pass,,pass,,pass,,pass,,pass,,False,correct,,10.1002_admi.202000318,10.1002_admi.202000318-E016,discrete_experimental_sweep,6,b,Fraction γ Phase,working_pressure,750,mtorr,,direct,methods,method,pressure,working pressure of 750mtorr,methods section
10.1002_admi.202000318::10.1002_admi.202000318-E016::3,methods section,pass,,True,pass,,pass,,pass,,pass,,pass,,pass,,False,correct,,10.1002_admi.202000318,10.1002_admi.202000318-E016,discrete_experimental_sweep,6,b,Fraction γ Phase,flow_rate,50,sCCM,N2,direct,methods,method,flow,flow rate of 50 sCCM,methods section
10.1002_celc.201600139::10.1002_celc.201600139-E006::0,series label,pass,,False,pass,,pass,,pass,,pass,,pass,,pass,,False,correct,,10.1002_celc.201600139,10.1002_celc.201600139-E006,experimental_profile,2,a,300°C,deposition_temperature,300,°C,,direct,series_label,series,temperature,300°C,series label '300°C' (axis 'temperature')
10.1002_pssa.201532305::10.1002_pssa.201532305-E001::2,caption preamble,pass,,True,pass,,pass,,pass,,pass,,pass,,pass,,False,correct,,10.1002_pssa.201532305,10.1002_pssa.201532305-E001,continuous_trace,4,a,1800 °C,deposition_temperature,325,°C,,direct,caption,figure,temperature,325 °C of substrate temperature,figure 4 caption
10.1002_pssa.201532305::10.1002_pssa.201532305-E001::8,caption preamble,pass,,True,pass,,pass,,pass,,pass,,pass,,pass,,False,correct,,10.1002_pssa.201532305,10.1002_pssa.201532305-E001,continuous_trace,4,a,1800 °C,purge_time,2,min,,direct,caption,figure,purge,2-min purge,figure 4 caption
10.1002_pssa.201532305::10.1002_pssa.201532305-E002::7,caption preamble,pass,,True,pass,,pass,,pass,,pass,,pass,,pass,,False,correct,,10.1002_pssa.201532305,10.1002_pssa.201532305-E002,continuous_trace,4,a,1860 °C,pulse_time,1,min,WF6,direct,caption,figure,pulse,1-min exposure to WF6,figure 4 caption
10.1002_pssa.201532305::10.1002_pssa.201532305-E004::0,series label,pass,,True,pass,,pass,,pass,,pass,,pass,,pass,,False,correct,,10.1002_pssa.201532305,10.1002_pssa.201532305-E004,continuous_trace,4,b,H2 10 sccm,flow_rate,10,sccm,H2,direct,series_label,series,flow,10 sccm,series label 'H2 10 sccm' (axis 'H2 flow rate')
10.1002_pssa.201532305::10.1002_pssa.201532305-E007::2,caption preamble,pass,,True,pass,,pass,,pass,,pass,,pass,,pass,,False,correct,,10.1002_pssa.201532305,10.1002_pssa.201532305-E007,continuous_trace,4,c,WF6 10 sccm,hot_wire_temperature,1860,°C,,direct,caption,figure,temperature,1860 °C of hot-wire,figure 4 caption
10.1002_pssa.201532305::10.1002_pssa.201532305-E007::5,caption preamble,pass,,True,pass,,pass,,pass,,pass,,pass,,pass,,False,correct,,10.1002_pssa.201532305,10.1002_pssa.201532305-E007,continuous_trace,4,c,WF6 10 sccm,flow_rate,50,sccm,Ar,direct,caption,figure,flow,50 sccm,figure 4 caption
10.1002_pssa.201532305::10.1002_pssa.201532305-E008::7,caption preamble,pass,,True,pass,,pass,,pass,,pass,,pass,,pass,,False,correct,,10.1002_pssa.201532305,10.1002_pssa.201532305-E008,continuous_trace,4,c,WF6 20 sccm,pulse_time,1,min,WF6,direct,caption,figure,pulse,1-min exposure to WF6,figure 4 caption
10.1002_pssa.201532305::10.1002_pssa.201532305-E010::2,caption preamble,pass,,True,pass,,pass,,pass,,pass,,pass,,pass,,False,correct,,10.1002_pssa.201532305,10.1002_pssa.201532305-E010,continuous_trace,4,d,Ar 100 sccm,hot_wire_temperature,1860,°C,,direct,caption,figure,temperature,1860 °C of hot-wire,figure 4 caption
10.1002_pssa.201532305::10.1002_pssa.201532305-E012::3,caption,pass,,True,pass,,pass,,pass,,pass,,pass,,pass,,False,correct,,10.1002_pssa.201532305,10.1002_pssa.201532305-E012,multi_output_measurement,5,a,N1s,flow_rate,100,sccm,WF6,direct,caption,figure,flow,100 sccm,figure 5 caption
10.1002_pssa.201532305::10.1002_pssa.201532305-E013::3,caption,pass,,True,pass,,pass,,pass,,pass,,pass,,pass,,False,correct,,10.1002_pssa.201532305,10.1002_pssa.201532305-E013,multi_output_measurement,5,a,O1s,flow_rate,100,sccm,WF6,direct,caption,figure,flow,100 sccm,figure 5 caption
10.1002_pssa.201532305::10.1002_pssa.201532305-E014::4,methods section,pass,,True,pass,,pass,,pass,,pass,,pass,,pass,,False,correct,,10.1002_pssa.201532305,10.1002_pssa.201532305-E014,multi_output_measurement,5,a,F1s,base_pressure,1e-7,mbar,,direct,methods,method,pressure,base pressure of 1e-7 mbar,methods section
10.1002_pssa.201532305::10.1002_pssa.201532305-E017::1,caption,pass,,True,pass,,pass,,pass,,pass,,pass,,pass,,False,correct,,10.1002_pssa.201532305,10.1002_pssa.201532305-E017,continuous_trace,6,a,<single>,deposition_temperature,325,°C,,direct,caption,figure,temperature,325 °C of substrate temperature,figure 6 caption
10.1002_pssa.201532305::10.1002_pssa.201532305-E018::9,methods section,pass,,True,pass,,pass,,pass,,pass,,pass,,pass,,False,correct,,10.1002_pssa.201532305,10.1002_pssa.201532305-E018,continuous_trace,7,a,<single>,generic_pressure,10,mbar,,direct,methods,method,pressure,"ne (Si2H6), at 325 °C and a pressure of 10 mbar. The thickness of a-Si was in-situ monitored by SE. Next, the reactor was pumped down to a pressure of 1 mbar fo",methods section
10.1002_pssa.201532305::10.1002_pssa.201532305-E020::0,caption,pass,,True,pass,,pass,,pass,,pass,,pass,,pass,,False,correct,,10.1002_pssa.201532305,10.1002_pssa.201532305-E020,continuous_trace,10,a,<single>,flow_rate,50,sccm,,direct,caption,figure,flow,50 sccm,figure 10 caption
10.1002_pssa.201532305::10.1002_pssa.201532305-E021::4,figure body,pass,,True,pass,,pass,,pass,,pass,,pass,,pass,,False,correct,,10.1002_pssa.201532305,10.1002_pssa.201532305-E021,discrete_experimental_sweep,11,a,<single>,flow_rate,2,sccm,WF6,direct,body,figure,flow,2 sccm of WF6,document.md near Fig 11
10.1002_pssa.201532305::10.1002_pssa.201532305-E021::5,figure body,pass,,True,pass,,pass,,pass,,pass,,pass,,pass,,False,correct,,10.1002_pssa.201532305,10.1002_pssa.201532305-E021,discrete_experimental_sweep,11,a,<single>,flow_rate,50,sccm,Ar,direct,body,figure,flow,50 sccm,document.md near Fig 11
10.1002_pssa.201532305::10.1002_pssa.201532305-E023::5,caption panel clause,pass,,True,pass,,pass,,pass,,pass,,pass,,pass,,False,correct,,10.1002_pssa.201532305,10.1002_pssa.201532305-E023,discrete_experimental_sweep,11,c,<single>,flow_rate,50,sccm,Ar,direct,caption,panel,flow,50 sccm,"figure 11 caption, panel (c)"
10.1002_pssa.201532305::10.1002_pssa.201532305-E023::7,figure body,pass,,True,pass,,pass,,pass,,pass,,pass,,pass,,False,correct,,10.1002_pssa.201532305,10.1002_pssa.201532305-E023,discrete_experimental_sweep,11,c,<single>,purge_time,20,s,,direct,body,figure,purge,purge time of 20 s,document.md near Fig 11
10.1002_pssa.201532305::10.1002_pssa.201532305-E027::5,methods section,pass,,True,pass,,pass,,pass,,pass,,pass,,pass,,False,correct,,10.1002_pssa.201532305,10.1002_pssa.201532305-E027,experimental_profile,12,a,F,base_pressure,1e-7,mbar,,direct,methods,method,pressure,base pressure of 1e-7 mbar,methods section
10.1016_j.sse.2022.108584::10.1016_j.sse.2022.108584-E000::1,caption,pass,,True,pass,,pass,,pass,,pass,,pass,,pass,,False,correct,,10.1016_j.sse.2022.108584,10.1016_j.sse.2022.108584-E000,model_sweep,2,a,θ_{sat} < 0.5,feature_length,100,μm,,direct,caption,figure,geometry,L = 100μm,figure 2 caption
10.1016_j.sse.2022.108584::10.1016_j.sse.2022.108584-E005::1,caption,pass,,True,pass,,pass,,pass,,pass,,pass,,pass,,False,correct,,10.1016_j.sse.2022.108584,10.1016_j.sse.2022.108584-E005,model_sweep,2,a,t_p < 0.1 s,feature_length,100,μm,,direct,caption,figure,geometry,L = 100μm,figure 2 caption
10.1016_j.sse.2022.108584::10.1016_j.sse.2022.108584-E006::0,series label,pass,,True,pass,,pass,,pass,,pass,,pass,,pass,,False,correct,,10.1016_j.sse.2022.108584,10.1016_j.sse.2022.108584-E006,imported_literature_data,4,a,"Arts 2019, 310 °C",deposition_temperature,310,°C,,direct,series_label,series,temperature,310 °C,"series label 'Arts 2019, 310 °C' (axis 'temperature')"
10.1016_j.sse.2022.108584::10.1016_j.sse.2022.108584-E006::3,document body,pass,,True,pass,,pass,,pass,,pass,,pass,,pass,,False,correct,,10.1016_j.sse.2022.108584,10.1016_j.sse.2022.108584-E006,imported_literature_data,4,a,"Arts 2019, 310 °C",growth_per_cycle,1.12,Å/cycle,,approximate,body,series,gpc,GPC of 1.12 Å,reference-scoped statement in document.md
10.1016_j.sse.2022.108584::10.1016_j.sse.2022.108584-E006::5,document body,pass,,True,pass,,pass,,pass,,pass,,pass,,pass,,False,correct,,10.1016_j.sse.2022.108584,10.1016_j.sse.2022.108584-E006,imported_literature_data,4,a,"Arts 2019, 310 °C",feature_length,5000,μm,,direct,body,series,geometry,L = 5000μm,reference-scoped statement in document.md
10.1016_j.sse.2022.108584::10.1016_j.sse.2022.108584-E008::1,document body,pass,,True,pass,,pass,,pass,,pass,,pass,,pass,,False,correct,,10.1016_j.sse.2022.108584,10.1016_j.sse.2022.108584-E008,imported_literature_data,4,a,"Arts 2019, 220 °C",exposure,750,mTorr*s,,estimated,body,series,exposure,750 mTorr ⋅ s,reference-scoped statement in document.md
10.1016_j.sse.2022.108584::10.1016_j.sse.2022.108584-E008::4,document body,pass,,True,pass,,pass,,pass,,pass,,pass,,pass,,False,correct,,10.1016_j.sse.2022.108584,10.1016_j.sse.2022.108584-E008,imported_literature_data,4,a,"Arts 2019, 220 °C",feature_height,0.5,μm,,direct,body,series,geometry,d = 0.5 μm,reference-scoped statement in document.md
10.1016_j.sse.2022.108584::10.1016_j.sse.2022.108584-E010::2,document body,pass,,True,pass,,pass,,pass,,pass,,pass,,pass,,False,correct,,10.1016_j.sse.2022.108584,10.1016_j.sse.2022.108584-E010,imported_literature_data,4,a,"Arts 2019, 150 °C",cycle_number,400,cycle,,approximate,body,series,cycle,400 ALD cycles,reference-scoped statement in document.md
10.1016_j.sse.2022.108584::10.1016_j.sse.2022.108584-E020::2,document body,pass,,True,pass,,pass,,pass,,pass,,pass,,pass,,False,correct,,10.1016_j.sse.2022.108584,10.1016_j.sse.2022.108584-E020,imported_literature_data,6,a,Arts 2019,cycle_number,400,cycle,,approximate,body,series,cycle,400 ALD cycles,reference-scoped statement in document.md
10.1016_j.sse.2022.108584::10.1016_j.sse.2022.108584-E022::0,series label,pass,,True,pass,,pass,,pass,,pass,,pass,,pass,,False,correct,,10.1016_j.sse.2022.108584,10.1016_j.sse.2022.108584-E022,imported_literature_data,7,a,"Yim and Ylivaara 2020, d = 0.5 µm",feature_height,0.5,µm,,direct,series_label,series,geometry,d = 0.5 µm,"series label 'Yim and Ylivaara 2020, d = 0.5 µm' (axis 'initial opening d')"
10.1016_j.sse.2022.108584::10.1016_j.sse.2022.108584-E023::0,series label,pass,,True,pass,,pass,,pass,,pass,,pass,,pass,,False,correct,,10.1016_j.sse.2022.108584,10.1016_j.sse.2022.108584-E023,imported_literature_data,7,a,"Yim and Ylivaara 2020, d = 0.1 µm",feature_height,0.1,µm,,direct,series_label,series,geometry,d = 0.1 µm,"series label 'Yim and Ylivaara 2020, d = 0.1 µm' (axis 'initial opening d')"
10.1016_j.sse.2022.108584::10.1016_j.sse.2022.108584-E023::1,document body,pass,,True,pass,,pass,,pass,,pass,,pass,,pass,,False,correct,,10.1016_j.sse.2022.108584,10.1016_j.sse.2022.108584-E023,imported_literature_data,7,a,"Yim and Ylivaara 2020, d = 0.1 µm",precursor_partial_pressure,160,mTorr,,estimated,body,series,pressure,p A = 160 mTorr,reference-scoped statement in document.md
10.1016_j.tsf.2012.11.127::10.1016_j.tsf.2012.11.127-E000::0,caption,pass,,True,pass,,pass,,pass,,pass,,pass,,pass,,False,correct,,10.1016_j.tsf.2012.11.127,10.1016_j.tsf.2012.11.127-E000,discrete_experimental_sweep,2,a,Thickness,growth_per_cycle,0.13,Å/cycle,,direct,caption,figure,gpc,0.13 Å/cycle,figure 2 caption
10.1016_j.tsf.2012.11.127::10.1016_j.tsf.2012.11.127-E010::0,methods section,pass,,True,pass,,pass,,pass,,pass,,pass,,pass,,False,correct,,10.1016_j.tsf.2012.11.127,10.1016_j.tsf.2012.11.127-E010,multi_output_measurement,4,b,Fe:Zr 1:135,deposition_temperature,350,°C,,direct,methods,method,temperature,growth temperature was maintained at 350°C,methods section
10.1021_acs.chemmater.2c01154::10.1021_acs.chemmater.2c01154-E009::1,figure body,pass,,True,pass,,pass,,pass,,pass,,pass,,pass,,False,correct,,10.1021_acs.chemmater.2c01154,10.1021_acs.chemmater.2c01154-E009,multi_output_measurement,1,b,30 cyc (2.6 nm),deposition_temperature,150,°C,,direct,body,figure,temperature,grown at 150 ° C,document.md near Fig 1
10.1021_acs.chemmater.2c01154::10.1021_acs.chemmater.2c01154-E017::1,caption,pass,,True,pass,,pass,,pass,,pass,,pass,,pass,,False,correct,,10.1021_acs.chemmater.2c01154,10.1021_acs.chemmater.2c01154-E017,discrete_experimental_sweep,4,a,250 °C,cycle_number,-140,cycle,,direct,caption,figure,cycle,-140 ALD cycles,figure 4 caption
10.1021_acs.chemmater.2c01154::10.1021_acs.chemmater.2c01154-E022::0,figure body,pass,,True,pass,,pass,,pass,,pass,,pass,,pass,,False,correct,,10.1021_acs.chemmater.2c01154,10.1021_acs.chemmater.2c01154-E022,multi_output_measurement,5,a,0.80,deposition_temperature,150,°C,,direct,body,figure,temperature,grown at 150 ° C,document.md near Fig 5
10.1021_acs.chemmater.2c01154::10.1021_acs.chemmater.2c01154-E033::0,figure body,pass,,True,pass,,pass,,pass,,pass,,pass,,pass,,False,correct,,10.1021_acs.chemmater.2c01154,10.1021_acs.chemmater.2c01154-E033,discrete_experimental_sweep,7,a,0.50,cycle_number,100,cycle,,direct,body,figure,cycle,100 cycles,document.md near Fig 7
10.1021_acs.chemmater.2c01154::10.1021_acs.chemmater.2c01154-E038::0,caption panel clause,pass,,True,pass,,pass,,pass,,pass,,pass,,pass,,False,correct,,10.1021_acs.chemmater.2c01154,10.1021_acs.chemmater.2c01154-E038,discrete_experimental_sweep,7,b,0.20,cycle_number,100,cycle,,direct,caption,panel,cycle,100 cycles,"figure 7 caption, panel (b)"
10.1021_acs.chemmater.2c01154::10.1021_acs.chemmater.2c01154-E042::0,caption panel clause,pass,,True,pass,,pass,,pass,,pass,,pass,,pass,,False,correct,,10.1021_acs.chemmater.2c01154,10.1021_acs.chemmater.2c01154-E042,discrete_experimental_sweep,7,b,0.80,cycle_number,100,cycle,,direct,caption,panel,cycle,100 cycles,"figure 7 caption, panel (b)"
10.1021_acs.chemmater.2c02292::10.1021_acs.chemmater.2c02292-E015::0,caption,pass,,True,unverifiable,re-typed as [],pass,,pass,,unverifiable,re-derived None vs stored 'direct',pass,,pass,,False,correct,,10.1021_acs.chemmater.2c02292,10.1021_acs.chemmater.2c02292-E015,multi_output_measurement,3,a,Annealed in He,temperature,800,°C,,direct,caption,figure,temperature,800 °C,figure caption
10.1021_acs.chemmater.2c02292::10.1021_acs.chemmater.2c02292-E026::1,figure body,pass,,True,pass,,pass,,pass,,pass,,pass,,pass,,False,correct,,10.1021_acs.chemmater.2c02292,10.1021_acs.chemmater.2c02292-E026,discrete_experimental_sweep,5,a,2-propanol,pulse_time,25,s,,direct,body,figure,pulse,pulses and 25s,document.md near Fig 5
10.1021_acs.jpcc.9b08176::10.1021_acs.jpcc.9b08176-E002::1,methods section,pass,,True,pass,,pass,,pass,,pass,,pass,,pass,,False,correct,,10.1021_acs.jpcc.9b08176,10.1021_acs.jpcc.9b08176-E002,model_sweep,1,b,r=10^-3,flow_rate,50,sccm,,direct,methods,method,flow,50 sccm,methods section
10.1021_acs.jpcc.9b08176::10.1021_acs.jpcc.9b08176-E010::0,methods section,pass,,True,pass,,pass,,pass,,pass,,pass,,pass,,False,correct,,10.1021_acs.jpcc.9b08176,10.1021_acs.jpcc.9b08176-E010,discrete_experimental_sweep,2,a,<single>,flow_rate,50,sccm,,direct,methods,method,flow,50 sccm,methods section
10.1021_acs.jpcc.9b08176::10.1021_acs.jpcc.9b08176-E012::0,methods section,pass,,True,pass,,pass,,pass,,pass,,pass,,pass,,False,correct,,10.1021_acs.jpcc.9b08176,10.1021_acs.jpcc.9b08176-E012,discrete_experimental_sweep,2,a,<single>,flow_rate,50,sccm,,direct,methods,method,flow,50 sccm,methods section
10.1039_c5tc03561a::10.1039_c5tc03561a-E006::2,methods section,pass,,True,pass,,pass,,pass,,pass,,pass,,pass,,False,correct,,10.1039_c5tc03561a,10.1039_c5tc03561a-E006,multi_output_measurement,4,a,C,flow_rate,10,sccm,Ar,direct,methods,method,flow,10 sccm of Ar,methods section
10.1039_c5tc03561a::10.1039_c5tc03561a-E007::2,methods section,pass,,True,pass,,pass,,pass,,pass,,pass,,pass,,False,correct,,10.1039_c5tc03561a,10.1039_c5tc03561a-E007,multi_output_measurement,4,a,Si,flow_rate,10,sccm,Ar,direct,methods,method,flow,10 sccm of Ar,methods section
10.1039_c5tc03561a::10.1039_c5tc03561a-E008::2,figure body,pass,,True,pass,,pass,,pass,,pass,,pass,,pass,,False,correct,,10.1039_c5tc03561a,10.1039_c5tc03561a-E008,multi_output_measurement,7,a,Ti,purge_time,60,s,,direct,body,figure,purge,purging step (60 s,document.md near Fig 7
10.1039_c5tc03561a::10.1039_c5tc03561a-E012::5,methods section,pass,,True,pass,,pass,,pass,,pass,,pass,,pass,,False,correct,,10.1039_c5tc03561a,10.1039_c5tc03561a-E012,multi_output_measurement,7,a,Si,flow_rate,10,sccm,Ar,direct,methods,method,flow,10 sccm of Ar,methods section
10.1039_c6dt03571j::10.1039_c6dt03571j-E000::4,figure body,pass,,True,pass,,pass,,pass,,pass,,pass,,pass,,False,correct,,10.1039_c6dt03571j,10.1039_c6dt03571j-E000,discrete_experimental_sweep,5,a,<single>,pulse_time,4,s,H2O,direct,body,figure,pulse,pulses of 4 s,document.md near Fig 5
10.1039_c6dt03571j::10.1039_c6dt03571j-E003::0,caption panel clause,pass,,True,pass,,pass,,pass,,pass,,pass,,pass,,False,correct,,10.1039_c6dt03571j,10.1039_c6dt03571j-E003,discrete_experimental_sweep,5,d,<single>,deposition_temperature,225,°C,,direct,caption,panel,temperature,carried out at 225 °C,"figure 5 caption, panel (d)"
10.1039_c6dt03571j::10.1039_c6dt03571j-E009::0,series label,pass,,False,pass,,pass,,pass,,pass,,pass,,pass,,False,correct,,10.1039_c6dt03571j,10.1039_c6dt03571j-E009,multi_output_measurement,6,a,275°C,deposition_temperature,275,°C,,direct,series_label,series,temperature,275°C,series label '275°C' (axis 'temperature')
10.1039_c6dt03571j::10.1039_c6dt03571j-E015::0,series label,pass,,False,pass,,pass,,pass,,pass,,pass,,pass,,False,correct,,10.1039_c6dt03571j,10.1039_c6dt03571j-E015,unknown,7,a,250°C,deposition_temperature,250,°C,,direct,series_label,series,temperature,250°C,series label '250°C' (axis 'temperature')
10.1039_c6dt03571j::10.1039_c6dt03571j-E024::0,figure body,pass,,True,pass,,pass,,pass,,pass,,pass,,pass,,False,correct,,10.1039_c6dt03571j,10.1039_c6dt03571j-E024,unknown,9,a,<single>,deposition_temperature,225,°C,,derived,body,figure,temperature,deposited at 225 °C,document.md near Fig 9
10.1039_c7ra07722j::10.1039_c7ra07722j-E015::4,methods section,pass,,True,pass,,pass,,pass,,pass,,pass,,pass,,False,correct,,10.1039_c7ra07722j,10.1039_c7ra07722j-E015,discrete_experimental_sweep,4,a,275 °C,cycle_number,10,cycle,,direct,methods,method,cycle,10 cycles,methods section
10.1039_c7ra07722j::10.1039_c7ra07722j-E016::0,series label,pass,,True,pass,,pass,,pass,,pass,,pass,,pass,,False,correct,,10.1039_c7ra07722j,10.1039_c7ra07722j-E016,discrete_experimental_sweep,4,a,300 °C,deposition_temperature,300,°C,,direct,series_label,series,temperature,300 °C,series label '300 °C' (axis 'deposition_temperature')
10.1039_c7ra07722j::10.1039_c7ra07722j-E016::3,methods section,pass,,True,pass,,pass,,pass,,pass,,pass,,pass,,False,correct,,10.1039_c7ra07722j,10.1039_c7ra07722j-E016,discrete_experimental_sweep,4,a,300 °C,base_pressure,1e-8,mbar,,direct,methods,method,pressure,base pressure of the system was 1e-8 mbar,methods section
10.1039_c7ra07722j::10.1039_c7ra07722j-E018::0,series label,pass,,False,pass,,pass,,pass,,pass,,pass,,pass,,False,correct,,10.1039_c7ra07722j,10.1039_c7ra07722j-E018,discrete_experimental_sweep,5,a,5 s plasma,exposure,5,s,,direct,series_label,series,exposure,5 s,series label '5 s plasma' (axis 'plasma exposure time')
10.1039_c7ra07722j::10.1039_c7ra07722j-E019::3,figure body,pass,,True,pass,,pass,,pass,,pass,,pass,,pass,,False,correct,,10.1039_c7ra07722j,10.1039_c7ra07722j-E019,discrete_experimental_sweep,5,a,20 s plasma,pulse_time,50,ms,H2O,direct,body,figure,pulse,pulsed 20 times for 50 ms,document.md near Fig 5
10.1039_c7ra07722j::10.1039_c7ra07722j-E024::0,series label,pass,,True,pass,,pass,,pass,,pass,,pass,,pass,,False,correct,,10.1039_c7ra07722j,10.1039_c7ra07722j-E024,multi_output_measurement,7,a,Thermal 300 °C,deposition_temperature,300,°C,,direct,series_label,series,temperature,300 °C,series label 'Thermal 300 °C' (axis 'process type and temperature')
10.1039_c7ra07722j::10.1039_c7ra07722j-E030::1,methods section,pass,,True,pass,,pass,,pass,,pass,,pass,,pass,,False,correct,,10.1039_c7ra07722j,10.1039_c7ra07722j-E030,continuous_trace,10,a,Plasma,cycle_number,10,cycle,,direct,methods,method,cycle,10 cycles,methods section
10.1039_c7ra07722j::10.1039_c7ra07722j-E032::1,methods section,pass,,True,pass,,pass,,pass,,pass,,pass,,pass,,False,correct,,10.1039_c7ra07722j,10.1039_c7ra07722j-E032,fit,10,a,Plasma fit,cycle_number,10,cycle,,direct,methods,method,cycle,10 cycles,methods section
10.1039_d0cp03358h::10.1039_d0cp03358h-E001::1,methods section,pass,,True,pass,,pass,,pass,,pass,,pass,,pass,,False,correct,,10.1039_d0cp03358h,10.1039_d0cp03358h-E001,experimental_profile,2,b,<single>,deposition_temperature,300,°C,,direct,methods,method,temperature,grown at 300 °C,methods section
10.1039_d0cp03358h::10.1039_d0cp03358h-E004::4,methods section,pass,,True,pass,,pass,,pass,,pass,,pass,,pass,,False,correct,,10.1039_d0cp03358h,10.1039_d0cp03358h-E004,simulation,3,a,simulated profile,feature_height,500,nm,,direct,methods,method,geometry,channel height: 500 nm,methods section
10.1039_d0cp03358h::10.1039_d0cp03358h-E011::3,methods section,pass,,True,pass,,pass,,pass,,pass,,pass,,pass,,False,correct,,10.1039_d0cp03358h,10.1039_d0cp03358h-E011,experimental_profile,7,a,X50 (5 μm),deposition_temperature,300,°C,,direct,methods,method,temperature,grown at 300 °C,methods section
10.1039_d0cp03358h::10.1039_d0cp03358h-E013::1,figure body,pass,,True,pass,,pass,,pass,,pass,,pass,,pass,,False,correct,,10.1039_d0cp03358h,10.1039_d0cp03358h-E013,experimental_profile,8,a,0.5,feature_height,500,nm,,direct,body,figure,geometry,channel height of 500 nm,document.md near Fig 8
10.1039_d0cp03358h::10.1039_d0cp03358h-E016::1,caption panel clause,pass,,True,pass,,pass,,pass,,pass,,pass,,pass,,False,correct,,10.1039_d0cp03358h,10.1039_d0cp03358h-E016,experimental_profile,8,b,Sample 2,feature_height,500,nm,,direct,caption,panel,geometry,channel height of 500 nm,"figure 8 caption, panel (b)"
10.1039_d0cp03358h::10.1039_d0cp03358h-E018::3,methods section,pass,,True,pass,,pass,,pass,,pass,,pass,,pass,,False,correct,,10.1039_d0cp03358h,10.1039_d0cp03358h-E018,experimental_profile,8,b,Sample 8,deposition_temperature,300,°C,,direct,methods,method,temperature,grown at 300 °C,methods section
10.1039_d0cp03358h::10.1039_d0cp03358h-E022::1,methods section,pass,,True,pass,,pass,,pass,,pass,,pass,,pass,,False,correct,,10.1039_d0cp03358h,10.1039_d0cp03358h-E022,experimental_profile,9,a,2000 nm,working_pressure,3,hPa,,approximate,methods,method,pressure,process pressure was ca. 3 hPa,methods section
10.1039_d0cp03358h::10.1039_d0cp03358h-E023::3,methods section,pass,,True,pass,,pass,,pass,,pass,,pass,,pass,,False,correct,,10.1039_d0cp03358h,10.1039_d0cp03358h-E023,experimental_profile,9,b,100 nm,flow_rate,150,sccm,N2,approximate,methods,method,flow,flow rate of 150 sccm,methods section
10.1039_d0cp03358h::10.1039_d0cp03358h-E025::0,series label,pass,,True,pass,,pass,,pass,,pass,,pass,,pass,,False,correct,,10.1039_d0cp03358h,10.1039_d0cp03358h-E025,experimental_profile,9,b,2000 nm,feature_height,2000,nm,,direct,series_label,series,geometry,2000 nm,series label '2000 nm' (axis 'channel height')
10.1039_d0cp03358h::10.1039_d0cp03358h-E025::3,methods section,pass,,True,pass,,pass,,pass,,pass,,pass,,pass,,False,correct,,10.1039_d0cp03358h,10.1039_d0cp03358h-E025,experimental_profile,9,b,2000 nm,flow_rate,150,sccm,N2,approximate,methods,method,flow,flow rate of 150 sccm,methods section
10.1039_d0cp03358h::10.1039_d0cp03358h-E027::1,methods section,pass,,True,pass,,pass,,pass,,pass,,pass,,pass,,False,correct,,10.1039_d0cp03358h,10.1039_d0cp03358h-E027,experimental_profile,9,c,500 nm,working_pressure,3,hPa,,approximate,methods,method,pressure,process pressure was ca. 3 hPa,methods section
10.1039_d0cp03358h::10.1039_d0cp03358h-E036::2,methods section,pass,,True,pass,,pass,,pass,,pass,,pass,,pass,,False,correct,,10.1039_d0cp03358h,10.1039_d0cp03358h-E036,experimental_profile,9,f,500 cycles,deposition_temperature,300,°C,,direct,methods,method,temperature,grown at 300 °C,methods section
10.1039_d0cp03358h::10.1039_d0cp03358h-E037::3,methods section,pass,,True,pass,,pass,,pass,,pass,,pass,,pass,,False,correct,,10.1039_d0cp03358h,10.1039_d0cp03358h-E037,experimental_profile,9,f,1000 cycles,flow_rate,150,sccm,N2,approximate,methods,method,flow,flow rate of 150 sccm,methods section
10.1039_d0cp03358h::10.1039_d0cp03358h-E038::5,"caption (full, pressure path)",pass,,True,pass,,pass,,pass,,pass,,pass,,pass,,False,correct,,10.1039_d0cp03358h,10.1039_d0cp03358h-E038,simulation,10,a,100 nm,carrier_gas_partial_pressure,300,Pa,N2,direct,caption,figure,pressure,p B = 300 Pa,figure 10 caption
10.1039_d0cp03358h::10.1039_d0cp03358h-E044::1,methods section,pass,,True,pass,,pass,,pass,,pass,,pass,,pass,,False,correct,,10.1039_d0cp03358h,10.1039_d0cp03358h-E044,simulation,10,b,200 nm,working_pressure,3,hPa,,approximate,methods,method,pressure,process pressure was ca. 3 hPa,methods section
10.1039_d0cp03358h::10.1039_d0cp03358h-E045::4,"caption (full, pressure path)",pass,,True,pass,,pass,,pass,,pass,,pass,,pass,,False,correct,,10.1039_d0cp03358h,10.1039_d0cp03358h-E045,simulation,10,b,500 nm,precursor_partial_pressure,65,Pa,TMA,direct,caption,figure,pressure,p A0 = 65 Pa,figure 10 caption
10.1039_d0cp03358h::10.1039_d0cp03358h-E047::4,"caption (full, pressure path)",pass,,True,pass,,pass,,pass,,pass,,pass,,pass,,False,correct,,10.1039_d0cp03358h,10.1039_d0cp03358h-E047,simulation,10,b,2000 nm,precursor_partial_pressure,65,Pa,TMA,direct,caption,figure,pressure,p A0 = 65 Pa,figure 10 caption
10.1039_d0cp03358h::10.1039_d0cp03358h-E048::3,methods section,pass,,True,pass,,pass,,pass,,pass,,pass,,pass,,False,correct,,10.1039_d0cp03358h,10.1039_d0cp03358h-E048,simulation,10,c,100 nm,flow_rate,150,sccm,N2,approximate,methods,method,flow,flow rate of 150 sccm,methods section
10.1039_d0cp03358h::10.1039_d0cp03358h-E052::5,"caption (full, pressure path)",pass,,True,pass,,pass,,pass,,pass,,pass,,pass,,False,correct,,10.1039_d0cp03358h,10.1039_d0cp03358h-E052,simulation,10,c,2000 nm,carrier_gas_partial_pressure,300,Pa,N2,direct,caption,figure,pressure,p B = 300 Pa,figure 10 caption
10.1039_d0cp03358h::10.1039_d0cp03358h-E053::4,"caption (full, pressure path)",pass,,True,pass,,pass,,pass,,pass,,pass,,pass,,False,correct,,10.1039_d0cp03358h,10.1039_d0cp03358h-E053,simulation,10,d,100 cycles,precursor_partial_pressure,65,Pa,TMA,direct,caption,figure,pressure,p A0 = 65 Pa,figure 10 caption
10.1039_d0cp03358h::10.1039_d0cp03358h-E054::1,methods section,pass,,True,pass,,pass,,pass,,pass,,pass,,pass,,False,correct,,10.1039_d0cp03358h,10.1039_d0cp03358h-E054,simulation,10,d,250 cycles,working_pressure,3,hPa,,approximate,methods,method,pressure,process pressure was ca. 3 hPa,methods section
10.1039_d0cp03358h::10.1039_d0cp03358h-E058::5,"caption (full, pressure path)",pass,,True,pass,,pass,,pass,,pass,,pass,,pass,,False,correct,,10.1039_d0cp03358h,10.1039_d0cp03358h-E058,simulation,10,e,100 cycles,carrier_gas_partial_pressure,300,Pa,N2,direct,caption,figure,pressure,p B = 300 Pa,figure 10 caption
10.1039_d0cp03358h::10.1039_d0cp03358h-E066::1,caption panel clause,pass,,True,pass,,pass,,pass,,pass,,pass,,pass,,False,correct,,10.1039_d0cp03358h,10.1039_d0cp03358h-E066,simulation,10,f,1000 cycles,growth_per_cycle,0.098,nm/cycle,,direct,caption,panel,gpc,gpc s at = 0.098 nm,"figure 10 caption, panel (f)"
10.1039_d0cp03358h::10.1039_d0cp03358h-E066::4,methods section,pass,,True,pass,,pass,,pass,,pass,,pass,,pass,,False,correct,,10.1039_d0cp03358h,10.1039_d0cp03358h-E066,simulation,10,f,1000 cycles,working_pressure,3,hPa,,approximate,methods,method,pressure,process pressure was ca. 3 hPa,methods section
10.1039_d0cp03358h::10.1039_d0cp03358h-E067::2,caption panel clause,pass,,True,pass,,pass,,pass,,pass,,pass,,pass,,False,correct,,10.1039_d0cp03358h,10.1039_d0cp03358h-E067,simulation,10,f,2000 cycles,precursor_partial_pressure,65,Pa,TMA,direct,caption,panel,pressure,p A0 = 65 Pa,"figure 10 caption, panel (f)"
10.1039_d0cp03358h::10.1039_d0cp03358h-E068::0,series label,pass,,False,pass,,pass,,pass,,pass,,pass,,pass,,False,correct,,10.1039_d0cp03358h,10.1039_d0cp03358h-E068,experimental_profile,11,a,0.1 s,pulse_time,0.1,s,TMA,direct,series_label,series,pulse,0.1 s,series label '0.1 s' (axis 'TMA pulse time')
10.1039_d0cp03358h::10.1039_d0cp03358h-E069::0,series label,pass,,False,pass,,pass,,pass,,pass,,pass,,pass,,False,correct,,10.1039_d0cp03358h,10.1039_d0cp03358h-E069,experimental_profile,11,a,0.2 s,pulse_time,0.2,s,TMA,direct,series_label,series,pulse,0.2 s,series label '0.2 s' (axis 'TMA pulse time')
10.1039_d0cp03358h::10.1039_d0cp03358h-E070::2,figure body,pass,,True,pass,,pass,,pass,,pass,,pass,,pass,,False,correct,,10.1039_d0cp03358h,10.1039_d0cp03358h-E070,experimental_profile,11,a,0.4 s,feature_height,500,nm,,direct,body,figure,geometry,channel height of 500 nm,document.md near Fig 11
10.1039_d0cp03358h::10.1039_d0cp03358h-E070::5,methods section,pass,,True,pass,,pass,,pass,,pass,,pass,,pass,,False,correct,,10.1039_d0cp03358h,10.1039_d0cp03358h-E070,experimental_profile,11,a,0.4 s,flow_rate,150,sccm,N2,approximate,methods,method,flow,flow rate of 150 sccm,methods section
10.1039_d0cp03358h::10.1039_d0cp03358h-E071::0,series label,pass,,False,pass,,pass,,pass,,pass,,pass,,pass,,False,correct,,10.1039_d0cp03358h,10.1039_d0cp03358h-E071,experimental_profile,11,b,1 s,purge_time,1,s,,direct,series_label,series,purge,1 s,series label '1 s' (axis 'purge time')
10.1039_d0cp03358h::10.1039_d0cp03358h-E072::5,methods section,pass,,True,pass,,pass,,pass,,pass,,pass,,pass,,False,correct,,10.1039_d0cp03358h,10.1039_d0cp03358h-E072,experimental_profile,11,b,4 s,flow_rate,150,sccm,N2,approximate,methods,method,flow,flow rate of 150 sccm,methods section
10.1039_d3dt01824e::10.1039_d3dt01824e-E000::5,methods section,pass,,True,pass,,pass,,pass,,pass,,pass,,pass,,False,correct,,10.1039_d3dt01824e,10.1039_d3dt01824e-E000,discrete_experimental_sweep,2,a,Si,flow_rate,150,sccm,,direct,methods,method,flow,150 sccm,methods section
10.1039_d3dt01824e::10.1039_d3dt01824e-E007::4,methods section,pass,,True,pass,,pass,,pass,,pass,,pass,,pass,,False,correct,,10.1039_d3dt01824e,10.1039_d3dt01824e-E007,multi_output_measurement,7,b,200 °C,flow_rate,80,sccm,N2,direct,methods,method,flow,80 sccm,methods section
10.1039_d3dt01824e::10.1039_d3dt01824e-E008::3,methods section,pass,,True,pass,,pass,,pass,,pass,,pass,,pass,,False,correct,,10.1039_d3dt01824e,10.1039_d3dt01824e-E008,multi_output_measurement,7,c,250 °C,working_pressure,-8,Torr,,direct,methods,method,pressure,chamber pressure was maintained at 3 -8 Torr,methods section
10.1039_d3dt01824e::10.1039_d3dt01824e-E011::0,figure body,pass,,True,pass,,pass,,pass,,pass,,pass,,pass,,False,correct,,10.1039_d3dt01824e,10.1039_d3dt01824e-E011,multi_output_measurement,8,a,ET=2min,deposition_temperature,200,°C,,direct,body,figure,temperature,substrate temperature of 200 °C,document.md near Fig 8
10.1039_d3dt01824e::10.1039_d3dt01824e-E014::0,figure body,pass,,True,pass,,pass,,pass,,pass,,pass,,pass,,False,correct,,10.1039_d3dt01824e,10.1039_d3dt01824e-E014,multi_output_measurement,8,a,ET=15 min,deposition_temperature,200,°C,,direct,body,figure,temperature,substrate temperature of 200 °C,document.md near Fig 8
10.1039_d3dt01824e::10.1039_d3dt01824e-E016::2,methods section,pass,,True,pass,,pass,,pass,,pass,,pass,,pass,,False,correct,,10.1039_d3dt01824e,10.1039_d3dt01824e-E016,multi_output_measurement,8,b,ET=2min,working_pressure,-8,Torr,,direct,methods,method,pressure,chamber pressure was maintained at 3 -8 Torr,methods section
10.1039_d3dt01824e::10.1039_d3dt01824e-E017::0,figure body,pass,,True,pass,,pass,,pass,,pass,,pass,,pass,,False,correct,,10.1039_d3dt01824e,10.1039_d3dt01824e-E017,multi_output_measurement,8,b,ET=5min,deposition_temperature,200,°C,,direct,body,figure,temperature,substrate temperature of 200 °C,document.md near Fig 8
10.1039_d3dt01824e::10.1039_d3dt01824e-E018::1,figure body,pass,,True,pass,,pass,,pass,,pass,,pass,,pass,,False,correct,,10.1039_d3dt01824e,10.1039_d3dt01824e-E018,multi_output_measurement,8,b,ET=10min,cycle_number,1500,cycle,,direct,body,figure,cycle,1500 cycles,document.md near Fig 8
10.1039_d3dt01824e::10.1039_d3dt01824e-E018::4,methods section,pass,,True,pass,,pass,,pass,,pass,,pass,,pass,,False,correct,,10.1039_d3dt01824e,10.1039_d3dt01824e-E018,multi_output_measurement,8,b,ET=10min,flow_rate,150,sccm,,direct,methods,method,flow,150 sccm,methods section
10.1039_d3ra05217f::10.1039_d3ra05217f-E005::1,figure body,pass,,True,pass,,pass,,pass,,pass,,pass,,pass,,False,correct,,10.1039_d3ra05217f,10.1039_d3ra05217f-E005,unknown,3,b,Y(sBuCp)3,bubbler_pressure,0.1,Torr,vapor,direct,body,figure,pressure,ched alkyl structure slightly improved the vapor pressure. Fig. 3(a) shows the TGA curves for Y( s BuCp)3 and conv,document.md near Fig 3
10.1039_d3ra05217f::10.1039_d3ra05217f-E006::0,methods section,pass,,True,pass,,pass,,pass,,pass,,pass,,pass,,False,correct,,10.1039_d3ra05217f,10.1039_d3ra05217f-E006,unknown,3,b,Y(nBuCp)3,deposition_temperature,350,°C,,direct,methods,method,temperature,deposition temperature was varied from 200 to 350 °C,methods section
10.1039_d3ra05217f::10.1039_d3ra05217f-E035::0,caption panel clause,pass,,True,pass,,pass,,pass,,pass,,pass,,pass,,False,correct,,10.1039_d3ra05217f,10.1039_d3ra05217f-E035,unknown,8,b,<single>,deposition_temperature,300,°C,,direct,caption,panel,temperature,deposition temperature for the Y2O3 layer was 300 °C,"figure 8 caption, panel (b)"
10.1063_1.5028178::10.1063_1.5028178-E000::5,methods section,pass,,True,pass,,pass,,pass,,pass,,pass,,pass,,False,correct,,10.1063_1.5028178,10.1063_1.5028178-E000,simulation,2,a,0.1 s,working_pressure,300,Pa,,approximate,methods,method,pressure,2O3 and TiO2 during the runs were appr. 300 Pa. The LHAR structures were inspected optically after the ALD before and after removing the membrane. The film grow,methods section
10.1063_1.5028178::10.1063_1.5028178-E002::1,caption,pass,,False,unverifiable,re-typed as [],pass,,pass,,unverifiable,re-derived None vs stored 'direct',pass,,pass,,False,correct,,10.1063_1.5028178,10.1063_1.5028178-E002,simulation,2,a,0.02 s,temperature,500,K,,direct,caption,figure,temperature,500K,figure caption
10.1063_1.5028178::10.1063_1.5028178-E002::3,methods section,pass,,True,pass,,pass,,pass,,pass,,pass,,pass,,False,correct,,10.1063_1.5028178,10.1063_1.5028178-E002,simulation,2,a,0.02 s,flow_rate,150,sccm,N2,approximate,methods,method,flow,150 sccm,methods section
10.1063_1.5028178::10.1063_1.5028178-E004::3,methods section,pass,,True,pass,,pass,,pass,,pass,,pass,,pass,,False,correct,,10.1063_1.5028178,10.1063_1.5028178-E004,simulation,3,a,0.01 s,flow_rate,150,sccm,N2,approximate,methods,method,flow,150 sccm,methods section
10.1063_1.5028178::10.1063_1.5028178-E005::5,methods section,pass,,True,pass,,pass,,pass,,pass,,pass,,pass,,False,correct,,10.1063_1.5028178,10.1063_1.5028178-E005,simulation,3,a,0.02 s,working_pressure,300,Pa,,approximate,methods,method,pressure,2O3 and TiO2 during the runs were appr. 300 Pa. The LHAR structures were inspected optically after the ALD before and after removing the membrane. The film grow,methods section
10.1063_1.5028178::10.1063_1.5028178-E010::1,caption,pass,,True,pass,,pass,,pass,,pass,,pass,,pass,,False,correct,,10.1063_1.5028178,10.1063_1.5028178-E010,simulation,4,a,0.5 µm,cycle_number,1000,cycle,,direct,caption,figure,cycle,1000 cycles,figure 4 caption
10.1063_1.5028178::10.1063_1.5028178-E011::1,caption,pass,,True,pass,,pass,,pass,,pass,,pass,,pass,,False,correct,,10.1063_1.5028178,10.1063_1.5028178-E011,simulation,4,a,0.2 µm,cycle_number,1000,cycle,,direct,caption,figure,cycle,1000 cycles,figure 4 caption
10.1063_1.5028178::10.1063_1.5028178-E015::2,methods section,pass,,True,pass,,pass,,pass,,pass,,pass,,pass,,False,correct,,10.1063_1.5028178,10.1063_1.5028178-E015,fit,6,a,Fitting result,generic_pressure,100,Pa,,direct,methods,method,pressure,"used: H ¼ 0.5 l m , W ¼ 0.1 mm, p A0 ¼ 100Pa, M A ¼ 0.0749 kg/mol, d A ¼ 591pm, M B ¼ 0.028 kg/mol, d B ¼ 374pm, p B ¼ 300 Pa, q ¼ 5 /C2 10 18 m -2 , T ¼ 500K, ",methods section
10.1063_1.5028178::10.1063_1.5028178-E017::0,caption,pass,,True,unverifiable,re-typed as [],pass,,pass,,unverifiable,re-derived None vs stored 'approximate',pass,,pass,,False,correct,,10.1063_1.5028178,10.1063_1.5028178-E017,fit,7,a,Fitting result,cycle_number,1000,cycle,,approximate,caption,figure,cycle,1000cycle,figure caption
10.1063_1.5028178::10.1063_1.5028178-E018::2,methods section,pass,,True,pass,,pass,,pass,,pass,,pass,,pass,,False,correct,,10.1063_1.5028178,10.1063_1.5028178-E018,experimental_profile,7,a,Measured,generic_pressure,100,Pa,,direct,methods,method,pressure,"used: H ¼ 0.5 l m , W ¼ 0.1 mm, p A0 ¼ 100Pa, M A ¼ 0.0749 kg/mol, d A ¼ 591pm, M B ¼ 0.028 kg/mol, d B ¼ 374pm, p B ¼ 300 Pa, q ¼ 5 /C2 10 18 m -2 , T ¼ 500K, ",methods section
10.1116_1.4892385::10.1116_1.4892385-E000::0,figure body,pass,,True,pass,,pass,,pass,,pass,,pass,,pass,,False,correct,,10.1116_1.4892385,10.1116_1.4892385-E000,simulation,2,a,10^22 m^-3,pulse_time,10,s,,direct,body,figure,pulse,exposure time is set to t ¼ 10 s,document.md near Fig 2
10.1116_1.4892385::10.1116_1.4892385-E001::4,methods section,pass,,True,pass,,pass,,pass,,pass,,pass,,pass,,False,correct,,10.1116_1.4892385,10.1116_1.4892385-E001,simulation,2,a,4·10^22 m^-3,pulse_time,8,s,Ar,direct,methods,method,pulse,exposure (8s,methods section
10.1116_6.0002154::10.1116_6.0002154-E012::1,figure body,pass,,True,pass,,pass,,pass,,pass,,pass,,pass,,False,correct,,10.1116_6.0002154,10.1116_6.0002154-E012,discrete_experimental_sweep,4,c,Mo,bubbler_pressure,0.4,Torr,vapor,direct,body,figure,pressure,in films were deposited using the synthesized Mo precursor. Figure 4 shows AES data of MoNx films deposited,document.md near Fig 4
10.1116_6.0002154::10.1116_6.0002154-E014::0,methods section,pass,,True,pass,,pass,,pass,,pass,,pass,,pass,,False,correct,,10.1116_6.0002154,10.1116_6.0002154-E014,discrete_experimental_sweep,4,c,N,working_pressure,0.5,Torr,,direct,methods,method,pressure,process pressure was kept constant at 0.5 Torr,methods section
10.1116_6.0002436::10.1116_6.0002436-E001::1,caption panel clause,pass,,True,pass,,pass,,pass,,pass,,pass,,pass,,False,correct,,10.1116_6.0002436,10.1116_6.0002436-E001,discrete_experimental_sweep,1,b,SUP,purge_time,20,s,,direct,caption,panel,purge,purge + O 3 + 20 s,"figure 1 caption, panel (b)"
10.1116_6.0002436::10.1116_6.0002436-E013::1,caption,pass,,True,unverifiable,re-typed as [],pass,,pass,,unverifiable,re-derived None vs stored 'direct',pass,,pass,,False,correct,,10.1116_6.0002436,10.1116_6.0002436-E013,multi_output_measurement,4,a,200°C,temperature,350,°C,,direct,caption,figure,temperature,350 °C,figure caption
10.1116_6.0002436::10.1116_6.0002436-E027::1,methods section,pass,,True,pass,,pass,,pass,,pass,,pass,,pass,,False,correct,,10.1116_6.0002436,10.1116_6.0002436-E027,multi_output_measurement,6,a,iPrCp-Mo As dep,pulse_time,40,s,O3,direct,methods,method,pulse,pulsed for 4 and 40 s,methods section
10.1116_6.0002804::10.1116_6.0002804-E001::1,methods section,pass,,True,pass,,pass,,pass,,pass,,pass,,pass,,False,correct,,10.1116_6.0002804,10.1116_6.0002804-E001,discrete_experimental_sweep,1,b,<single>,cycle_number,400,cycle,,direct,methods,method,cycle,400 ALD cycles,methods section
10.1116_6.0002804::10.1116_6.0002804-E001::2,methods section,pass,,True,pass,,pass,,pass,,pass,,pass,,pass,,False,correct,,10.1116_6.0002804,10.1116_6.0002804-E001,discrete_experimental_sweep,1,b,<single>,pulse_time,1,s,MoCl2O2,direct,methods,method,pulse,pulse of 1s,methods section
10.1116_6.0002804::10.1116_6.0002804-E004::0,caption preamble,pass,,True,unverifiable,re-typed as [],pass,,pass,,unverifiable,re-derived None vs stored 'direct',pass,,pass,,False,correct,,10.1116_6.0002804,10.1116_6.0002804-E004,discrete_experimental_sweep,1,e,<single>,temperature,350,°C,,direct,caption,figure,temperature,350 °C,figure caption
10.1116_6.0002804::10.1116_6.0002804-E008::0,figure body,pass,,True,pass,,pass,,pass,,pass,,pass,,pass,,False,correct,,10.1116_6.0002804,10.1116_6.0002804-E008,discrete_experimental_sweep,2,a,ALD XRR,growth_per_cycle,0.022,nm/cycle,,direct,body,figure,gpc,0.022 nm/cycle,document.md near Fig 2
10.1116_6.0002804::10.1116_6.0002804-E011::1,figure body,pass,,True,pass,,pass,,pass,,pass,,pass,,pass,,False,correct,,10.1116_6.0002804,10.1116_6.0002804-E011,unknown,4,b,H2O,pulse_time,1,s,at-H,direct,body,figure,pulse,pulse of 1s,document.md near Fig 4
10.1116_6.0002804::10.1116_6.0002804-E016::0,methods section,pass,,True,pass,,pass,,pass,,pass,,pass,,pass,,False,correct,,10.1116_6.0002804,10.1116_6.0002804-E016,discrete_experimental_sweep,5,,O,cycle_number,400,cycle,,direct,methods,method,cycle,400 ALD cycles,methods section
10.1116_6.0002804::10.1116_6.0002804-E018::0,methods section,pass,,True,pass,,pass,,pass,,pass,,pass,,pass,,False,correct,,10.1116_6.0002804,10.1116_6.0002804-E018,discrete_experimental_sweep,5,,C,cycle_number,400,cycle,,direct,methods,method,cycle,400 ALD cycles,methods section
10.1116_6.0002804::10.1116_6.0002804-E019::2,methods section,pass,,True,pass,,pass,,pass,,pass,,pass,,pass,,False,correct,,10.1116_6.0002804,10.1116_6.0002804-E019,discrete_experimental_sweep,5,,N,pulse_time,1,s,at-H,direct,methods,method,pulse,pulse of 1s,methods section
10.1116_6.0002804::10.1116_6.0002804-E029::1,methods section,pass,,True,pass,,pass,,pass,,pass,,pass,,pass,,False,correct,,10.1116_6.0002804,10.1116_6.0002804-E029,discrete_experimental_sweep,5,,C,pulse_time,1,s,MoCl2O2,direct,methods,method,pulse,pulse of 1s,methods section
10.1116_6.0002804::10.1116_6.0002804-E030::1,methods section,pass,,True,pass,,pass,,pass,,pass,,pass,,pass,,False,correct,,10.1116_6.0002804,10.1116_6.0002804-E030,discrete_experimental_sweep,5,,N,pulse_time,1,s,MoCl2O2,direct,methods,method,pulse,pulse of 1s,methods section
10.3762_bjnano.14.89::10.3762_bjnano.14.89-E004::0,methods section,pass,,True,pass,,pass,,pass,,pass,,pass,,pass,,False,correct,,10.3762_bjnano.14.89,10.3762_bjnano.14.89-E004,continuous_trace,2,b,2-2-2-5 s,deposition_temperature,300,°C,,direct,methods,method,temperature,carried out at 300 °C,methods section
10.3762_bjnano.14.89::10.3762_bjnano.14.89-E013::1,methods section,pass,,True,pass,,pass,,pass,,pass,,pass,,pass,,False,correct,,10.3762_bjnano.14.89,10.3762_bjnano.14.89-E013,multi_output_measurement,8,a,250 °C,growth_per_cycle,0.27,nm/cycle,,direct,methods,method,gpc,0.27 nm/cycle,methods section
10.3762_bjnano.5.25::10.3762_bjnano.5.25-E003::0,figure body,pass,,True,pass,,pass,,pass,,pass,,pass,,pass,,False,correct,,10.3762_bjnano.5.25,10.3762_bjnano.5.25-E003,simulation,3,b,10^-4,pulse_time,50,ms,,direct,body,figure,pulse,exposure to the precursor of 50 ms,document.md near Fig 3
10.3762_bjnano.5.25::10.3762_bjnano.5.25-E011::2,methods section,pass,,True,pass,,pass,,pass,,pass,,pass,,pass,,False,correct,,10.3762_bjnano.5.25,10.3762_bjnano.5.25-E011,simulation,3,d,x_p ∝ √(D_k),purge_time,0.2,s,,direct,methods,method,purge,purge and two sequential 0.2 s,methods section
10.3762_bjnano.5.25::10.3762_bjnano.5.25-E014::0,series label,pass,,True,pass,,pass,,pass,,pass,,pass,,pass,,False,correct,,10.3762_bjnano.5.25,10.3762_bjnano.5.25-E014,simulation,5,a,10 cycles,cycle_number,10,cycles,,direct,series_label,series,cycle,10 cycles,series label '10 cycles' (axis 'cycle_number')
10.3762_bjnano.5.25::10.3762_bjnano.5.25-E015::1,caption panel clause,pass,,True,pass,,pass,,pass,,pass,,pass,,pass,,False,correct,,10.3762_bjnano.5.25,10.3762_bjnano.5.25-E015,simulation,5,a,20 cycles,pulse_time,50,ms,,direct,caption,panel,pulse,exposure time (50 ms,"figure 5 caption, panel (a)"
10.3762_bjnano.5.25::10.3762_bjnano.5.25-E016::1,caption panel clause,pass,,True,pass,,pass,,pass,,pass,,pass,,pass,,False,correct,,10.3762_bjnano.5.25,10.3762_bjnano.5.25-E016,simulation,5,a,30 cycles,pulse_time,50,ms,,direct,caption,panel,pulse,exposure time (50 ms,"figure 5 caption, panel (a)"
10.3762_bjnano.5.25::10.3762_bjnano.5.25-E024::0,series label,pass,,True,pass,,pass,,pass,,pass,,pass,,pass,,False,correct,,10.3762_bjnano.5.25,10.3762_bjnano.5.25-E024,simulation,5,b,10 cycles,cycle_number,10,cycles,,direct,series_label,series,cycle,10 cycles,series label '10 cycles' (axis 'cycle_number')
10.3762_bjnano.5.25::10.3762_bjnano.5.25-E034::0,series label,pass,,True,pass,,pass,,pass,,pass,,pass,,pass,,False,correct,,10.3762_bjnano.5.25,10.3762_bjnano.5.25-E034,experimental_profile,6,b,400 cycles,cycle_number,400,cycles,,direct,series_label,series,cycle,400 cycles,series label '400 cycles' (axis 'number of cycles')
10.3762_bjnano.5.25::10.3762_bjnano.5.25-E037::1,caption panel clause,pass,,True,pass,,pass,,pass,,pass,,pass,,pass,,False,correct,,10.3762_bjnano.5.25,10.3762_bjnano.5.25-E037,experimental_profile,6,c,200 cycles,pulse_time,0.2,s,,direct,caption,panel,pulse,exposure time was fixed at 0.2 s,"figure 6 caption, panel (c)"
